timestamp,open,high,low,close
2026-08-17 07:00:00+09:00,184.342,184.43,184.342,184.411
2026-08-17 07:05:00+09:00,184.413,184.413,184.394,184.403
2026-08-17 07:10:00+09:00,184.403,184.429,184.395,184.416
2026-08-17 07:15:00+09:00,184.416,184.422,184.405,184.406
2026-08-17 07:20:00+09:00,184.406,184.407,184.371,184.375
2026-08-17 07:25:00+09:00,184.375,184.38,184.368,184.371
2026-08-17 07:30:00+09:00,184.371,184.377,184.346,184.363
2026-08-17 07:35:00+09:00,184.363,184.372,184.318,184.337
2026-08-17 07:40:00+09:00,184.337,184.362,184.336,184.359
2026-08-17 07:45:00+09:00,184.359,184.361,184.33,184.332
2026-08-17 07:50:00+09:00,184.332,184.341,184.315,184.326
2026-08-17 07:55:00+09:00,184.327,184.356,184.278,184.278
2026-08-17 08:00:00+09:00,184.278,184.278,184.222,184.234
2026-08-17 08:05:00+09:00,184.234,184.269,184.229,184.252
2026-08-17 08:10:00+09:00,184.252,184.293,184.246,184.287
2026-08-17 08:15:00+09:00,184.287,184.323,184.281,184.322
2026-08-17 08:20:00+09:00,184.322,184.325,184.301,184.307
2026-08-17 08:25:00+09:00,184.307,184.309,184.292,184.293
2026-08-17 08:30:00+09:00,184.293,184.303,184.29,184.298
2026-08-17 08:35:00+09:00,184.298,184.299,184.28,184.293
2026-08-17 08:40:00+09:00,184.293,184.293,184.253,184.266
2026-08-17 08:45:00+09:00,184.266,184.29,184.266,184.283
2026-08-17 08:50:00+09:00,184.283,184.329,184.283,184.309
2026-08-17 08:55:00+09:00,184.309,184.311,184.294,184.299
2026-08-17 09:00:00+09:00,184.299,184.347,184.257,184.287
2026-08-17 09:05:00+09:00,184.287,184.321,184.286,184.304
2026-08-17 09:10:00+09:00,184.304,184.304,184.275,184.294
2026-08-17 09:15:00+09:00,184.294,184.294,184.243,184.247
2026-08-17 09:20:00+09:00,184.247,184.247,184.168,184.184
2026-08-17 09:25:00+09:00,184.184,184.23,184.17,184.228
2026-08-17 09:30:00+09:00,184.228,184.23,184.182,184.198
2026-08-17 09:35:00+09:00,184.199,184.204,184.178,184.186
2026-08-17 09:40:00+09:00,184.186,184.204,184.17,184.203
2026-08-17 09:45:00+09:00,184.203,184.215,184.198,184.207
2026-08-17 09:50:00+09:00,184.207,184.236,184.142,184.182
2026-08-17 09:55:00+09:00,184.182,184.186,184.133,184.151
2026-08-17 10:00:00+09:00,184.151,184.204,184.127,184.19
2026-08-17 10:05:00+09:00,184.19,184.195,184.156,184.187
2026-08-17 10:10:00+09:00,184.187,184.187,184.154,184.171
2026-08-17 10:15:00+09:00,184.171,184.179,184.154,184.17
2026-08-17 10:20:00+09:00,184.17,184.205,184.169,184.19
2026-08-17 10:25:00+09:00,184.19,184.214,184.188,184.198
2026-08-17 10:30:00+09:00,184.197,184.211,184.175,184.204
2026-08-17 10:35:00+09:00,184.204,184.232,184.197,184.23
2026-08-17 10:40:00+09:00,184.23,184.272,184.227,184.271
2026-08-17 10:45:00+09:00,184.271,184.277,184.239,184.241
2026-08-17 10:50:00+09:00,184.241,184.262,184.239,184.255
2026-08-17 10:55:00+09:00,184.255,184.262,184.245,184.251
2026-08-17 11:00:00+09:00,184.251,184.268,184.245,184.245
2026-08-17 11:05:00+09:00,184.245,184.256,184.23,184.236
2026-08-17 11:10:00+09:00,184.236,184.239,184.207,184.213
2026-08-17 11:15:00+09:00,184.213,184.219,184.142,184.15
2026-08-17 11:20:00+09:00,184.15,184.2,184.148,184.188
2026-08-17 11:25:00+09:00,184.188,184.2,184.162,184.191
2026-08-17 11:30:00+09:00,184.191,184.21,184.177,184.177
2026-08-17 11:35:00+09:00,184.177,184.191,184.162,184.188
2026-08-17 11:40:00+09:00,184.188,184.199,184.184,184.191
2026-08-17 11:45:00+09:00,184.19,184.192,184.173,184.182
2026-08-17 11:50:00+09:00,184.182,184.183,184.158,184.167
2026-08-17 11:55:00+09:00,184.167,184.174,184.155,184.17
2026-08-17 12:00:00+09:00,184.17,184.22,184.17,184.196
2026-08-17 12:05:00+09:00,184.196,184.216,184.19,184.197
2026-08-17 12:10:00+09:00,184.197,184.213,184.192,184.201
2026-08-17 12:15:00+09:00,184.201,184.211,184.196,184.211
2026-08-17 12:20:00+09:00,184.211,184.216,184.209,184.21
2026-08-17 12:25:00+09:00,184.21,184.236,184.207,184.228
2026-08-17 12:30:00+09:00,184.228,184.244,184.225,184.24
2026-08-17 12:35:00+09:00,184.24,184.267,184.239,184.267
2026-08-17 12:40:00+09:00,184.267,184.28,184.262,184.275
2026-08-17 12:45:00+09:00,184.275,184.294,184.274,184.286
2026-08-17 12:50:00+09:00,184.286,184.301,184.282,184.294
2026-08-17 12:55:00+09:00,184.294,184.295,184.274,184.291
2026-08-17 13:00:00+09:00,184.291,184.304,184.282,184.283
2026-08-17 13:05:00+09:00,184.283,184.311,184.281,184.303
2026-08-17 13:10:00+09:00,184.303,184.326,184.303,184.319
2026-08-17 13:15:00+09:00,184.319,184.33,184.307,184.33
2026-08-17 13:20:00+09:00,184.33,184.349,184.329,184.348
2026-08-17 13:25:00+09:00,184.348,184.353,184.334,184.349
2026-08-17 13:30:00+09:00,184.349,184.356,184.328,184.328
2026-08-17 13:35:00+09:00,184.328,184.329,184.288,184.291
2026-08-17 13:40:00+09:00,184.291,184.312,184.291,184.301
2026-08-17 13:45:00+09:00,184.301,184.315,184.294,184.314
2026-08-17 13:50:00+09:00,184.314,184.319,184.3,184.313
2026-08-17 13:55:00+09:00,184.313,184.346,184.313,184.341
2026-08-17 14:00:00+09:00,184.341,184.349,184.326,184.332
2026-08-17 14:05:00+09:00,184.332,184.333,184.314,184.319
2026-08-17 14:10:00+09:00,184.32,184.323,184.309,184.311
2026-08-17 14:15:00+09:00,184.311,184.325,184.3,184.306
2026-08-17 14:20:00+09:00,184.306,184.309,184.28,184.3
2026-08-17 14:25:00+09:00,184.3,184.305,184.274,184.294
2026-08-17 14:30:00+09:00,184.294,184.314,184.29,184.29
2026-08-17 14:35:00+09:00,184.29,184.298,184.261,184.279
2026-08-17 14:40:00+09:00,184.279,184.279,184.215,184.27
2026-08-17 14:45:00+09:00,184.271,184.307,184.271,184.305
2026-08-17 14:50:00+09:00,184.305,184.327,184.302,184.304
2026-08-17 14:55:00+09:00,184.304,184.348,184.303,184.34
2026-08-17 15:00:00+09:00,184.34,184.351,184.307,184.317
2026-08-17 15:05:00+09:00,184.317,184.346,184.306,184.308
2026-08-17 15:10:00+09:00,184.308,184.326,184.283,184.315
2026-08-17 15:15:00+09:00,184.315,184.333,184.312,184.328
2026-08-17 15:20:00+09:00,184.328,184.333,184.29,184.306
2026-08-17 15:25:00+09:00,184.306,184.352,184.305,184.35
2026-08-17 15:30:00+09:00,184.35,184.352,184.317,184.319
2026-08-17 15:35:00+09:00,184.319,184.352,184.305,184.327
2026-08-17 15:40:00+09:00,184.327,184.342,184.323,184.335
2026-08-17 15:45:00+09:00,184.335,184.364,184.332,184.346
2026-08-17 15:50:00+09:00,184.346,184.347,184.312,184.312
2026-08-17 15:55:00+09:00,184.312,184.351,184.304,184.332
2026-08-17 16:00:00+09:00,184.332,184.365,184.317,184.32
2026-08-17 16:05:00+09:00,184.32,184.32,184.263,184.275
2026-08-17 16:10:00+09:00,184.275,184.316,184.266,184.31
2026-08-17 16:15:00+09:00,184.31,184.337,184.28,184.334
2026-08-17 16:20:00+09:00,184.334,184.372,184.318,184.368
2026-08-17 16:25:00+09:00,184.368,184.456,184.358,184.424
2026-08-17 16:30:00+09:00,184.424,184.488,184.424,184.446
2026-08-17 16:35:00+09:00,184.446,184.485,184.441,184.484
2026-08-17 16:40:00+09:00,184.483,184.49,184.441,184.448
2026-08-17 16:45:00+09:00,184.448,184.513,184.441,184.492
2026-08-17 16:50:00+09:00,184.493,184.537,184.49,184.513
2026-08-17 16:55:00+09:00,184.513,184.536,184.489,184.493
2026-08-17 17:00:00+09:00,184.493,184.524,184.482,184.513
2026-08-17 17:05:00+09:00,184.513,184.52,184.479,184.499
2026-08-17 17:10:00+09:00,184.499,184.539,184.499,184.503
2026-08-17 17:15:00+09:00,184.503,184.585,184.503,184.567
2026-08-17 17:20:00+09:00,184.567,184.615,184.555,184.602
2026-08-17 17:25:00+09:00,184.602,184.63,184.588,184.599
2026-08-17 17:30:00+09:00,184.599,184.606,184.553,184.583
2026-08-17 17:35:00+09:00,184.583,184.64,184.546,184.637
2026-08-17 17:40:00+09:00,184.637,184.64,184.598,184.622
2026-08-17 17:45:00+09:00,184.622,184.639,184.596,184.598
2026-08-17 17:50:00+09:00,184.598,184.616,184.516,184.525
2026-08-17 17:55:00+09:00,184.525,184.594,184.516,184.573
2026-08-17 18:00:00+09:00,184.573,184.618,184.573,184.615
2026-08-17 18:05:00+09:00,184.615,184.633,184.585,184.588
2026-08-17 18:10:00+09:00,184.588,184.599,184.537,184.538
2026-08-17 18:15:00+09:00,184.54,184.58,184.528,184.578
2026-08-17 18:20:00+09:00,184.578,184.579,184.541,184.567
2026-08-17 18:25:00+09:00,184.567,184.624,184.564,184.618
2026-08-17 18:30:00+09:00,184.618,184.639,184.607,184.607
2026-08-17 18:35:00+09:00,184.607,184.607,184.574,184.592
2026-08-17 18:40:00+09:00,184.592,184.626,184.583,184.584
2026-08-17 18:45:00+09:00,184.584,184.604,184.574,184.596
2026-08-17 18:50:00+09:00,184.596,184.631,184.578,184.622
2026-08-17 18:55:00+09:00,184.622,184.629,184.578,184.592
2026-08-17 19:00:00+09:00,184.592,184.599,184.565,184.577
2026-08-17 19:05:00+09:00,184.577,184.591,184.557,184.559
2026-08-17 19:10:00+09:00,184.559,184.58,184.549,184.566
2026-08-17 19:15:00+09:00,184.566,184.589,184.55,184.551
2026-08-17 19:20:00+09:00,184.551,184.59,184.55,184.583
2026-08-17 19:25:00+09:00,184.583,184.585,184.53,184.54
2026-08-17 19:30:00+09:00,184.54,184.558,184.495,184.518
2026-08-17 19:35:00+09:00,184.519,184.53,184.492,184.494
2026-08-17 19:40:00+09:00,184.494,184.5,184.474,184.499
2026-08-17 19:45:00+09:00,184.499,184.523,184.491,184.511
2026-08-17 19:50:00+09:00,184.511,184.538,184.504,184.525
2026-08-17 19:55:00+09:00,184.525,184.539,184.504,184.512
2026-08-17 20:00:00+09:00,184.512,184.531,184.487,184.526
2026-08-17 20:05:00+09:00,184.526,184.561,184.524,184.545
2026-08-17 20:10:00+09:00,184.545,184.557,184.52,184.522
2026-08-17 20:15:00+09:00,184.522,184.538,184.521,184.533
2026-08-17 20:20:00+09:00,184.533,184.54,184.514,184.525
2026-08-17 20:25:00+09:00,184.525,184.566,184.524,184.566
2026-08-17 20:30:00+09:00,184.566,184.58,184.549,184.549
2026-08-17 20:35:00+09:00,184.549,184.579,184.545,184.566
2026-08-17 20:40:00+09:00,184.567,184.578,184.556,184.564
2026-08-17 20:45:00+09:00,184.564,184.573,184.546,184.566
2026-08-17 20:50:00+09:00,184.566,184.597,184.565,184.584
2026-08-17 20:55:00+09:00,184.585,184.609,184.573,184.601
2026-08-17 21:00:00+09:00,184.601,184.611,184.581,184.611
2026-08-17 21:05:00+09:00,184.611,184.622,184.587,184.589
2026-08-17 21:10:00+09:00,184.588,184.607,184.584,184.598
2026-08-17 21:15:00+09:00,184.598,184.603,184.563,184.582
2026-08-17 21:20:00+09:00,184.582,184.615,184.573,184.615
2026-08-17 21:25:00+09:00,184.615,184.641,184.569,184.604
2026-08-17 21:30:00+09:00,184.604,184.627,184.581,184.611
2026-08-17 21:35:00+09:00,184.611,184.629,184.597,184.625
2026-08-17 21:40:00+09:00,184.626,184.662,184.622,184.66
2026-08-17 21:45:00+09:00,184.66,184.668,184.623,184.635
2026-08-17 21:50:00+09:00,184.635,184.668,184.619,184.668
2026-08-17 21:55:00+09:00,184.669,184.695,184.661,184.688
2026-08-17 22:00:00+09:00,184.688,184.711,184.663,184.695
2026-08-17 22:05:00+09:00,184.695,184.721,184.689,184.705
2026-08-17 22:10:00+09:00,184.705,184.732,184.678,184.684
2026-08-17 22:15:00+09:00,184.684,184.708,184.664,184.704
2026-08-17 22:20:00+09:00,184.704,184.721,184.687,184.694
2026-08-17 22:25:00+09:00,184.694,184.704,184.672,184.699
2026-08-17 22:30:00+09:00,184.699,184.771,184.698,184.766
2026-08-17 22:35:00+09:00,184.766,184.767,184.732,184.735
2026-08-17 22:40:00+09:00,184.735,184.735,184.698,184.702
2026-08-17 22:45:00+09:00,184.703,184.728,184.685,184.727
2026-08-17 22:50:00+09:00,184.728,184.732,184.694,184.709
2026-08-17 22:55:00+09:00,184.71,184.727,184.66,184.667
2026-08-17 23:00:00+09:00,184.667,184.68,184.651,184.661
2026-08-17 23:05:00+09:00,184.661,184.67,184.636,184.665
2026-08-17 23:10:00+09:00,184.665,184.693,184.653,184.673
2026-08-17 23:15:00+09:00,184.674,184.678,184.65,184.67
2026-08-17 23:20:00+09:00,184.669,184.679,184.62,184.648
2026-08-17 23:25:00+09:00,184.648,184.666,184.6,184.618
2026-08-17 23:30:00+09:00,184.619,184.619,184.575,184.575
2026-08-17 23:35:00+09:00,184.575,184.581,184.538,184.546
2026-08-17 23:40:00+09:00,184.546,184.56,184.535,184.55
2026-08-17 23:45:00+09:00,184.55,184.559,184.534,184.545
2026-08-17 23:50:00+09:00,184.545,184.589,184.543,184.579
2026-08-17 23:55:00+09:00,184.579,184.594,184.555,184.569
2026-08-18 00:00:00+09:00,184.569,184.593,184.545,184.569
2026-08-18 00:05:00+09:00,184.569,184.588,184.557,184.575
2026-08-18 00:10:00+09:00,184.575,184.586,184.564,184.573
2026-08-18 00:15:00+09:00,184.573,184.587,184.556,184.586
2026-08-18 00:20:00+09:00,184.586,184.6,184.578,184.59
2026-08-18 00:25:00+09:00,184.59,184.615,184.588,184.601
2026-08-18 00:30:00+09:00,184.601,184.614,184.59,184.598
2026-08-18 00:35:00+09:00,184.598,184.611,184.584,184.607
2026-08-18 00:40:00+09:00,184.607,184.629,184.602,184.618
2026-08-18 00:45:00+09:00,184.618,184.664,184.614,184.659
2026-08-18 00:50:00+09:00,184.659,184.689,184.648,184.683
2026-08-18 00:55:00+09:00,184.683,184.694,184.673,184.685
2026-08-18 01:00:00+09:00,184.685,184.695,184.661,184.667
2026-08-18 01:05:00+09:00,184.667,184.688,184.662,184.672
2026-08-18 01:10:00+09:00,184.671,184.675,184.652,184.665
2026-08-18 01:15:00+09:00,184.665,184.702,184.664,184.679
2026-08-18 01:20:00+09:00,184.68,184.698,184.667,184.696
2026-08-18 01:25:00+09:00,184.696,184.704,184.681,184.686
2026-08-18 01:30:00+09:00,184.686,184.691,184.681,184.684
2026-08-18 01:35:00+09:00,184.684,184.719,184.684,184.705
2026-08-18 01:40:00+09:00,184.705,184.729,184.705,184.715
2026-08-18 01:45:00+09:00,184.715,184.717,184.699,184.7
2026-08-18 01:50:00+09:00,184.7,184.704,184.667,184.67
2026-08-18 01:55:00+09:00,184.67,184.689,184.67,184.679
2026-08-18 02:00:00+09:00,184.68,184.693,184.678,184.688
2026-08-18 02:05:00+09:00,184.689,184.69,184.662,184.668
2026-08-18 02:10:00+09:00,184.668,184.673,184.65,184.654
2026-08-18 02:15:00+09:00,184.654,184.672,184.65,184.671
2026-08-18 02:20:00+09:00,184.671,184.699,184.669,184.685
2026-08-18 02:25:00+09:00,184.684,184.7,184.678,184.691
2026-08-18 02:30:00+09:00,184.691,184.725,184.691,184.712
2026-08-18 02:35:00+09:00,184.712,184.72,184.652,184.656
2026-08-18 02:40:00+09:00,184.656,184.664,184.642,184.657
2026-08-18 02:45:00+09:00,184.657,184.663,184.64,184.648
2026-08-18 02:50:00+09:00,184.648,184.673,184.646,184.669
2026-08-18 02:55:00+09:00,184.669,184.677,184.65,184.65
2026-08-18 03:00:00+09:00,184.65,184.664,184.646,184.662
2026-08-18 03:05:00+09:00,184.662,184.677,184.654,184.66
2026-08-18 03:10:00+09:00,184.66,184.671,184.646,184.655
2026-08-18 03:15:00+09:00,184.655,184.685,184.655,184.679
2026-08-18 03:20:00+09:00,184.677,184.702,184.672,184.684
2026-08-18 03:25:00+09:00,184.684,184.71,184.68,184.694
2026-08-18 03:30:00+09:00,184.694,184.7,184.666,184.672
2026-08-18 03:35:00+09:00,184.672,184.678,184.652,184.665
2026-08-18 03:40:00+09:00,184.665,184.665,184.637,184.653
2026-08-18 03:45:00+09:00,184.653,184.682,184.649,184.68
2026-08-18 03:50:00+09:00,184.68,184.696,184.679,184.689
2026-08-18 03:55:00+09:00,184.689,184.698,184.671,184.694
2026-08-18 04:00:00+09:00,184.694,184.703,184.681,184.687
2026-08-18 04:05:00+09:00,184.687,184.688,184.664,184.676
2026-08-18 04:10:00+09:00,184.676,184.678,184.647,184.658
2026-08-18 04:15:00+09:00,184.658,184.672,184.641,184.65
2026-08-18 04:20:00+09:00,184.65,184.65,184.619,184.624
2026-08-18 04:25:00+09:00,184.624,184.63,184.611,184.615
2026-08-18 04:30:00+09:00,184.615,184.623,184.587,184.603
2026-08-18 04:35:00+09:00,184.603,184.614,184.599,184.611
2026-08-18 04:40:00+09:00,184.611,184.63,184.61,184.629
2026-08-18 04:45:00+09:00,184.628,184.639,184.619,184.626
2026-08-18 04:50:00+09:00,184.626,184.638,184.618,184.638
2026-08-18 04:55:00+09:00,184.638,184.646,184.63,184.642
2026-08-18 05:00:00+09:00,184.642,184.668,184.637,184.657
2026-08-18 05:05:00+09:00,184.657,184.66,184.646,184.659
2026-08-18 05:10:00+09:00,184.659,184.68,184.659,184.672
2026-08-18 05:15:00+09:00,184.672,184.674,184.645,184.649
2026-08-18 05:20:00+09:00,184.649,184.657,184.647,184.648
2026-08-18 05:25:00+09:00,184.648,184.648,184.64,184.647
2026-08-18 05:30:00+09:00,184.648,184.662,184.638,184.648
2026-08-18 05:35:00+09:00,184.648,184.655,184.642,184.643
2026-08-18 05:40:00+09:00,184.643,184.651,184.64,184.651
2026-08-18 05:45:00+09:00,184.651,184.723,184.651,184.696
2026-08-18 05:50:00+09:00,184.696,184.709,184.682,184.708
2026-08-18 05:55:00+09:00,184.708,184.725,184.696,184.714
2026-08-18 06:00:00+09:00,184.708,184.755,184.706,184.751
2026-08-18 06:05:00+09:00,184.751,184.765,184.733,184.737
2026-08-18 06:10:00+09:00,184.737,184.737,184.665,184.67
2026-08-18 06:15:00+09:00,184.67,184.704,184.584,184.661
2026-08-18 06:20:00+09:00,184.661,184.665,184.63,184.635
2026-08-18 06:25:00+09:00,184.635,184.645,184.628,184.631
2026-08-18 06:30:00+09:00,184.631,184.65,184.631,184.645
2026-08-18 06:35:00+09:00,184.645,184.654,184.642,184.654
2026-08-18 06:40:00+09:00,184.654,184.679,184.64,184.676
2026-08-18 06:45:00+09:00,184.676,184.68,184.631,184.643
2026-08-18 06:50:00+09:00,184.643,184.668,184.635,184.643
2026-08-18 06:55:00+09:00,184.643,184.648,184.623,184.647
2026-08-18 07:00:00+09:00,184.652,184.715,184.634,184.704
2026-08-18 07:05:00+09:00,184.704,184.708,184.696,184.698
2026-08-18 07:10:00+09:00,184.698,184.698,184.662,184.669
2026-08-18 07:15:00+09:00,184.669,184.673,184.649,184.65
2026-08-18 07:20:00+09:00,184.65,184.653,184.629,184.635
2026-08-18 07:25:00+09:00,184.635,184.643,184.619,184.63
2026-08-18 07:30:00+09:00,184.63,184.631,184.619,184.62
2026-08-18 07:35:00+09:00,184.62,184.627,184.617,184.624
2026-08-18 07:40:00+09:00,184.624,184.632,184.623,184.625
2026-08-18 07:45:00+09:00,184.625,184.627,184.618,184.622
2026-08-18 07:50:00+09:00,184.622,184.623,184.61,184.61
2026-08-18 07:55:00+09:00,184.61,184.612,184.605,184.609
2026-08-18 08:00:00+09:00,184.609,184.609,184.57,184.586
2026-08-18 08:05:00+09:00,184.586,184.586,184.559,184.563
2026-08-18 08:10:00+09:00,184.563,184.589,184.563,184.586
2026-08-18 08:15:00+09:00,184.586,184.587,184.577,184.582
2026-08-18 08:20:00+09:00,184.582,184.588,184.582,184.586
2026-08-18 08:25:00+09:00,184.586,184.589,184.575,184.58
2026-08-18 08:30:00+09:00,184.58,184.584,184.561,184.566
2026-08-18 08:35:00+09:00,184.566,184.575,184.564,184.572
2026-08-18 08:40:00+09:00,184.572,184.573,184.552,184.558
2026-08-18 08:45:00+09:00,184.558,184.565,184.55,184.564
2026-08-18 08:50:00+09:00,184.564,184.578,184.563,184.574
2026-08-18 08:55:00+09:00,184.574,184.586,184.558,184.566
2026-08-18 09:00:00+09:00,184.566,184.6,184.548,184.575
2026-08-18 09:05:00+09:00,184.575,184.612,184.569,184.612
2026-08-18 09:10:00+09:00,184.612,184.618,184.596,184.603
2026-08-18 09:15:00+09:00,184.603,184.623,184.594,184.621
2026-08-18 09:20:00+09:00,184.621,184.644,184.607,184.619
2026-08-18 09:25:00+09:00,184.619,184.623,184.608,184.617
2026-08-18 09:30:00+09:00,184.617,184.663,184.617,184.656
2026-08-18 09:35:00+09:00,184.655,184.69,184.644,184.686
2026-08-18 09:40:00+09:00,184.686,184.714,184.68,184.713
2026-08-18 09:45:00+09:00,184.713,184.734,184.707,184.728
2026-08-18 09:50:00+09:00,184.728,184.735,184.66,184.671
2026-08-18 09:55:00+09:00,184.672,184.693,184.649,184.664
2026-08-18 10:00:00+09:00,184.664,184.724,184.663,184.721
2026-08-18 10:05:00+09:00,184.721,184.722,184.687,184.693
2026-08-18 10:10:00+09:00,184.693,184.698,184.672,184.682
2026-08-18 10:15:00+09:00,184.682,184.699,184.654,184.663
2026-08-18 10:20:00+09:00,184.663,184.684,184.663,184.675
2026-08-18 10:25:00+09:00,184.675,184.683,184.654,184.676
2026-08-18 10:30:00+09:00,184.676,184.691,184.672,184.688
2026-08-18 10:35:00+09:00,184.688,184.701,184.654,184.654
2026-08-18 10:40:00+09:00,184.654,184.661,184.636,184.643
2026-08-18 10:45:00+09:00,184.643,184.678,184.635,184.672
2026-08-18 10:50:00+09:00,184.673,184.693,184.669,184.689
2026-08-18 10:55:00+09:00,184.689,184.708,184.673,184.705
2026-08-18 11:00:00+09:00,184.705,184.732,184.692,184.712
2026-08-18 11:05:00+09:00,184.712,184.713,184.677,184.687
2026-08-18 11:10:00+09:00,184.687,184.694,184.678,184.68
2026-08-18 11:15:00+09:00,184.68,184.68,184.647,184.661
2026-08-18 11:20:00+09:00,184.661,184.662,184.613,184.647
2026-08-18 11:25:00+09:00,184.647,184.655,184.626,184.639
2026-08-18 11:30:00+09:00,184.638,184.641,184.617,184.641
2026-08-18 11:35:00+09:00,184.641,184.657,184.629,184.656
2026-08-18 11:40:00+09:00,184.644,184.661,184.639,184.657
2026-08-18 11:45:00+09:00,184.657,184.665,184.65,184.662
2026-08-18 11:50:00+09:00,184.662,184.679,184.659,184.673
2026-08-18 11:55:00+09:00,184.673,184.675,184.66,184.661
2026-08-18 12:00:00+09:00,184.661,184.679,184.661,184.674
2026-08-18 12:05:00+09:00,184.674,184.677,184.66,184.66
2026-08-18 12:10:00+09:00,184.66,184.67,184.652,184.652
2026-08-18 12:15:00+09:00,184.652,184.657,184.636,184.642
2026-08-18 12:20:00+09:00,184.642,184.648,184.619,184.637
2026-08-18 12:25:00+09:00,184.637,184.655,184.63,184.655
2026-08-18 12:30:00+09:00,184.655,184.66,184.642,184.648
2026-08-18 12:35:00+09:00,184.648,184.65,184.621,184.632
2026-08-18 12:40:00+09:00,184.632,184.668,184.616,184.66
2026-08-18 12:45:00+09:00,184.66,184.66,184.63,184.645
2026-08-18 12:50:00+09:00,184.645,184.652,184.637,184.647
2026-08-18 12:55:00+09:00,184.647,184.661,184.643,184.66
2026-08-18 13:00:00+09:00,184.66,184.709,184.654,184.695
2026-08-18 13:05:00+09:00,184.695,184.752,184.695,184.715
2026-08-18 13:10:00+09:00,184.715,184.778,184.715,184.75
2026-08-18 13:15:00+09:00,184.749,184.779,184.746,184.779
2026-08-18 13:20:00+09:00,184.779,184.818,184.772,184.788
2026-08-18 13:25:00+09:00,184.788,184.812,184.769,184.812
2026-08-18 13:30:00+09:00,184.812,184.848,184.812,184.833
2026-08-18 13:35:00+09:00,184.834,184.856,184.827,184.838
2026-08-18 13:40:00+09:00,184.838,184.841,184.809,184.818
2026-08-18 13:45:00+09:00,184.818,184.828,184.802,184.827
2026-08-18 13:50:00+09:00,184.827,184.856,184.825,184.852
2026-08-18 13:55:00+09:00,184.852,184.853,184.788,184.795
2026-08-18 14:00:00+09:00,184.795,184.8,184.755,184.79
2026-08-18 14:05:00+09:00,184.79,184.803,184.766,184.8
2026-08-18 14:10:00+09:00,184.8,184.805,184.791,184.803
2026-08-18 14:15:00+09:00,184.803,184.81,184.783,184.783
2026-08-18 14:20:00+09:00,184.783,184.792,184.769,184.783
2026-08-18 14:25:00+09:00,184.782,184.795,184.776,184.789
2026-08-18 14:30:00+09:00,184.789,184.799,184.783,184.79
2026-08-18 14:35:00+09:00,184.79,184.797,184.777,184.783
2026-08-18 14:40:00+09:00,184.783,184.798,184.778,184.789
2026-08-18 14:45:00+09:00,184.789,184.804,184.78,184.799
2026-08-18 14:50:00+09:00,184.799,184.799,184.764,184.773
2026-08-18 14:55:00+09:00,184.772,184.789,184.735,184.785
2026-08-18 15:00:00+09:00,184.785,184.798,184.742,184.748
2026-08-18 15:05:00+09:00,184.748,184.779,184.734,184.775
2026-08-18 15:10:00+09:00,184.774,184.786,184.754,184.76
2026-08-18 15:15:00+09:00,184.76,184.809,184.758,184.802
2026-08-18 15:20:00+09:00,184.802,184.845,184.794,184.832
2026-08-18 15:25:00+09:00,184.832,184.865,184.829,184.844
2026-08-18 15:30:00+09:00,184.844,184.844,184.799,184.818
2026-08-18 15:35:00+09:00,184.819,184.851,184.797,184.831
2026-08-18 15:40:00+09:00,184.831,184.849,184.823,184.841
2026-08-18 15:45:00+09:00,184.84,184.844,184.81,184.834
2026-08-18 15:50:00+09:00,184.834,184.851,184.818,184.844
2026-08-18 15:55:00+09:00,184.844,184.856,184.81,184.832
2026-08-18 16:00:00+09:00,184.832,184.851,184.824,184.844
2026-08-18 16:05:00+09:00,184.844,184.867,184.83,184.857
2026-08-18 16:10:00+09:00,184.857,184.866,184.83,184.842
2026-08-18 16:15:00+09:00,184.842,184.857,184.828,184.853
2026-08-18 16:20:00+09:00,184.853,184.88,184.838,184.847
2026-08-18 16:25:00+09:00,184.847,184.898,184.841,184.89
2026-08-18 16:30:00+09:00,184.89,184.907,184.888,184.894
2026-08-18 16:35:00+09:00,184.894,184.913,184.886,184.886
2026-08-18 16:40:00+09:00,184.888,184.902,184.877,184.881
2026-08-18 16:45:00+09:00,184.881,184.89,184.865,184.876
2026-08-18 16:50:00+09:00,184.877,184.896,184.866,184.869
2026-08-18 16:55:00+09:00,184.869,184.879,184.85,184.864
2026-08-18 17:00:00+09:00,184.864,184.867,184.822,184.846
2026-08-18 17:05:00+09:00,184.846,184.85,184.805,184.815
2026-08-18 17:10:00+09:00,184.815,184.836,184.797,184.831
2026-08-18 17:15:00+09:00,184.831,184.834,184.81,184.822
2026-08-18 17:20:00+09:00,184.822,184.824,184.8,184.807
2026-08-18 17:25:00+09:00,184.807,184.838,184.803,184.837
2026-08-18 17:30:00+09:00,184.837,184.855,184.831,184.836
2026-08-18 17:35:00+09:00,184.836,184.839,184.809,184.818
2026-08-18 17:40:00+09:00,184.818,184.82,184.794,184.796
2026-08-18 17:45:00+09:00,184.796,184.818,184.787,184.818
2026-08-18 17:50:00+09:00,184.818,184.832,184.813,184.828
2026-08-18 17:55:00+09:00,184.828,184.845,184.816,184.843
2026-08-18 18:00:00+09:00,184.843,184.85,184.826,184.835
2026-08-18 18:05:00+09:00,184.837,184.839,184.815,184.822
2026-08-18 18:10:00+09:00,184.822,184.826,184.805,184.807
2026-08-18 18:15:00+09:00,184.807,184.809,184.774,184.781
2026-08-18 18:20:00+09:00,184.781,184.807,184.777,184.793
2026-08-18 18:25:00+09:00,184.793,184.805,184.789,184.794
2026-08-18 18:30:00+09:00,184.794,184.812,184.783,184.806
2026-08-18 18:35:00+09:00,184.806,184.807,184.779,184.784
2026-08-18 18:40:00+09:00,184.784,184.784,184.757,184.781
2026-08-18 18:45:00+09:00,184.781,184.801,184.779,184.795
2026-08-18 18:50:00+09:00,184.795,184.808,184.793,184.804
2026-08-18 18:55:00+09:00,184.804,184.823,184.782,184.821
2026-08-18 19:00:00+09:00,184.821,184.821,184.781,184.787
2026-08-18 19:05:00+09:00,184.787,184.811,184.781,184.809
2026-08-18 19:10:00+09:00,184.809,184.832,184.801,184.824
2026-08-18 19:15:00+09:00,184.824,184.845,184.817,184.827
2026-08-18 19:20:00+09:00,184.827,184.858,184.826,184.857
2026-08-18 19:25:00+09:00,184.857,184.861,184.846,184.853
2026-08-18 19:30:00+09:00,184.853,184.856,184.83,184.83
2026-08-18 19:35:00+09:00,184.83,184.833,184.806,184.81
2026-08-18 19:40:00+09:00,184.81,184.841,184.803,184.836
2026-08-18 19:45:00+09:00,184.836,184.859,184.835,184.858
2026-08-18 19:50:00+09:00,184.858,184.878,184.858,184.869
2026-08-18 19:55:00+09:00,184.869,184.884,184.863,184.88
2026-08-18 20:00:00+09:00,184.88,184.894,184.876,184.883
2026-08-18 20:05:00+09:00,184.884,184.905,184.883,184.893
2026-08-18 20:10:00+09:00,184.893,184.894,184.874,184.874
2026-08-18 20:15:00+09:00,184.874,184.885,184.865,184.87
2026-08-18 20:20:00+09:00,184.871,184.902,184.87,184.893
2026-08-18 20:25:00+09:00,184.893,184.893,184.865,184.87
2026-08-18 20:30:00+09:00,184.87,184.893,184.863,184.863
2026-08-18 20:35:00+09:00,184.863,184.876,184.856,184.872
2026-08-18 20:40:00+09:00,184.875,184.897,184.866,184.869
2026-08-18 20:45:00+09:00,184.869,184.874,184.857,184.868
2026-08-18 20:50:00+09:00,184.868,184.868,184.846,184.854
2026-08-18 20:55:00+09:00,184.854,184.885,184.849,184.881
2026-08-18 21:00:00+09:00,184.881,184.893,184.859,184.881
2026-08-18 21:05:00+09:00,184.881,184.884,184.859,184.872
2026-08-18 21:10:00+09:00,184.872,184.872,184.854,184.863
2026-08-18 21:15:00+09:00,184.863,184.866,184.835,184.859
2026-08-18 21:20:00+09:00,184.859,184.862,184.834,184.839
2026-08-18 21:25:00+09:00,184.839,184.855,184.808,184.808
2026-08-18 21:30:00+09:00,184.803,184.84,184.798,184.809
2026-08-18 21:35:00+09:00,184.809,184.836,184.808,184.836
2026-08-18 21:40:00+09:00,184.836,184.854,184.827,184.831
2026-08-18 21:45:00+09:00,184.831,184.845,184.807,184.833
2026-08-18 21:50:00+09:00,184.833,184.865,184.833,184.863
2026-08-18 21:55:00+09:00,184.863,184.864,184.807,184.812
2026-08-18 22:00:00+09:00,184.812,184.845,184.805,184.844
2026-08-18 22:05:00+09:00,184.844,184.852,184.808,184.825
2026-08-18 22:10:00+09:00,184.825,184.84,184.816,184.839
2026-08-18 22:15:00+09:00,184.839,184.851,184.825,184.838
2026-08-18 22:20:00+09:00,184.838,184.842,184.809,184.824
2026-08-18 22:25:00+09:00,184.826,184.844,184.807,184.817
2026-08-18 22:30:00+09:00,184.817,184.846,184.799,184.837
2026-08-18 22:35:00+09:00,184.837,184.874,184.826,184.861
2026-08-18 22:40:00+09:00,184.861,184.872,184.835,184.854
2026-08-18 22:45:00+09:00,184.854,184.854,184.817,184.835
2026-08-18 22:50:00+09:00,184.835,184.852,184.795,184.808
2026-08-18 22:55:00+09:00,184.808,184.819,184.791,184.805
2026-08-18 23:00:00+09:00,184.805,184.815,184.779,184.782
2026-08-18 23:05:00+09:00,184.782,184.787,184.72,184.783
2026-08-18 23:10:00+09:00,184.783,184.833,184.779,184.8
2026-08-18 23:15:00+09:00,184.8,184.838,184.776,184.819
2026-08-18 23:20:00+09:00,184.818,184.828,184.772,184.773
2026-08-18 23:25:00+09:00,184.773,184.78,184.751,184.763
2026-08-18 23:30:00+09:00,184.763,184.805,184.746,184.787
2026-08-18 23:35:00+09:00,184.787,184.807,184.774,184.784
2026-08-18 23:40:00+09:00,184.784,184.804,184.758,184.798
2026-08-18 23:45:00+09:00,184.798,184.824,184.793,184.794
2026-08-18 23:50:00+09:00,184.794,184.8,184.748,184.792
2026-08-18 23:55:00+09:00,184.792,184.863,184.778,184.785
2026-08-19 00:00:00+09:00,184.785,184.803,184.722,184.799
2026-08-19 00:05:00+09:00,184.799,184.82,184.763,184.763
2026-08-19 00:10:00+09:00,184.763,184.798,184.759,184.79
2026-08-19 00:15:00+09:00,184.79,184.807,184.775,184.781
2026-08-19 00:20:00+09:00,184.781,184.814,184.768,184.81
2026-08-19 00:25:00+09:00,184.81,184.82,184.795,184.808
2026-08-19 00:30:00+09:00,184.808,184.824,184.801,184.807
2026-08-19 00:35:00+09:00,184.807,184.826,184.795,184.816
2026-08-19 00:40:00+09:00,184.816,184.821,184.797,184.805
2026-08-19 00:45:00+09:00,184.805,184.808,184.783,184.786
2026-08-19 00:50:00+09:00,184.786,184.79,184.772,184.787
2026-08-19 00:55:00+09:00,184.786,184.804,184.786,184.802
2026-08-19 01:00:00+09:00,184.802,184.816,184.792,184.815
2026-08-19 01:05:00+09:00,184.815,184.827,184.801,184.82
2026-08-19 01:10:00+09:00,184.82,184.844,184.82,184.832
2026-08-19 01:15:00+09:00,184.832,184.851,184.832,184.845
2026-08-19 01:20:00+09:00,184.845,184.86,184.839,184.852
2026-08-19 01:25:00+09:00,184.852,184.853,184.832,184.839
2026-08-19 01:30:00+09:00,184.839,184.85,184.833,184.848
2026-08-19 01:35:00+09:00,184.848,184.849,184.828,184.828
2026-08-19 01:40:00+09:00,184.828,184.84,184.82,184.826
2026-08-19 01:45:00+09:00,184.826,184.835,184.808,184.808
2026-08-19 01:50:00+09:00,184.808,184.816,184.796,184.796
2026-08-19 01:55:00+09:00,184.796,184.815,184.782,184.783
2026-08-19 02:00:00+09:00,184.783,184.789,184.759,184.761
2026-08-19 02:05:00+09:00,184.761,184.764,184.754,184.756
2026-08-19 02:10:00+09:00,184.756,184.764,184.746,184.761
2026-08-19 02:15:00+09:00,184.761,184.78,184.757,184.777
2026-08-19 02:20:00+09:00,184.777,184.785,184.767,184.782
2026-08-19 02:25:00+09:00,184.782,184.784,184.761,184.774
2026-08-19 02:30:00+09:00,184.774,184.779,184.754,184.759
2026-08-19 02:35:00+09:00,184.759,184.774,184.758,184.768
2026-08-19 02:40:00+09:00,184.768,184.784,184.767,184.778
2026-08-19 02:45:00+09:00,184.779,184.784,184.765,184.766
2026-08-19 02:50:00+09:00,184.766,184.783,184.766,184.774
2026-08-19 02:55:00+09:00,184.774,184.779,184.764,184.768
2026-08-19 03:00:00+09:00,184.768,184.771,184.746,184.748
2026-08-19 03:05:00+09:00,184.748,184.762,184.747,184.757
2026-08-19 03:10:00+09:00,184.757,184.769,184.746,184.768
2026-08-19 03:15:00+09:00,184.768,184.775,184.764,184.775
2026-08-19 03:20:00+09:00,184.775,184.778,184.752,184.753
2026-08-19 03:25:00+09:00,184.753,184.767,184.748,184.763
2026-08-19 03:30:00+09:00,184.763,184.775,184.762,184.766
2026-08-19 03:35:00+09:00,184.766,184.779,184.766,184.773
2026-08-19 03:40:00+09:00,184.773,184.773,184.76,184.761
2026-08-19 03:45:00+09:00,184.761,184.765,184.751,184.757
2026-08-19 03:50:00+09:00,184.757,184.762,184.749,184.754
2026-08-19 03:55:00+09:00,184.754,184.771,184.747,184.756
2026-08-19 04:00:00+09:00,184.756,184.762,184.738,184.758
2026-08-19 04:05:00+09:00,184.758,184.772,184.755,184.766
2026-08-19 04:10:00+09:00,184.766,184.773,184.756,184.764
2026-08-19 04:15:00+09:00,184.764,184.769,184.759,184.764
2026-08-19 04:20:00+09:00,184.764,184.771,184.752,184.761
2026-08-19 04:25:00+09:00,184.761,184.785,184.759,184.78
2026-08-19 04:30:00+09:00,184.78,184.802,184.777,184.802
2026-08-19 04:35:00+09:00,184.802,184.822,184.792,184.821
2026-08-19 04:40:00+09:00,184.821,184.824,184.799,184.811
2026-08-19 04:45:00+09:00,184.811,184.812,184.793,184.804
2026-08-19 04:50:00+09:00,184.803,184.815,184.794,184.802
2026-08-19 04:55:00+09:00,184.802,184.813,184.78,184.787
2026-08-19 05:00:00+09:00,184.787,184.796,184.769,184.773
2026-08-19 05:05:00+09:00,184.773,184.781,184.765,184.781
2026-08-19 05:10:00+09:00,184.781,184.791,184.77,184.771
2026-08-19 05:15:00+09:00,184.771,184.777,184.769,184.773
2026-08-19 05:20:00+09:00,184.773,184.779,184.765,184.775
2026-08-19 05:25:00+09:00,184.775,184.776,184.758,184.775
2026-08-19 05:30:00+09:00,184.775,184.789,184.774,184.789
2026-08-19 05:35:00+09:00,184.789,184.796,184.784,184.789
2026-08-19 05:40:00+09:00,184.789,184.797,184.783,184.788
2026-08-19 05:45:00+09:00,184.788,184.848,184.788,184.835
2026-08-19 05:50:00+09:00,184.835,184.845,184.83,184.844
2026-08-19 05:55:00+09:00,184.844,184.851,184.815,184.819
2026-08-19 06:00:00+09:00,184.82,184.863,184.802,184.859
2026-08-19 06:05:00+09:00,184.859,184.868,184.857,184.862
2026-08-19 06:10:00+09:00,184.862,184.868,184.848,184.867
2026-08-19 06:15:00+09:00,184.867,184.879,184.867,184.878
2026-08-19 06:20:00+09:00,184.878,184.887,184.874,184.877
2026-08-19 06:25:00+09:00,184.877,184.878,184.873,184.873
2026-08-19 06:30:00+09:00,184.873,184.886,184.868,184.87
2026-08-19 06:35:00+09:00,184.87,184.87,184.829,184.836
2026-08-19 06:40:00+09:00,184.836,184.837,184.788,184.795
2026-08-19 06:45:00+09:00,184.795,184.798,184.782,184.788
2026-08-19 06:50:00+09:00,184.788,184.796,184.784,184.794
2026-08-19 06:55:00+09:00,184.794,184.808,184.791,184.804
2026-08-19 07:00:00+09:00,184.804,184.847,184.781,184.809
2026-08-19 07:05:00+09:00,184.809,184.81,184.799,184.804
2026-08-19 07:10:00+09:00,184.804,184.806,184.771,184.804
2026-08-19 07:15:00+09:00,184.804,184.806,184.797,184.804
2026-08-19 07:20:00+09:00,184.804,184.807,184.793,184.793
2026-08-19 07:25:00+09:00,184.793,184.799,184.792,184.794
2026-08-19 07:30:00+09:00,184.794,184.801,184.78,184.781
2026-08-19 07:35:00+09:00,184.781,184.786,184.765,184.775
2026-08-19 07:40:00+09:00,184.775,184.775,184.769,184.774
2026-08-19 07:45:00+09:00,184.774,184.789,184.774,184.776
2026-08-19 07:50:00+09:00,184.776,184.782,184.774,184.779
2026-08-19 07:55:00+09:00,184.779,184.781,184.772,184.772
2026-08-19 08:00:00+09:00,184.772,184.776,184.736,184.748
2026-08-19 08:05:00+09:00,184.748,184.761,184.747,184.752
2026-08-19 08:10:00+09:00,184.752,184.752,184.725,184.735
2026-08-19 08:15:00+09:00,184.735,184.743,184.728,184.738
2026-08-19 08:20:00+09:00,184.738,184.738,184.726,184.727
2026-08-19 08:25:00+09:00,184.727,184.746,184.727,184.732
2026-08-19 08:30:00+09:00,184.732,184.732,184.708,184.719
2026-08-19 08:35:00+09:00,184.719,184.731,184.708,184.729
2026-08-19 08:40:00+09:00,184.729,184.739,184.723,184.735
2026-08-19 08:45:00+09:00,184.735,184.742,184.728,184.734
2026-08-19 08:50:00+09:00,184.734,184.734,184.699,184.704
2026-08-19 08:55:00+09:00,184.704,184.717,184.689,184.717
2026-08-19 09:00:00+09:00,184.717,184.717,184.643,184.685
2026-08-19 09:05:00+09:00,184.685,184.693,184.654,184.677
2026-08-19 09:10:00+09:00,184.677,184.685,184.649,184.656
2026-08-19 09:15:00+09:00,184.656,184.684,184.65,184.67
2026-08-19 09:20:00+09:00,184.67,184.691,184.67,184.678
2026-08-19 09:25:00+09:00,184.678,184.693,184.67,184.69
2026-08-19 09:30:00+09:00,184.69,184.692,184.641,184.648
2026-08-19 09:35:00+09:00,184.648,184.65,184.609,184.61
2026-08-19 09:40:00+09:00,184.61,184.626,184.59,184.601
2026-08-19 09:45:00+09:00,184.601,184.61,184.573,184.583
2026-08-19 09:50:00+09:00,184.583,184.603,184.55,184.592
2026-08-19 09:55:00+09:00,184.592,184.617,184.561,184.566
2026-08-19 10:00:00+09:00,184.566,184.598,184.563,184.597
2026-08-19 10:05:00+09:00,184.598,184.607,184.553,184.562
2026-08-19 10:10:00+09:00,184.562,184.589,184.557,184.58
2026-08-19 10:15:00+09:00,184.58,184.6,184.561,184.57
2026-08-19 10:20:00+09:00,184.57,184.611,184.565,184.605
2026-08-19 10:25:00+09:00,184.605,184.623,184.59,184.605
2026-08-19 10:30:00+09:00,184.605,184.612,184.587,184.609
2026-08-19 10:35:00+09:00,184.609,184.625,184.602,184.602
2026-08-19 10:40:00+09:00,184.603,184.616,184.596,184.612
2026-08-19 10:45:00+09:00,184.612,184.62,184.602,184.619
2026-08-19 10:50:00+09:00,184.619,184.626,184.608,184.622
2026-08-19 10:55:00+09:00,184.622,184.633,184.595,184.604
2026-08-19 11:00:00+09:00,184.604,184.629,184.602,184.611
2026-08-19 11:05:00+09:00,184.611,184.626,184.597,184.604
2026-08-19 11:10:00+09:00,184.604,184.611,184.575,184.579
2026-08-19 11:15:00+09:00,184.579,184.619,184.57,184.585
2026-08-19 11:20:00+09:00,184.585,184.587,184.55,184.571
2026-08-19 11:25:00+09:00,184.571,184.601,184.565,184.587
2026-08-19 11:30:00+09:00,184.587,184.61,184.573,184.61
2026-08-19 11:35:00+09:00,184.609,184.619,184.582,184.588
2026-08-19 11:40:00+09:00,184.588,184.588,184.537,184.57
2026-08-19 11:45:00+09:00,184.57,184.594,184.552,184.588
2026-08-19 11:50:00+09:00,184.588,184.598,184.559,184.58
2026-08-19 11:55:00+09:00,184.58,184.589,184.558,184.583
2026-08-19 12:00:00+09:00,184.583,184.611,184.583,184.609
2026-08-19 12:05:00+09:00,184.609,184.618,184.599,184.613
2026-08-19 12:10:00+09:00,184.613,184.65,184.611,184.645
2026-08-19 12:15:00+09:00,184.645,184.649,184.629,184.633
2026-08-19 12:20:00+09:00,184.633,184.635,184.623,184.623
2026-08-19 12:25:00+09:00,184.623,184.639,184.619,184.636
2026-08-19 12:30:00+09:00,184.637,184.669,184.627,184.643
2026-08-19 12:35:00+09:00,184.643,184.675,184.642,184.67
2026-08-19 12:40:00+09:00,184.67,184.672,184.646,184.646
2026-08-19 12:45:00+09:00,184.646,184.668,184.645,184.666
2026-08-19 12:50:00+09:00,184.666,184.667,184.649,184.654
2026-08-19 12:55:00+09:00,184.654,184.657,184.636,184.638
2026-08-19 13:00:00+09:00,184.638,184.644,184.626,184.634
2026-08-19 13:05:00+09:00,184.634,184.635,184.625,184.625
2026-08-19 13:10:00+09:00,184.625,184.638,184.617,184.636
2026-08-19 13:15:00+09:00,184.636,184.639,184.629,184.635
2026-08-19 13:20:00+09:00,184.635,184.635,184.597,184.604
2026-08-19 13:25:00+09:00,184.603,184.611,184.583,184.587
2026-08-19 13:30:00+09:00,184.587,184.588,184.513,184.576
2026-08-19 13:35:00+09:00,184.576,184.598,184.576,184.582
2026-08-19 13:40:00+09:00,184.582,184.607,184.578,184.599
2026-08-19 13:45:00+09:00,184.599,184.599,184.548,184.559
2026-08-19 13:50:00+09:00,184.56,184.574,184.545,184.569
2026-08-19 13:55:00+09:00,184.569,184.609,184.563,184.601
2026-08-19 14:00:00+09:00,184.601,184.604,184.558,184.573
2026-08-19 14:05:00+09:00,184.573,184.579,184.555,184.557
2026-08-19 14:10:00+09:00,184.557,184.591,184.556,184.579
2026-08-19 14:15:00+09:00,184.579,184.585,184.525,184.541
2026-08-19 14:20:00+09:00,184.541,184.557,184.522,184.527
2026-08-19 14:25:00+09:00,184.527,184.564,184.527,184.549
2026-08-19 14:30:00+09:00,184.549,184.55,184.48,184.494
2026-08-19 14:35:00+09:00,184.494,184.527,184.492,184.511
2026-08-19 14:40:00+09:00,184.511,184.545,184.507,184.539
2026-08-19 14:45:00+09:00,184.539,184.558,184.517,184.54
2026-08-19 14:50:00+09:00,184.54,184.612,184.54,184.599
2026-08-19 14:55:00+09:00,184.599,184.633,184.599,184.603
2026-08-19 15:00:00+09:00,184.603,184.612,184.556,184.591
2026-08-19 15:05:00+09:00,184.591,184.599,184.554,184.572
2026-08-19 15:10:00+09:00,184.572,184.573,184.545,184.564
2026-08-19 15:15:00+09:00,184.564,184.621,184.543,184.604
2026-08-19 15:20:00+09:00,184.605,184.622,184.571,184.618
2026-08-19 15:25:00+09:00,184.618,184.631,184.583,184.589
2026-08-19 15:30:00+09:00,184.587,184.589,184.54,184.542
2026-08-19 15:35:00+09:00,184.541,184.562,184.51,184.56
2026-08-19 15:40:00+09:00,184.56,184.62,184.557,184.62
2026-08-19 15:45:00+09:00,184.621,184.678,184.602,184.677
2026-08-19 15:50:00+09:00,184.677,184.686,184.64,184.651
2026-08-19 15:55:00+09:00,184.651,184.666,184.619,184.644
2026-08-19 16:00:00+09:00,184.641,184.662,184.596,184.602
2026-08-19 16:05:00+09:00,184.602,184.603,184.547,184.565
2026-08-19 16:10:00+09:00,184.565,184.6,184.55,184.597
2026-08-19 16:15:00+09:00,184.597,184.646,184.588,184.625
2026-08-19 16:20:00+09:00,184.625,184.632,184.562,184.562
2026-08-19 16:25:00+09:00,184.562,184.599,184.55,184.594
2026-08-19 16:30:00+09:00,184.594,184.61,184.554,184.565
2026-08-19 16:35:00+09:00,184.565,184.587,184.54,184.585
2026-08-19 16:40:00+09:00,184.585,184.591,184.521,184.553
2026-08-19 16:45:00+09:00,184.553,184.578,184.537,184.578
2026-08-19 16:50:00+09:00,184.579,184.589,184.545,184.55
2026-08-19 16:55:00+09:00,184.55,184.606,184.549,184.584
2026-08-19 17:00:00+09:00,184.584,184.599,184.561,184.575
2026-08-19 17:05:00+09:00,184.575,184.604,184.567,184.604
2026-08-19 17:10:00+09:00,184.604,184.651,184.601,184.62
2026-08-19 17:15:00+09:00,184.62,184.621,184.56,184.572
2026-08-19 17:20:00+09:00,184.57,184.58,184.523,184.535
2026-08-19 17:25:00+09:00,184.535,184.558,184.523,184.532
2026-08-19 17:30:00+09:00,184.532,184.541,184.508,184.513
2026-08-19 17:35:00+09:00,184.513,184.533,184.503,184.515
2026-08-19 17:40:00+09:00,184.515,184.581,184.514,184.559
2026-08-19 17:45:00+09:00,184.559,184.596,184.553,184.57
2026-08-19 17:50:00+09:00,184.57,184.624,184.563,184.611
2026-08-19 17:55:00+09:00,184.612,184.617,184.585,184.608
2026-08-19 18:00:00+09:00,184.609,184.65,184.609,184.643
2026-08-19 18:05:00+09:00,184.643,184.663,184.626,184.65
2026-08-19 18:10:00+09:00,184.649,184.705,184.648,184.704
2026-08-19 18:15:00+09:00,184.704,184.732,184.697,184.706
2026-08-19 18:20:00+09:00,184.706,184.73,184.674,184.725
2026-08-19 18:25:00+09:00,184.725,184.734,184.715,184.723
2026-08-19 18:30:00+09:00,184.723,184.723,184.643,184.662
2026-08-19 18:35:00+09:00,184.662,184.698,184.653,184.676
2026-08-19 18:40:00+09:00,184.676,184.689,184.665,184.673
2026-08-19 18:45:00+09:00,184.673,184.684,184.664,184.664
2026-08-19 18:50:00+09:00,184.666,184.683,184.653,184.674
2026-08-19 18:55:00+09:00,184.674,184.688,184.641,184.652
2026-08-19 19:00:00+09:00,184.653,184.655,184.611,184.623
2026-08-19 19:05:00+09:00,184.623,184.678,184.622,184.665
2026-08-19 19:10:00+09:00,184.665,184.668,184.622,184.655
2026-08-19 19:15:00+09:00,184.655,184.659,184.631,184.64
2026-08-19 19:20:00+09:00,184.64,184.661,184.625,184.647
2026-08-19 19:25:00+09:00,184.646,184.683,184.63,184.679
2026-08-19 19:30:00+09:00,184.679,184.695,184.649,184.673
2026-08-19 19:35:00+09:00,184.673,184.706,184.672,184.699
2026-08-19 19:40:00+09:00,184.699,184.715,184.675,184.69
2026-08-19 19:45:00+09:00,184.69,184.697,184.66,184.664
2026-08-19 19:50:00+09:00,184.664,184.668,184.642,184.649
2026-08-19 19:55:00+09:00,184.649,184.667,184.645,184.662
2026-08-19 20:00:00+09:00,184.662,184.694,184.658,184.658
2026-08-19 20:05:00+09:00,184.658,184.684,184.657,184.674
2026-08-19 20:10:00+09:00,184.674,184.689,184.655,184.681
2026-08-19 20:15:00+09:00,184.681,184.687,184.635,184.636
2026-08-19 20:20:00+09:00,184.636,184.67,184.635,184.669
2026-08-19 20:25:00+09:00,184.669,184.67,184.645,184.652
2026-08-19 20:30:00+09:00,184.652,184.666,184.635,184.66
2026-08-19 20:35:00+09:00,184.66,184.67,184.636,184.656
2026-08-19 20:40:00+09:00,184.655,184.665,184.645,184.647
2026-08-19 20:45:00+09:00,184.646,184.657,184.631,184.645
2026-08-19 20:50:00+09:00,184.644,184.668,184.637,184.65
2026-08-19 20:55:00+09:00,184.651,184.66,184.624,184.654
2026-08-19 21:00:00+09:00,184.654,184.667,184.612,184.617
2026-08-19 21:05:00+09:00,184.617,184.633,184.613,184.624
2026-08-19 21:10:00+09:00,184.624,184.661,184.623,184.661
2026-08-19 21:15:00+09:00,184.66,184.666,184.626,184.626
2026-08-19 21:20:00+09:00,184.628,184.65,184.534,184.571
2026-08-19 21:25:00+09:00,184.571,184.606,184.552,184.592
2026-08-19 21:30:00+09:00,184.593,184.595,184.332,184.414
2026-08-19 21:35:00+09:00,184.415,184.52,183.942,184.013
2026-08-19 21:40:00+09:00,184.013,184.312,183.997,184.272
2026-08-19 21:45:00+09:00,184.272,184.481,184.209,184.454
2026-08-19 21:50:00+09:00,184.453,184.5,184.43,184.481
2026-08-19 21:55:00+09:00,184.481,184.55,184.453,184.54
2026-08-19 22:00:00+09:00,184.54,184.57,184.49,184.527
2026-08-19 22:05:00+09:00,184.528,184.564,184.501,184.505
2026-08-19 22:10:00+09:00,184.502,184.543,184.439,184.495
2026-08-19 22:15:00+09:00,184.495,184.532,184.471,184.511
2026-08-19 22:20:00+09:00,184.511,184.59,184.482,184.579
2026-08-19 22:25:00+09:00,184.582,184.623,184.55,184.6
2026-08-19 22:30:00+09:00,184.6,184.673,184.588,184.636
2026-08-19 22:35:00+09:00,184.638,184.666,184.602,184.649
2026-08-19 22:40:00+09:00,184.649,184.721,184.636,184.716
2026-08-19 22:45:00+09:00,184.717,184.734,184.642,184.642
2026-08-19 22:50:00+09:00,184.643,184.751,184.626,184.738
2026-08-19 22:55:00+09:00,184.737,184.759,184.678,184.687
2026-08-19 23:00:00+09:00,184.687,184.704,184.654,184.693
2026-08-19 23:05:00+09:00,184.693,184.713,184.656,184.689
2026-08-19 23:10:00+09:00,184.689,184.716,184.652,184.654
2026-08-19 23:15:00+09:00,184.655,184.703,184.626,184.687
2026-08-19 23:20:00+09:00,184.688,184.723,184.653,184.694
2026-08-19 23:25:00+09:00,184.694,184.749,184.683,184.746
2026-08-19 23:30:00+09:00,184.747,184.747,184.567,184.576
2026-08-19 23:35:00+09:00,184.575,184.618,184.549,184.566
2026-08-19 23:40:00+09:00,184.566,184.67,184.561,184.67
2026-08-19 23:45:00+09:00,184.671,184.693,184.653,184.672
2026-08-19 23:50:00+09:00,184.672,184.712,184.66,184.66
2026-08-19 23:55:00+09:00,184.66,184.741,184.646,184.691
2026-08-20 00:00:00+09:00,184.69,184.797,184.69,184.785
2026-08-20 00:05:00+09:00,184.785,184.811,184.776,184.792
2026-08-20 00:10:00+09:00,184.792,184.803,184.761,184.766
2026-08-20 00:15:00+09:00,184.763,184.769,184.726,184.739
2026-08-20 00:20:00+09:00,184.739,184.788,184.731,184.763
2026-08-20 00:25:00+09:00,184.763,184.814,184.763,184.81
2026-08-20 00:30:00+09:00,184.81,184.834,184.785,184.816
2026-08-20 00:35:00+09:00,184.816,184.848,184.808,184.839
2026-08-20 00:40:00+09:00,184.839,184.847,184.807,184.809
2026-08-20 00:45:00+09:00,184.809,184.837,184.799,184.818
2026-08-20 00:50:00+09:00,184.818,184.834,184.801,184.801
2026-08-20 00:55:00+09:00,184.801,184.843,184.8,184.824
2026-08-20 01:00:00+09:00,184.824,184.881,184.817,184.826
2026-08-20 01:05:00+09:00,184.826,184.884,184.825,184.869
2026-08-20 01:10:00+09:00,184.868,184.897,184.85,184.877
2026-08-20 01:15:00+09:00,184.877,184.89,184.841,184.857
2026-08-20 01:20:00+09:00,184.857,184.876,184.84,184.855
2026-08-20 01:25:00+09:00,184.856,184.862,184.835,184.838
2026-08-20 01:30:00+09:00,184.838,184.872,184.824,184.858
2026-08-20 01:35:00+09:00,184.858,184.87,184.84,184.855
2026-08-20 01:40:00+09:00,184.855,184.871,184.829,184.839
2026-08-20 01:45:00+09:00,184.839,184.84,184.804,184.811
2026-08-20 01:50:00+09:00,184.811,184.826,184.789,184.811
2026-08-20 01:55:00+09:00,184.811,184.825,184.78,184.817
2026-08-20 02:00:00+09:00,184.817,184.855,184.804,184.839
2026-08-20 02:05:00+09:00,184.839,184.868,184.839,184.866
2026-08-20 02:10:00+09:00,184.866,184.894,184.865,184.882
2026-08-20 02:15:00+09:00,184.882,184.894,184.816,184.821
2026-08-20 02:20:00+09:00,184.821,184.86,184.821,184.859
2026-08-20 02:25:00+09:00,184.858,184.878,184.854,184.877
2026-08-20 02:30:00+09:00,184.877,184.886,184.857,184.873
2026-08-20 02:35:00+09:00,184.873,184.9,184.866,184.896
2026-08-20 02:40:00+09:00,184.897,184.906,184.887,184.894
2026-08-20 02:45:00+09:00,184.894,184.922,184.889,184.922
2026-08-20 02:50:00+09:00,184.922,184.946,184.915,184.935
2026-08-20 02:55:00+09:00,184.935,184.94,184.902,184.912
2026-08-20 03:00:00+09:00,184.913,184.929,184.858,184.867
2026-08-20 03:05:00+09:00,184.869,184.879,184.829,184.837
2026-08-20 03:10:00+09:00,184.837,184.846,184.81,184.845
2026-08-20 03:15:00+09:00,184.845,184.862,184.832,184.84
2026-08-20 03:20:00+09:00,184.841,184.848,184.82,184.83
2026-08-20 03:25:00+09:00,184.83,184.831,184.808,184.818
2026-08-20 03:30:00+09:00,184.815,184.826,184.803,184.814
2026-08-20 03:35:00+09:00,184.814,184.823,184.785,184.802
2026-08-20 03:40:00+09:00,184.802,184.805,184.764,184.805
2026-08-20 03:45:00+09:00,184.805,184.81,184.769,184.781
2026-08-20 03:50:00+09:00,184.781,184.799,184.781,184.795
2026-08-20 03:55:00+09:00,184.795,184.82,184.782,184.818
2026-08-20 04:00:00+09:00,184.818,184.857,184.799,184.806
2026-08-20 04:05:00+09:00,184.806,184.823,184.799,184.82
2026-08-20 04:10:00+09:00,184.82,184.822,184.787,184.797
2026-08-20 04:15:00+09:00,184.797,184.813,184.777,184.778
2026-08-20 04:20:00+09:00,184.778,184.795,184.761,184.762
2026-08-20 04:25:00+09:00,184.762,184.768,184.682,184.693
2026-08-20 04:30:00+09:00,184.693,184.727,184.688,184.71
2026-08-20 04:35:00+09:00,184.709,184.751,184.705,184.722
2026-08-20 04:40:00+09:00,184.721,184.748,184.694,184.746
2026-08-20 04:45:00+09:00,184.746,184.768,184.742,184.762
2026-08-20 04:50:00+09:00,184.762,184.77,184.732,184.732
2026-08-20 04:55:00+09:00,184.732,184.753,184.62,184.679
2026-08-20 05:00:00+09:00,184.678,184.684,184.619,184.654
2026-08-20 05:05:00+09:00,184.654,184.686,184.654,184.667
2026-08-20 05:10:00+09:00,184.668,184.689,184.667,184.669
2026-08-20 05:15:00+09:00,184.669,184.695,184.669,184.693
2026-08-20 05:20:00+09:00,184.693,184.71,184.69,184.708
2026-08-20 05:25:00+09:00,184.709,184.729,184.707,184.722
2026-08-20 05:30:00+09:00,184.722,184.747,184.72,184.74
2026-08-20 05:35:00+09:00,184.74,184.747,184.705,184.723
2026-08-20 05:40:00+09:00,184.723,184.737,184.689,184.706
2026-08-20 05:45:00+09:00,184.706,184.768,184.701,184.756
2026-08-20 05:50:00+09:00,184.757,184.772,184.75,184.755
2026-08-20 05:55:00+09:00,184.755,184.767,184.726,184.744
2026-08-20 06:00:00+09:00,184.744,184.744,184.691,184.703
2026-08-20 06:05:00+09:00,184.703,184.703,184.695,184.695
2026-08-20 06:10:00+09:00,184.695,184.7,184.675,184.679
2026-08-20 06:15:00+09:00,184.679,184.697,184.672,184.673
2026-08-20 06:20:00+09:00,184.673,184.675,184.665,184.665
2026-08-20 06:25:00+09:00,184.665,184.682,184.665,184.682
2026-08-20 06:30:00+09:00,184.682,184.687,184.677,184.687
2026-08-20 06:35:00+09:00,184.687,184.688,184.682,184.685
2026-08-20 06:40:00+09:00,184.685,184.69,184.682,184.689
2026-08-20 06:45:00+09:00,184.689,184.706,184.688,184.703
2026-08-20 06:50:00+09:00,184.703,184.731,184.703,184.727
2026-08-20 06:55:00+09:00,184.727,184.77,184.689,184.689
2026-08-20 07:00:00+09:00,184.689,184.715,184.635,184.652
2026-08-20 07:05:00+09:00,184.652,184.689,184.638,184.684
2026-08-20 07:10:00+09:00,184.684,184.686,184.623,184.635
2026-08-20 07:15:00+09:00,184.635,184.635,184.611,184.628
2026-08-20 07:20:00+09:00,184.628,184.628,184.607,184.614
2026-08-20 07:25:00+09:00,184.614,184.626,184.613,184.625
2026-08-20 07:30:00+09:00,184.625,184.65,184.625,184.638
2026-08-20 07:35:00+09:00,184.638,184.664,184.636,184.658
2026-08-20 07:40:00+09:00,184.658,184.675,184.654,184.673
2026-08-20 07:45:00+09:00,184.673,184.685,184.666,184.685
2026-08-20 07:50:00+09:00,184.685,184.732,184.683,184.73
2026-08-20 07:55:00+09:00,184.731,184.732,184.708,184.719
2026-08-20 08:00:00+09:00,184.719,184.752,184.712,184.745
2026-08-20 08:05:00+09:00,184.745,184.756,184.725,184.741
2026-08-20 08:10:00+09:00,184.741,184.761,184.739,184.743
2026-08-20 08:15:00+09:00,184.743,184.757,184.726,184.727
2026-08-20 08:20:00+09:00,184.727,184.732,184.713,184.724
2026-08-20 08:25:00+09:00,184.725,184.753,184.721,184.745
2026-08-20 08:30:00+09:00,184.745,184.758,184.736,184.758
2026-08-20 08:35:00+09:00,184.758,184.775,184.727,184.733
2026-08-20 08:40:00+09:00,184.733,184.754,184.725,184.749
2026-08-20 08:45:00+09:00,184.749,184.767,184.747,184.76
2026-08-20 08:50:00+09:00,184.76,184.767,184.74,184.747
2026-08-20 08:55:00+09:00,184.748,184.782,184.745,184.775
2026-08-20 09:00:00+09:00,184.776,184.822,184.735,184.763
2026-08-20 09:05:00+09:00,184.762,184.869,184.761,184.867
2026-08-20 09:10:00+09:00,184.867,184.902,184.859,184.887
2026-08-20 09:15:00+09:00,184.885,184.888,184.841,184.871
2026-08-20 09:20:00+09:00,184.871,184.886,184.834,184.867
2026-08-20 09:25:00+09:00,184.867,184.885,184.849,184.866
2026-08-20 09:30:00+09:00,184.866,184.866,184.824,184.859
2026-08-20 09:35:00+09:00,184.859,184.869,184.842,184.865
2026-08-20 09:40:00+09:00,184.865,184.899,184.864,184.899
2026-08-20 09:45:00+09:00,184.899,184.909,184.884,184.904
2026-08-20 09:50:00+09:00,184.904,184.948,184.894,184.933
2026-08-20 09:55:00+09:00,184.931,184.933,184.882,184.929
2026-08-20 10:00:00+09:00,184.93,184.977,184.925,184.945
2026-08-20 10:05:00+09:00,184.946,184.964,184.938,184.945
2026-08-20 10:10:00+09:00,184.946,184.997,184.946,184.972
2026-08-20 10:15:00+09:00,184.972,185.006,184.965,184.978
2026-08-20 10:20:00+09:00,184.978,184.997,184.971,184.988
2026-08-20 10:25:00+09:00,184.988,184.999,184.973,184.979
2026-08-20 10:30:00+09:00,184.978,184.998,184.952,184.983
2026-08-20 10:35:00+09:00,184.983,185.044,184.976,185.035
2026-08-20 10:40:00+09:00,185.035,185.093,185.033,185.088
2026-08-20 10:45:00+09:00,185.088,185.125,185.071,185.118
2026-08-20 10:50:00+09:00,185.118,185.122,185.06,185.073
2026-08-20 10:55:00+09:00,185.073,185.115,185.064,185.113
2026-08-20 11:00:00+09:00,185.11,185.126,184.986,185.111
2026-08-20 11:05:00+09:00,185.111,185.116,185.055,185.106
2026-08-20 11:10:00+09:00,185.106,185.128,185.064,185.079
2026-08-20 11:15:00+09:00,185.079,185.08,185.024,185.035
2026-08-20 11:20:00+09:00,185.035,185.045,185.006,185.027
2026-08-20 11:25:00+09:00,185.027,185.04,184.994,185.002
2026-08-20 11:30:00+09:00,185.002,185.007,184.964,184.977
2026-08-20 11:35:00+09:00,184.977,184.987,184.965,184.986
2026-08-20 11:40:00+09:00,184.986,184.996,184.964,184.992
2026-08-20 11:45:00+09:00,184.992,184.997,184.973,184.986
2026-08-20 11:50:00+09:00,184.986,185.01,184.979,185.001
2026-08-20 11:55:00+09:00,185.001,185.002,184.982,184.985
2026-08-20 12:00:00+09:00,184.985,184.996,184.976,184.987
2026-08-20 12:05:00+09:00,184.987,185.033,184.987,185.016
2026-08-20 12:10:00+09:00,185.016,185.017,184.978,184.979
2026-08-20 12:15:00+09:00,184.979,184.993,184.969,184.978
2026-08-20 12:20:00+09:00,184.978,185.003,184.977,184.99
2026-08-20 12:25:00+09:00,184.99,185.026,184.981,185.002
2026-08-20 12:30:00+09:00,185.002,185.04,185.0,185.04
2026-08-20 12:35:00+09:00,185.04,185.041,185.024,185.033
2026-08-20 12:40:00+09:00,185.033,185.047,185.017,185.039
2026-08-20 12:45:00+09:00,185.039,185.046,185.029,185.038
2026-08-20 12:50:00+09:00,185.038,185.067,185.02,185.023
2026-08-20 12:55:00+09:00,185.023,185.049,185.022,185.045
2026-08-20 13:00:00+09:00,185.045,185.051,185.032,185.041
2026-08-20 13:05:00+09:00,185.041,185.052,185.038,185.047
2026-08-20 13:10:00+09:00,185.047,185.072,185.039,185.045
2026-08-20 13:15:00+09:00,185.045,185.074,185.044,185.071
2026-08-20 13:20:00+09:00,185.071,185.072,185.036,185.043
2026-08-20 13:25:00+09:00,185.043,185.052,185.029,185.05
2026-08-20 13:30:00+09:00,185.05,185.083,185.042,185.079
2026-08-20 13:35:00+09:00,185.079,185.108,185.077,185.106
2026-08-20 13:40:00+09:00,185.108,185.119,185.105,185.112
2026-08-20 13:45:00+09:00,185.112,185.141,185.111,185.132
2026-08-20 13:50:00+09:00,185.132,185.209,185.115,185.194
2026-08-20 13:55:00+09:00,185.195,185.215,185.074,185.102
2026-08-20 14:00:00+09:00,185.105,185.125,185.097,185.114
2026-08-20 14:05:00+09:00,185.114,185.146,185.112,185.134
2026-08-20 14:10:00+09:00,185.134,185.16,185.117,185.126
2026-08-20 14:15:00+09:00,185.126,185.149,185.114,185.124
2026-08-20 14:20:00+09:00,185.124,185.188,185.123,185.182
2026-08-20 14:25:00+09:00,185.182,185.21,185.181,185.205
2026-08-20 14:30:00+09:00,185.205,185.241,185.2,185.228
2026-08-20 14:35:00+09:00,185.228,185.242,185.209,185.218
2026-08-20 14:40:00+09:00,185.218,185.249,185.202,185.243
2026-08-20 14:45:00+09:00,185.243,185.246,185.215,185.223
2026-08-20 14:50:00+09:00,185.223,185.24,185.19,185.196
2026-08-20 14:55:00+09:00,185.196,185.238,185.176,185.229
2026-08-20 15:00:00+09:00,185.229,185.246,185.201,185.207
2026-08-20 15:05:00+09:00,185.207,185.218,185.193,185.202
2026-08-20 15:10:00+09:00,185.202,185.214,185.168,185.189
2026-08-20 15:15:00+09:00,185.189,185.198,185.125,185.126
2026-08-20 15:20:00+09:00,185.126,185.13,185.062,185.075
2026-08-20 15:25:00+09:00,185.075,185.131,185.075,185.095
2026-08-20 15:30:00+09:00,185.095,185.136,185.084,185.113
2026-08-20 15:35:00+09:00,185.112,185.124,185.074,185.108
2026-08-20 15:40:00+09:00,185.108,185.131,185.097,185.103
2026-08-20 15:45:00+09:00,185.103,185.175,185.1,185.171
2026-08-20 15:50:00+09:00,185.171,185.174,185.137,185.153
2026-08-20 15:55:00+09:00,185.153,185.156,185.096,185.1
2026-08-20 16:00:00+09:00,185.1,185.1,185.054,185.072
2026-08-20 16:05:00+09:00,185.072,185.079,185.006,185.044
2026-08-20 16:10:00+09:00,185.044,185.054,185.012,185.038
2026-08-20 16:15:00+09:00,185.037,185.079,185.034,185.065
2026-08-20 16:20:00+09:00,185.065,185.128,185.053,185.124
2026-08-20 16:25:00+09:00,185.124,185.167,185.116,185.157
2026-08-20 16:30:00+09:00,185.157,185.229,185.154,185.171
2026-08-20 16:35:00+09:00,185.171,185.225,185.158,185.225
2026-08-20 16:40:00+09:00,185.225,185.259,185.193,185.254
2026-08-20 16:45:00+09:00,185.254,185.255,185.217,185.243
2026-08-20 16:50:00+09:00,185.243,185.249,185.204,185.246
2026-08-20 16:55:00+09:00,185.246,185.289,185.235,185.261
2026-08-20 17:00:00+09:00,185.261,185.295,185.247,185.259
2026-08-20 17:05:00+09:00,185.259,185.291,185.215,185.266
2026-08-20 17:10:00+09:00,185.264,185.289,185.238,185.245
2026-08-20 17:15:00+09:00,185.246,185.26,185.21,185.229
2026-08-20 17:20:00+09:00,185.229,185.255,185.228,185.249
2026-08-20 17:25:00+09:00,185.249,185.299,185.232,185.297
2026-08-20 17:30:00+09:00,185.297,185.312,185.266,185.274
2026-08-20 17:35:00+09:00,185.274,185.319,185.273,185.319
2026-08-20 17:40:00+09:00,185.319,185.423,185.317,185.403
2026-08-20 17:45:00+09:00,185.403,185.418,185.376,185.399
2026-08-20 17:50:00+09:00,185.398,185.472,185.398,185.44
2026-08-20 17:55:00+09:00,185.44,185.451,185.41,185.421
2026-08-20 18:00:00+09:00,185.421,185.423,185.355,185.36
2026-08-20 18:05:00+09:00,185.36,185.387,185.351,185.374
2026-08-20 18:10:00+09:00,185.374,185.409,185.358,185.407
2026-08-20 18:15:00+09:00,185.407,185.408,185.268,185.286
2026-08-20 18:20:00+09:00,185.286,185.313,185.244,185.271
2026-08-20 18:25:00+09:00,185.272,185.321,185.251,185.312
2026-08-20 18:30:00+09:00,185.312,185.317,185.259,185.278
2026-08-20 18:35:00+09:00,185.278,185.307,185.267,185.289
2026-08-20 18:40:00+09:00,185.289,185.321,185.278,185.295
2026-08-20 18:45:00+09:00,185.295,185.305,185.276,185.297
2026-08-20 18:50:00+09:00,185.297,185.384,185.284,185.377
2026-08-20 18:55:00+09:00,185.377,185.399,185.367,185.373
2026-08-20 19:00:00+09:00,185.374,185.387,185.351,185.357
2026-08-20 19:05:00+09:00,185.357,185.359,185.306,185.323
2026-08-20 19:10:00+09:00,185.324,185.338,185.305,185.324
2026-08-20 19:15:00+09:00,185.324,185.345,185.304,185.32
2026-08-20 19:20:00+09:00,185.32,185.328,185.304,185.316
2026-08-20 19:25:00+09:00,185.316,185.321,185.295,185.317
2026-08-20 19:30:00+09:00,185.318,185.342,185.313,185.316
2026-08-20 19:35:00+09:00,185.316,185.328,185.283,185.283
2026-08-20 19:40:00+09:00,185.283,185.341,185.28,185.33
2026-08-20 19:45:00+09:00,185.33,185.369,185.323,185.368
2026-08-20 19:50:00+09:00,185.369,185.374,185.328,185.344
2026-08-20 19:55:00+09:00,185.344,185.393,185.343,185.368
2026-08-20 20:00:00+09:00,185.368,185.435,185.368,185.432
2026-08-20 20:05:00+09:00,185.432,185.471,185.412,185.418
2026-08-20 20:10:00+09:00,185.418,185.431,185.404,185.425
2026-08-20 20:15:00+09:00,185.425,185.453,185.419,185.432
2026-08-20 20:20:00+09:00,185.431,185.431,185.402,185.422
2026-08-20 20:25:00+09:00,185.426,185.447,185.402,185.402
2026-08-20 20:30:00+09:00,185.402,185.426,185.373,185.423
2026-08-20 20:35:00+09:00,185.422,185.441,185.41,185.412
2026-08-20 20:40:00+09:00,185.411,185.436,185.39,185.419
2026-08-20 20:45:00+09:00,185.419,185.449,185.401,185.415
2026-08-20 20:50:00+09:00,185.416,185.427,185.399,185.414
2026-08-20 20:55:00+09:00,185.413,185.413,185.36,185.393
2026-08-20 21:00:00+09:00,185.393,185.465,185.387,185.436
2026-08-20 21:05:00+09:00,185.436,185.465,185.433,185.454
2026-08-20 21:10:00+09:00,185.455,185.49,185.444,185.456
2026-08-20 21:15:00+09:00,185.456,185.468,185.418,185.435
2026-08-20 21:20:00+09:00,185.435,185.468,185.424,185.457
2026-08-20 21:25:00+09:00,185.457,185.457,185.401,185.424
2026-08-20 21:30:00+09:00,185.425,185.479,185.416,185.441
2026-08-20 21:35:00+09:00,185.441,185.483,185.44,185.459
2026-08-20 21:40:00+09:00,185.459,185.46,185.428,185.434
2026-08-20 21:45:00+09:00,185.434,185.449,185.397,185.397
2026-08-20 21:50:00+09:00,185.398,185.436,185.394,185.397
2026-08-20 21:55:00+09:00,185.397,185.452,185.394,185.436
2026-08-20 22:00:00+09:00,185.435,185.464,185.391,185.411
2026-08-20 22:05:00+09:00,185.412,185.431,185.396,185.4
2026-08-20 22:10:00+09:00,185.399,185.43,185.39,185.408
2026-08-20 22:15:00+09:00,185.408,185.413,185.363,185.37
2026-08-20 22:20:00+09:00,185.37,185.388,185.351,185.386
2026-08-20 22:25:00+09:00,185.386,185.397,185.36,185.387
2026-08-20 22:30:00+09:00,185.386,185.447,185.379,185.422
2026-08-20 22:35:00+09:00,185.422,185.423,185.36,185.37
2026-08-20 22:40:00+09:00,185.37,185.397,185.366,185.39
2026-08-20 22:45:00+09:00,185.39,185.434,185.374,185.433
2026-08-20 22:50:00+09:00,185.433,185.449,185.397,185.405
2026-08-20 22:55:00+09:00,185.405,185.453,185.391,185.437
2026-08-20 23:00:00+09:00,185.439,185.5,185.422,185.488
2026-08-20 23:05:00+09:00,185.489,185.499,185.452,185.464
2026-08-20 23:10:00+09:00,185.464,185.464,185.427,185.43
2026-08-20 23:15:00+09:00,185.43,185.456,185.419,185.447
2026-08-20 23:20:00+09:00,185.447,185.454,185.412,185.428
2026-08-20 23:25:00+09:00,185.428,185.471,185.424,185.453
2026-08-20 23:30:00+09:00,185.453,185.503,185.453,185.478
2026-08-20 23:35:00+09:00,185.479,185.49,185.448,185.49
2026-08-20 23:40:00+09:00,185.49,185.495,185.449,185.451
2026-08-20 23:45:00+09:00,185.452,185.503,185.432,185.463
2026-08-20 23:50:00+09:00,185.463,185.497,185.453,185.49
2026-08-20 23:55:00+09:00,185.49,185.49,185.425,185.442
2026-08-21 00:00:00+09:00,185.443,185.483,185.375,185.47
2026-08-21 00:05:00+09:00,185.471,185.491,185.3,185.432
2026-08-21 00:10:00+09:00,185.432,185.501,185.431,185.48
2026-08-21 00:15:00+09:00,185.48,185.505,185.476,185.492
2026-08-21 00:20:00+09:00,185.492,185.517,185.479,185.486
2026-08-21 00:25:00+09:00,185.486,185.525,185.477,185.513
2026-08-21 00:30:00+09:00,185.513,185.536,185.505,185.521
2026-08-21 00:35:00+09:00,185.521,185.574,185.516,185.554
2026-08-21 00:40:00+09:00,185.554,185.582,185.544,185.568
2026-08-21 00:45:00+09:00,185.568,185.57,185.541,185.564
2026-08-21 00:50:00+09:00,185.564,185.583,185.542,185.574
2026-08-21 00:55:00+09:00,185.573,185.587,185.525,185.528
2026-08-21 01:00:00+09:00,185.528,185.568,185.525,185.567
2026-08-21 01:05:00+09:00,185.567,185.583,185.553,185.582
2026-08-21 01:10:00+09:00,185.583,185.597,185.575,185.589
2026-08-21 01:15:00+09:00,185.589,185.624,185.581,185.608
2026-08-21 01:20:00+09:00,185.608,185.63,185.595,185.629
2026-08-21 01:25:00+09:00,185.629,185.716,185.629,185.687
2026-08-21 01:30:00+09:00,185.688,185.695,185.637,185.642
2026-08-21 01:35:00+09:00,185.642,185.642,185.621,185.633
2026-08-21 01:40:00+09:00,185.633,185.65,185.616,185.619
2026-08-21 01:45:00+09:00,185.619,185.639,185.6,185.6
2026-08-21 01:50:00+09:00,185.6,185.619,185.594,185.616
2026-08-21 01:55:00+09:00,185.615,185.638,185.605,185.607
2026-08-21 02:00:00+09:00,185.607,185.618,185.589,185.6
2026-08-21 02:05:00+09:00,185.6,185.601,185.58,185.594
2026-08-21 02:10:00+09:00,185.594,185.613,185.581,185.611
2026-08-21 02:15:00+09:00,185.611,185.62,185.597,185.618
2026-08-21 02:20:00+09:00,185.618,185.645,185.613,185.643
2026-08-21 02:25:00+09:00,185.643,185.658,185.635,185.649
2026-08-21 02:30:00+09:00,185.649,185.686,185.649,185.678
2026-08-21 02:35:00+09:00,185.678,185.687,185.658,185.675
2026-08-21 02:40:00+09:00,185.677,185.689,185.664,185.669
2026-08-21 02:45:00+09:00,185.669,185.687,185.667,185.677
2026-08-21 02:50:00+09:00,185.677,185.681,185.666,185.677
2026-08-21 02:55:00+09:00,185.677,185.705,185.677,185.689
2026-08-21 03:00:00+09:00,185.689,185.696,185.678,185.691
2026-08-21 03:05:00+09:00,185.691,185.713,185.689,185.709
2026-08-21 03:10:00+09:00,185.709,185.767,185.705,185.746
2026-08-21 03:15:00+09:00,185.746,185.772,185.741,185.752
2026-08-21 03:20:00+09:00,185.752,185.775,185.75,185.77
2026-08-21 03:25:00+09:00,185.77,185.789,185.754,185.786
2026-08-21 03:30:00+09:00,185.785,185.792,185.767,185.772
2026-08-21 03:35:00+09:00,185.772,185.79,185.771,185.786
2026-08-21 03:40:00+09:00,185.786,185.786,185.772,185.781
2026-08-21 03:45:00+09:00,185.781,185.817,185.78,185.817
2026-08-21 03:50:00+09:00,185.817,185.817,185.776,185.79
2026-08-21 03:55:00+09:00,185.79,185.822,185.785,185.818
2026-08-21 04:00:00+09:00,185.818,185.83,185.797,185.8
2026-08-21 04:05:00+09:00,185.8,185.808,185.795,185.797
2026-08-21 04:10:00+09:00,185.797,185.809,185.791,185.808
2026-08-21 04:15:00+09:00,185.808,185.813,185.796,185.81
2026-08-21 04:20:00+09:00,185.81,185.811,185.792,185.802
2026-08-21 04:25:00+09:00,185.802,185.821,185.8,185.819
2026-08-21 04:30:00+09:00,185.819,185.827,185.799,185.802
2026-08-21 04:35:00+09:00,185.802,185.814,185.784,185.796
2026-08-21 04:40:00+09:00,185.796,185.804,185.788,185.799
2026-08-21 04:45:00+09:00,185.799,185.818,185.791,185.809
2026-08-21 04:50:00+09:00,185.809,185.818,185.805,185.809
2026-08-21 04:55:00+09:00,185.809,185.839,185.809,185.82
2026-08-21 05:00:00+09:00,185.82,185.834,185.807,185.812
2026-08-21 05:05:00+09:00,185.812,185.83,185.797,185.798
2026-08-21 05:10:00+09:00,185.798,185.807,185.785,185.805
2026-08-21 05:15:00+09:00,185.805,185.81,185.799,185.8
2026-08-21 05:20:00+09:00,185.8,185.824,185.799,185.822
2026-08-21 05:25:00+09:00,185.822,185.824,185.811,185.811
2026-08-21 05:30:00+09:00,185.811,185.816,185.791,185.795
2026-08-21 05:35:00+09:00,185.795,185.802,185.788,185.794
2026-08-21 05:40:00+09:00,185.794,185.799,185.787,185.794
2026-08-21 05:45:00+09:00,185.794,185.854,185.793,185.848
2026-08-21 05:50:00+09:00,185.848,185.851,185.825,185.827
2026-08-21 05:55:00+09:00,185.827,185.846,185.801,185.806
2026-08-21 06:00:00+09:00,185.806,185.813,185.769,185.813
2026-08-21 06:05:00+09:00,185.813,185.874,185.812,185.853
2026-08-21 06:10:00+09:00,185.853,185.853,185.81,185.813
2026-08-21 06:15:00+09:00,185.813,185.815,185.802,185.803
2026-08-21 06:20:00+09:00,185.803,185.805,185.792,185.804
2026-08-21 06:25:00+09:00,185.804,185.813,185.797,185.808
2026-08-21 06:30:00+09:00,185.808,185.819,185.794,185.814
2026-08-21 06:35:00+09:00,185.814,185.818,185.807,185.817
2026-08-21 06:40:00+09:00,185.817,185.856,185.799,185.826
2026-08-21 06:45:00+09:00,185.826,185.847,185.811,185.82
2026-08-21 06:50:00+09:00,185.82,185.845,185.814,185.83
2026-08-21 06:55:00+09:00,185.83,185.838,185.802,185.803
2026-08-21 07:00:00+09:00,185.803,185.85,185.803,185.834
2026-08-21 07:05:00+09:00,185.833,185.839,185.822,185.822
2026-08-21 07:10:00+09:00,185.822,185.823,185.783,185.792
2026-08-21 07:15:00+09:00,185.792,185.806,185.789,185.793
2026-08-21 07:20:00+09:00,185.793,185.796,185.779,185.779
2026-08-21 07:25:00+09:00,185.779,185.781,185.75,185.771
2026-08-21 07:30:00+09:00,185.771,185.781,185.768,185.777
2026-08-21 07:35:00+09:00,185.777,185.78,185.772,185.774
2026-08-21 07:40:00+09:00,185.774,185.775,185.756,185.771
2026-08-21 07:45:00+09:00,185.771,185.777,185.753,185.765
2026-08-21 07:50:00+09:00,185.765,185.766,185.734,185.747
2026-08-21 07:55:00+09:00,185.748,185.752,185.736,185.741
2026-08-21 08:00:00+09:00,185.74,185.74,185.715,185.733
2026-08-21 08:05:00+09:00,185.733,185.738,185.713,185.723
2026-08-21 08:10:00+09:00,185.723,185.728,185.69,185.705
2026-08-21 08:15:00+09:00,185.705,185.712,185.688,185.71
2026-08-21 08:20:00+09:00,185.709,185.713,185.707,185.709
2026-08-21 08:25:00+09:00,185.709,185.721,185.688,185.707
2026-08-21 08:30:00+09:00,185.707,185.736,185.684,185.716
2026-08-21 08:35:00+09:00,185.716,185.745,185.716,185.733
2026-08-21 08:40:00+09:00,185.733,185.741,185.702,185.717
2026-08-21 08:45:00+09:00,185.717,185.731,185.692,185.71
2026-08-21 08:50:00+09:00,185.71,185.752,185.691,185.748
2026-08-21 08:55:00+09:00,185.748,185.753,185.723,185.723
2026-08-21 09:00:00+09:00,185.723,185.79,185.686,185.767
2026-08-21 09:05:00+09:00,185.767,185.823,185.766,185.807
2026-08-21 09:10:00+09:00,185.807,185.821,185.796,185.821
2026-08-21 09:15:00+09:00,185.821,185.836,185.771,185.773
2026-08-21 09:20:00+09:00,185.772,185.812,185.763,185.806
2026-08-21 09:25:00+09:00,185.806,185.851,185.806,185.839
2026-08-21 09:30:00+09:00,185.839,185.903,185.834,185.9
2026-08-21 09:35:00+09:00,185.901,185.916,185.874,185.907
2026-08-21 09:40:00+09:00,185.907,185.913,185.87,185.897
2026-08-21 09:45:00+09:00,185.897,185.939,185.893,185.937
2026-08-21 09:50:00+09:00,185.936,185.936,185.87,185.884
2026-08-21 09:55:00+09:00,185.883,185.905,185.859,185.879
2026-08-21 10:00:00+09:00,185.879,185.922,185.872,185.9
2026-08-21 10:05:00+09:00,185.9,185.926,185.887,185.918
2026-08-21 10:10:00+09:00,185.918,185.927,185.901,185.907
2026-08-21 10:15:00+09:00,185.907,185.917,185.878,185.91
2026-08-21 10:20:00+09:00,185.91,185.912,185.849,185.853
2026-08-21 10:25:00+09:00,185.853,185.861,185.819,185.856
2026-08-21 10:30:00+09:00,185.856,185.862,185.827,185.84
2026-08-21 10:35:00+09:00,185.839,185.84,185.805,185.822
2026-08-21 10:40:00+09:00,185.821,185.856,185.817,185.855
2026-08-21 10:45:00+09:00,185.855,185.856,185.821,185.826
2026-08-21 10:50:00+09:00,185.826,185.853,185.82,185.84
2026-08-21 10:55:00+09:00,185.84,185.851,185.812,185.822
2026-08-21 11:00:00+09:00,185.821,185.849,185.808,185.849
2026-08-21 11:05:00+09:00,185.849,185.879,185.835,185.874
2026-08-21 11:10:00+09:00,185.874,185.887,185.859,185.886
2026-08-21 11:15:00+09:00,185.886,185.911,185.882,185.906
2026-08-21 11:20:00+09:00,185.905,185.945,185.89,185.941
2026-08-21 11:25:00+09:00,185.94,185.943,185.914,185.941
2026-08-21 11:30:00+09:00,185.941,185.941,185.892,185.895
2026-08-21 11:35:00+09:00,185.895,185.898,185.858,185.863
2026-08-21 11:40:00+09:00,185.863,185.905,185.838,185.901
2026-08-21 11:45:00+09:00,185.901,185.916,185.89,185.915
2026-08-21 11:50:00+09:00,185.914,185.953,185.91,185.95
2026-08-21 11:55:00+09:00,185.95,185.954,185.924,185.933
2026-08-21 12:00:00+09:00,185.933,185.954,185.925,185.952
2026-08-21 12:05:00+09:00,185.952,185.953,185.929,185.947
2026-08-21 12:10:00+09:00,185.947,185.955,185.945,185.951
2026-08-21 12:15:00+09:00,185.951,185.952,185.927,185.938
2026-08-21 12:20:00+09:00,185.938,185.956,185.935,185.951
2026-08-21 12:25:00+09:00,185.951,185.969,185.939,185.955
2026-08-21 12:30:00+09:00,185.955,186.027,185.952,186.005
2026-08-21 12:35:00+09:00,186.005,186.019,185.983,185.983
2026-08-21 12:40:00+09:00,185.983,185.991,185.971,185.972
2026-08-21 12:45:00+09:00,185.972,185.99,185.972,185.976
2026-08-21 12:50:00+09:00,185.976,185.986,185.956,185.957
2026-08-21 12:55:00+09:00,185.957,185.958,185.93,185.942
2026-08-21 13:00:00+09:00,185.942,185.945,185.895,185.903
2026-08-21 13:05:00+09:00,185.903,185.933,185.89,185.926
2026-08-21 13:10:00+09:00,185.926,185.937,185.911,185.917
2026-08-21 13:15:00+09:00,185.917,185.928,185.912,185.922
2026-08-21 13:20:00+09:00,185.922,185.939,185.917,185.939
2026-08-21 13:25:00+09:00,185.939,185.962,185.933,185.94
2026-08-21 13:30:00+09:00,185.94,185.965,185.937,185.952
2026-08-21 13:35:00+09:00,185.952,185.974,185.952,185.956
2026-08-21 13:40:00+09:00,185.956,185.972,185.945,185.947
2026-08-21 13:45:00+09:00,185.947,185.975,185.94,185.96
2026-08-21 13:50:00+09:00,185.96,185.967,185.945,185.949
2026-08-21 13:55:00+09:00,185.949,185.964,185.922,185.93
2026-08-21 14:00:00+09:00,185.93,185.946,185.908,185.919
2026-08-21 14:05:00+09:00,185.919,185.93,185.91,185.924
2026-08-21 14:10:00+09:00,185.924,185.936,185.913,185.934
2026-08-21 14:15:00+09:00,185.935,185.942,185.924,185.928
2026-08-21 14:20:00+09:00,185.928,185.938,185.924,185.929
2026-08-21 14:25:00+09:00,185.929,185.935,185.914,185.915
2026-08-21 14:30:00+09:00,185.915,185.915,185.887,185.89
2026-08-21 14:35:00+09:00,185.89,185.894,185.847,185.874
2026-08-21 14:40:00+09:00,185.874,185.881,185.815,185.815
2026-08-21 14:45:00+09:00,185.815,185.849,185.8,185.801
2026-08-21 14:50:00+09:00,185.801,185.834,185.795,185.819
2026-08-21 14:55:00+09:00,185.819,185.821,185.792,185.807
2026-08-21 15:00:00+09:00,185.807,185.814,185.753,185.796
2026-08-21 15:05:00+09:00,185.796,185.82,185.77,185.781
2026-08-21 15:10:00+09:00,185.781,185.815,185.778,185.797
2026-08-21 15:15:00+09:00,185.797,185.872,185.791,185.87
2026-08-21 15:20:00+09:00,185.87,185.876,185.821,185.833
2026-08-21 15:25:00+09:00,185.833,185.891,185.833,185.88
2026-08-21 15:30:00+09:00,185.88,185.89,185.848,185.86
2026-08-21 15:35:00+09:00,185.859,185.885,185.827,185.87
2026-08-21 15:40:00+09:00,185.871,185.886,185.849,185.858
2026-08-21 15:45:00+09:00,185.858,185.871,185.826,185.846
2026-08-21 15:50:00+09:00,185.845,185.86,185.838,185.859
2026-08-21 15:55:00+09:00,185.859,185.893,185.854,185.877
2026-08-21 16:00:00+09:00,185.877,185.91,185.814,185.852
2026-08-21 16:05:00+09:00,185.852,185.852,185.819,185.844
2026-08-21 16:10:00+09:00,185.844,185.881,185.842,185.855
2026-08-21 16:15:00+09:00,185.855,185.868,185.833,185.863
2026-08-21 16:20:00+09:00,185.863,185.867,185.823,185.831
2026-08-21 16:25:00+09:00,185.83,185.834,185.786,185.794
2026-08-21 16:30:00+09:00,185.794,185.806,185.752,185.77
2026-08-21 16:35:00+09:00,185.77,185.776,185.684,185.688
2026-08-21 16:40:00+09:00,185.688,185.699,185.663,185.685
2026-08-21 16:45:00+09:00,185.685,185.686,185.602,185.607
2026-08-21 16:50:00+09:00,185.607,185.657,185.57,185.643
2026-08-21 16:55:00+09:00,185.643,185.683,185.634,185.683
2026-08-21 17:00:00+09:00,185.682,185.684,185.651,185.67
2026-08-21 17:05:00+09:00,185.67,185.736,185.653,185.721
2026-08-21 17:10:00+09:00,185.721,185.75,185.691,185.729
2026-08-21 17:15:00+09:00,185.729,185.737,185.705,185.707
2026-08-21 17:20:00+09:00,185.707,185.724,185.676,185.687
2026-08-21 17:25:00+09:00,185.686,185.701,185.643,185.65
2026-08-21 17:30:00+09:00,185.65,185.672,185.615,185.618
2026-08-21 17:35:00+09:00,185.616,185.647,185.551,185.552
2026-08-21 17:40:00+09:00,185.552,185.633,185.536,185.602
2026-08-21 17:45:00+09:00,185.603,185.665,185.588,185.611
2026-08-21 17:50:00+09:00,185.611,185.638,185.591,185.606
2026-08-21 17:55:00+09:00,185.606,185.617,185.545,185.567
2026-08-21 18:00:00+09:00,185.567,185.595,185.497,185.504
2026-08-21 18:05:00+09:00,185.504,185.565,185.453,185.483
2026-08-21 18:10:00+09:00,185.483,185.522,185.445,185.511
2026-08-21 18:15:00+09:00,185.51,185.55,185.509,185.541
2026-08-21 18:20:00+09:00,185.541,185.561,185.5,185.508
2026-08-21 18:25:00+09:00,185.508,185.534,185.49,185.514
2026-08-21 18:30:00+09:00,185.514,185.534,185.485,185.495
2026-08-21 18:35:00+09:00,185.496,185.541,185.485,185.531
2026-08-21 18:40:00+09:00,185.531,185.579,185.526,185.564
2026-08-21 18:45:00+09:00,185.564,185.597,185.56,185.579
2026-08-21 18:50:00+09:00,185.579,185.627,185.576,185.601
2026-08-21 18:55:00+09:00,185.601,185.602,185.57,185.573
2026-08-21 19:00:00+09:00,185.573,185.632,185.553,185.629
2026-08-21 19:05:00+09:00,185.629,185.638,185.591,185.628
2026-08-21 19:10:00+09:00,185.628,185.66,185.626,185.651
2026-08-21 19:15:00+09:00,185.651,185.655,185.619,185.63
2026-08-21 19:20:00+09:00,185.63,185.666,185.63,185.648
2026-08-21 19:25:00+09:00,185.648,185.654,185.605,185.621
2026-08-21 19:30:00+09:00,185.621,185.66,185.62,185.656
2026-08-21 19:35:00+09:00,185.657,185.689,185.655,185.683
2026-08-21 19:40:00+09:00,185.683,185.697,185.67,185.676
2026-08-21 19:45:00+09:00,185.676,185.694,185.66,185.689
2026-08-21 19:50:00+09:00,185.69,185.748,185.689,185.741
2026-08-21 19:55:00+09:00,185.741,185.76,185.705,185.715
2026-08-21 20:00:00+09:00,185.715,185.728,185.699,185.722
2026-08-21 20:05:00+09:00,185.722,185.765,185.718,185.76
2026-08-21 20:10:00+09:00,185.76,185.785,185.756,185.784
2026-08-21 20:15:00+09:00,185.785,185.79,185.763,185.771
2026-08-21 20:20:00+09:00,185.771,185.791,185.687,185.717
2026-08-21 20:25:00+09:00,185.717,185.722,185.631,185.657
2026-08-21 20:30:00+09:00,185.657,185.662,185.6,185.604
2026-08-21 20:35:00+09:00,185.604,185.635,185.517,185.551
2026-08-21 20:40:00+09:00,185.551,185.601,185.549,185.586
2026-08-21 20:45:00+09:00,185.586,185.646,185.584,185.626
2026-08-21 20:50:00+09:00,185.626,185.66,185.618,185.649
2026-08-21 20:55:00+09:00,185.649,185.682,185.631,185.679
2026-08-21 21:00:00+09:00,185.679,185.686,185.641,185.683
2026-08-21 21:05:00+09:00,185.684,185.694,185.653,185.661
2026-08-21 21:10:00+09:00,185.662,185.676,185.642,185.665
2026-08-21 21:15:00+09:00,185.664,185.68,185.637,185.64
2026-08-21 21:20:00+09:00,185.64,185.661,185.611,185.617
2026-08-21 21:25:00+09:00,185.616,185.641,185.605,185.608
2026-08-21 21:30:00+09:00,185.608,185.64,185.596,185.62
2026-08-21 21:35:00+09:00,185.621,185.622,185.571,185.606
2026-08-21 21:40:00+09:00,185.606,185.618,185.589,185.605
2026-08-21 21:45:00+09:00,185.605,185.619,185.583,185.586
2026-08-21 21:50:00+09:00,185.586,185.621,185.586,185.591
2026-08-21 21:55:00+09:00,185.591,185.615,185.577,185.596
2026-08-21 22:00:00+09:00,185.596,185.599,185.564,185.591
2026-08-21 22:05:00+09:00,185.591,185.603,185.547,185.594
2026-08-21 22:10:00+09:00,185.593,185.608,185.57,185.581
2026-08-21 22:15:00+09:00,185.582,185.644,185.582,185.619
2026-08-21 22:20:00+09:00,185.619,185.633,185.581,185.582
2026-08-21 22:25:00+09:00,185.582,185.621,185.569,185.615
2026-08-21 22:30:00+09:00,185.616,185.62,185.556,185.559
2026-08-21 22:35:00+09:00,185.557,185.571,185.521,185.541
2026-08-21 22:40:00+09:00,185.541,185.585,185.53,185.565
2026-08-21 22:45:00+09:00,185.566,185.623,185.554,185.568
2026-08-21 22:50:00+09:00,185.568,185.569,185.511,185.521
2026-08-21 22:55:00+09:00,185.522,185.531,185.497,185.508
2026-08-21 23:00:00+09:00,185.508,185.54,185.495,185.54
2026-08-21 23:05:00+09:00,185.54,185.542,185.509,185.528
2026-08-21 23:10:00+09:00,185.528,185.536,185.507,185.514
2026-08-21 23:15:00+09:00,185.514,185.533,185.513,185.519
2026-08-21 23:20:00+09:00,185.519,185.524,185.5,185.506
2026-08-21 23:25:00+09:00,185.506,185.507,185.458,185.47
2026-08-21 23:30:00+09:00,185.47,185.557,185.47,185.549
2026-08-21 23:35:00+09:00,185.549,185.576,185.521,185.528
2026-08-21 23:40:00+09:00,185.528,185.569,185.514,185.563
2026-08-21 23:45:00+09:00,185.563,185.574,185.54,185.574
2026-08-21 23:50:00+09:00,185.574,185.574,185.513,185.513
2026-08-21 23:55:00+09:00,185.513,185.614,185.497,185.555
2026-08-22 00:00:00+09:00,185.555,185.586,185.536,185.58
2026-08-22 00:05:00+09:00,185.581,185.586,185.538,185.563
2026-08-22 00:10:00+09:00,185.563,185.66,185.563,185.646
2026-08-22 00:15:00+09:00,185.646,185.658,185.626,185.632
2026-08-22 00:20:00+09:00,185.632,185.657,185.614,185.651
2026-08-22 00:25:00+09:00,185.651,185.657,185.621,185.636
2026-08-22 00:30:00+09:00,185.637,185.648,185.602,185.606
2026-08-22 00:35:00+09:00,185.606,185.631,185.589,185.609
2026-08-22 00:40:00+09:00,185.609,185.632,185.603,185.632
2026-08-22 00:45:00+09:00,185.632,185.655,185.63,185.655
2026-08-22 00:50:00+09:00,185.655,185.696,185.649,185.693
2026-08-22 00:55:00+09:00,185.693,185.707,185.658,185.669
2026-08-22 01:00:00+09:00,185.669,185.706,185.669,185.694
2026-08-22 01:05:00+09:00,185.694,185.716,185.686,185.699
2026-08-22 01:10:00+09:00,185.697,185.713,185.688,185.7
2026-08-22 01:15:00+09:00,185.7,185.706,185.682,185.694
2026-08-22 01:20:00+09:00,185.694,185.717,185.642,185.711
2026-08-22 01:25:00+09:00,185.711,185.725,185.705,185.715
2026-08-22 01:30:00+09:00,185.715,185.717,185.698,185.707
2026-08-22 01:35:00+09:00,185.707,185.715,185.696,185.71
2026-08-22 01:40:00+09:00,185.71,185.714,185.683,185.692
2026-08-22 01:45:00+09:00,185.692,185.699,185.674,185.683
2026-08-22 01:50:00+09:00,185.683,185.702,185.675,185.691
2026-08-22 01:55:00+09:00,185.691,185.712,185.691,185.703
2026-08-22 02:00:00+09:00,185.703,185.732,185.703,185.713
2026-08-22 02:05:00+09:00,185.713,185.731,185.706,185.721
2026-08-22 02:10:00+09:00,185.721,185.726,185.706,185.713
2026-08-22 02:15:00+09:00,185.713,185.733,185.708,185.725
2026-08-22 02:20:00+09:00,185.725,185.735,185.72,185.733
2026-08-22 02:25:00+09:00,185.733,185.746,185.701,185.727
2026-08-22 02:30:00+09:00,185.727,185.735,185.72,185.732
2026-08-22 02:35:00+09:00,185.732,185.743,185.724,185.733
2026-08-22 02:40:00+09:00,185.733,185.745,185.73,185.744
2026-08-22 02:45:00+09:00,185.744,185.751,185.735,185.746
2026-08-22 02:50:00+09:00,185.746,185.75,185.732,185.742
2026-08-22 02:55:00+09:00,185.742,185.745,185.732,185.741
2026-08-22 03:00:00+09:00,185.741,185.766,185.741,185.764
2026-08-22 03:05:00+09:00,185.764,185.767,185.752,185.76
2026-08-22 03:10:00+09:00,185.76,185.767,185.75,185.752
2026-08-22 03:15:00+09:00,185.752,185.767,185.749,185.76
2026-08-22 03:20:00+09:00,185.76,185.773,185.759,185.768
2026-08-22 03:25:00+09:00,185.768,185.775,185.76,185.774
2026-08-22 03:30:00+09:00,185.775,185.779,185.77,185.777
2026-08-22 03:35:00+09:00,185.777,185.786,185.773,185.784
2026-08-22 03:40:00+09:00,185.784,185.797,185.782,185.795
2026-08-22 03:45:00+09:00,185.795,185.795,185.78,185.784
2026-08-22 03:50:00+09:00,185.784,185.796,185.776,185.78
2026-08-22 03:55:00+09:00,185.78,185.797,185.777,185.786
2026-08-22 04:00:00+09:00,185.786,185.787,185.752,185.753
2026-08-22 04:05:00+09:00,185.753,185.758,185.736,185.736
2026-08-22 04:10:00+09:00,185.736,185.764,185.734,185.761
2026-08-22 04:15:00+09:00,185.761,185.765,185.744,185.744
2026-08-22 04:20:00+09:00,185.744,185.753,185.735,185.745
2026-08-22 04:25:00+09:00,185.745,185.745,185.733,185.738
2026-08-22 04:30:00+09:00,185.739,185.74,185.717,185.722
2026-08-22 04:35:00+09:00,185.722,185.722,185.703,185.708
2026-08-22 04:40:00+09:00,185.707,185.719,185.706,185.716
2026-08-22 04:45:00+09:00,185.716,185.726,185.691,185.692
2026-08-22 04:50:00+09:00,185.692,185.709,185.673,185.675
2026-08-22 04:55:00+09:00,185.675,185.704,185.674,185.699
2026-08-22 05:00:00+09:00,185.699,185.708,185.686,185.697
2026-08-22 05:05:00+09:00,185.697,185.699,185.686,185.688
2026-08-22 05:10:00+09:00,185.688,185.692,185.673,185.685
2026-08-22 05:15:00+09:00,185.685,185.685,185.657,185.669
2026-08-22 05:20:00+09:00,185.669,185.684,185.667,185.67
2026-08-22 05:25:00+09:00,185.67,185.68,185.65,185.666
2026-08-22 05:30:00+09:00,185.666,185.671,185.635,185.646
2026-08-22 05:35:00+09:00,185.646,185.66,185.644,185.649
2026-08-22 05:40:00+09:00,185.649,185.649,185.616,185.62
2026-08-22 05:45:00+09:00,185.62,185.705,185.62,185.697
2026-08-22 05:50:00+09:00,185.697,185.717,185.684,185.702
2026-08-22 05:55:00+09:00,185.702,185.708,185.68,185.694
2026-08-24 07:00:00+09:00,185.564,185.666,185.564,185.61
2026-08-24 07:05:00+09:00,185.61,185.628,185.597,185.607
2026-08-24 07:10:00+09:00,185.607,185.653,185.605,185.643
2026-08-24 07:15:00+09:00,185.643,185.669,185.642,185.666
2026-08-24 07:20:00+09:00,185.666,185.686,185.665,185.68
2026-08-24 07:25:00+09:00,185.68,185.691,185.677,185.681
2026-08-24 07:30:00+09:00,185.681,185.694,185.681,185.687
2026-08-24 07:35:00+09:00,185.687,185.689,185.639,185.639
2026-08-24 07:40:00+09:00,185.639,185.656,185.635,185.656
2026-08-24 07:45:00+09:00,185.656,185.656,185.643,185.652
2026-08-24 07:50:00+09:00,185.652,185.655,185.634,185.645
2026-08-24 07:55:00+09:00,185.645,185.66,185.644,185.655
2026-08-24 08:00:00+09:00,185.655,185.659,185.6,185.613
2026-08-24 08:05:00+09:00,185.613,185.615,185.606,185.614
2026-08-24 08:10:00+09:00,185.614,185.616,185.602,185.605
2026-08-24 08:15:00+09:00,185.605,185.606,185.595,185.603
2026-08-24 08:20:00+09:00,185.603,185.625,185.603,185.624
2026-08-24 08:25:00+09:00,185.624,185.642,185.614,185.625
2026-08-24 08:30:00+09:00,185.625,185.636,185.623,185.629
2026-08-24 08:35:00+09:00,185.629,185.643,185.629,185.639
2026-08-24 08:40:00+09:00,185.639,185.654,185.639,185.651
2026-08-24 08:45:00+09:00,185.652,185.669,185.652,185.664
2026-08-24 08:50:00+09:00,185.664,185.67,185.64,185.644
2026-08-24 08:55:00+09:00,185.645,185.662,185.619,185.623
2026-08-24 09:00:00+09:00,185.623,185.651,185.598,185.646
2026-08-24 09:05:00+09:00,185.645,185.665,185.597,185.602
2026-08-24 09:10:00+09:00,185.602,185.628,185.585,185.609
2026-08-24 09:15:00+09:00,185.609,185.61,185.57,185.581
2026-08-24 09:20:00+09:00,185.581,185.581,185.518,185.527
2026-08-24 09:25:00+09:00,185.527,185.54,185.499,185.515
2026-08-24 09:30:00+09:00,185.515,185.526,185.459,185.46
2026-08-24 09:35:00+09:00,185.46,185.482,185.444,185.458
2026-08-24 09:40:00+09:00,185.458,185.49,185.458,185.481
2026-08-24 09:45:00+09:00,185.481,185.55,185.458,185.541
2026-08-24 09:50:00+09:00,185.541,185.549,185.47,185.478
2026-08-24 09:55:00+09:00,185.478,185.531,185.464,185.48
2026-08-24 10:00:00+09:00,185.48,185.526,185.478,185.521
2026-08-24 10:05:00+09:00,185.521,185.543,185.512,185.521
2026-08-24 10:10:00+09:00,185.521,185.552,185.521,185.551
2026-08-24 10:15:00+09:00,185.551,185.581,185.548,185.573
2026-08-24 10:20:00+09:00,185.573,185.602,185.551,185.556
2026-08-24 10:25:00+09:00,185.556,185.594,185.556,185.579
2026-08-24 10:30:00+09:00,185.579,185.606,185.573,185.59
2026-08-24 10:35:00+09:00,185.591,185.606,185.587,185.595
2026-08-24 10:40:00+09:00,185.595,185.596,185.56,185.569
2026-08-24 10:45:00+09:00,185.569,185.589,185.559,185.575
2026-08-24 10:50:00+09:00,185.575,185.595,185.569,185.576
2026-08-24 10:55:00+09:00,185.576,185.58,185.546,185.559
2026-08-24 11:00:00+09:00,185.559,185.567,185.544,185.551
2026-08-24 11:05:00+09:00,185.551,185.583,185.549,185.583
2026-08-24 11:10:00+09:00,185.583,185.595,185.576,185.59
2026-08-24 11:15:00+09:00,185.59,185.601,185.569,185.591
2026-08-24 11:20:00+09:00,185.591,185.591,185.577,185.578
2026-08-24 11:25:00+09:00,185.578,185.586,185.562,185.584
2026-08-24 11:30:00+09:00,185.584,185.615,185.581,185.612
2026-08-24 11:35:00+09:00,185.612,185.631,185.607,185.614
2026-08-24 11:40:00+09:00,185.614,185.625,185.605,185.613
2026-08-24 11:45:00+09:00,185.613,185.614,185.588,185.596
2026-08-24 11:50:00+09:00,185.596,185.606,185.581,185.594
2026-08-24 11:55:00+09:00,185.594,185.623,185.586,185.606
2026-08-24 12:00:00+09:00,185.606,185.643,185.604,185.64
2026-08-24 12:05:00+09:00,185.64,185.665,185.636,185.643
2026-08-24 12:10:00+09:00,185.642,185.647,185.623,185.639
2026-08-24 12:15:00+09:00,185.639,185.642,185.627,185.631
2026-08-24 12:20:00+09:00,185.631,185.644,185.626,185.626
2026-08-24 12:25:00+09:00,185.627,185.636,185.623,185.634
2026-08-24 12:30:00+09:00,185.634,185.641,185.631,185.64
2026-08-24 12:35:00+09:00,185.64,185.663,185.639,185.653
2026-08-24 12:40:00+09:00,185.653,185.661,185.642,185.647
2026-08-24 12:45:00+09:00,185.647,185.651,185.626,185.64
2026-08-24 12:50:00+09:00,185.64,185.653,185.633,185.634
2026-08-24 12:55:00+09:00,185.634,185.65,185.62,185.635
2026-08-24 13:00:00+09:00,185.635,185.636,185.605,185.62
2026-08-24 13:05:00+09:00,185.62,185.631,185.598,185.6
2026-08-24 13:10:00+09:00,185.6,185.601,185.508,185.571
2026-08-24 13:15:00+09:00,185.571,185.601,185.569,185.585
2026-08-24 13:20:00+09:00,185.585,185.59,185.569,185.583
2026-08-24 13:25:00+09:00,185.583,185.588,185.52,185.545
2026-08-24 13:30:00+09:00,185.545,185.558,185.532,185.546
2026-08-24 13:35:00+09:00,185.546,185.572,185.531,185.567
2026-08-24 13:40:00+09:00,185.567,185.584,185.563,185.576
2026-08-24 13:45:00+09:00,185.576,185.623,185.575,185.612
2026-08-24 13:50:00+09:00,185.612,185.622,185.592,185.595
2026-08-24 13:55:00+09:00,185.595,185.603,185.584,185.595
2026-08-24 14:00:00+09:00,185.595,185.645,185.594,185.597
2026-08-24 14:05:00+09:00,185.597,185.639,185.596,185.62
2026-08-24 14:10:00+09:00,185.62,185.64,185.609,185.634
2026-08-24 14:15:00+09:00,185.634,185.634,185.605,185.606
2026-08-24 14:20:00+09:00,185.606,185.621,185.601,185.618
2026-08-24 14:25:00+09:00,185.618,185.634,185.616,185.617
2026-08-24 14:30:00+09:00,185.617,185.633,185.605,185.615
2026-08-24 14:35:00+09:00,185.615,185.62,185.6,185.617
2026-08-24 14:40:00+09:00,185.618,185.639,185.614,185.616
2026-08-24 14:45:00+09:00,185.616,185.633,185.606,185.619
2026-08-24 14:50:00+09:00,185.619,185.633,185.61,185.619
2026-08-24 14:55:00+09:00,185.619,185.632,185.611,185.615
2026-08-24 15:00:00+09:00,185.614,185.625,185.573,185.578
2026-08-24 15:05:00+09:00,185.578,185.578,185.543,185.573
2026-08-24 15:10:00+09:00,185.573,185.574,185.554,185.559
2026-08-24 15:15:00+09:00,185.559,185.589,185.534,185.585
2026-08-24 15:20:00+09:00,185.585,185.593,185.564,185.583
2026-08-24 15:25:00+09:00,185.583,185.59,185.564,185.572
2026-08-24 15:30:00+09:00,185.572,185.628,185.572,185.618
2026-08-24 15:35:00+09:00,185.618,185.663,185.616,185.639
2026-08-24 15:40:00+09:00,185.639,185.643,185.619,185.62
2026-08-24 15:45:00+09:00,185.62,185.642,185.61,185.642
2026-08-24 15:50:00+09:00,185.641,185.651,185.628,185.646
2026-08-24 15:55:00+09:00,185.646,185.72,185.642,185.713
2026-08-24 16:00:00+09:00,185.713,185.73,185.67,185.67
2026-08-24 16:05:00+09:00,185.669,185.757,185.659,185.756
2026-08-24 16:10:00+09:00,185.756,185.758,185.703,185.708
2026-08-24 16:15:00+09:00,185.709,185.74,185.69,185.718
2026-08-24 16:20:00+09:00,185.718,185.754,185.708,185.752
2026-08-24 16:25:00+09:00,185.752,185.802,185.751,185.801
2026-08-24 16:30:00+09:00,185.801,185.804,185.75,185.767
2026-08-24 16:35:00+09:00,185.767,185.768,185.746,185.747
2026-08-24 16:40:00+09:00,185.747,185.754,185.683,185.686
2026-08-24 16:45:00+09:00,185.686,185.712,185.664,185.674
2026-08-24 16:50:00+09:00,185.674,185.697,185.654,185.697
2026-08-24 16:55:00+09:00,185.697,185.714,185.666,185.704
2026-08-24 17:00:00+09:00,185.704,185.738,185.695,185.728
2026-08-24 17:05:00+09:00,185.728,185.743,185.709,185.728
2026-08-24 17:10:00+09:00,185.728,185.752,185.705,185.729
2026-08-24 17:15:00+09:00,185.729,185.746,185.713,185.737
2026-08-24 17:20:00+09:00,185.737,185.752,185.723,185.724
2026-08-24 17:25:00+09:00,185.725,185.739,185.706,185.728
2026-08-24 17:30:00+09:00,185.727,185.769,185.724,185.764
2026-08-24 17:35:00+09:00,185.764,185.765,185.74,185.759
2026-08-24 17:40:00+09:00,185.758,185.768,185.734,185.742
2026-08-24 17:45:00+09:00,185.741,185.743,185.703,185.714
2026-08-24 17:50:00+09:00,185.714,185.715,185.689,185.704
2026-08-24 17:55:00+09:00,185.704,185.706,185.664,185.674
2026-08-24 18:00:00+09:00,185.674,185.71,185.67,185.674
2026-08-24 18:05:00+09:00,185.674,185.694,185.656,185.679
2026-08-24 18:10:00+09:00,185.68,185.682,185.647,185.655
2026-08-24 18:15:00+09:00,185.655,185.657,185.632,185.65
2026-08-24 18:20:00+09:00,185.65,185.696,185.646,185.688
2026-08-24 18:25:00+09:00,185.688,185.699,185.664,185.674
2026-08-24 18:30:00+09:00,185.674,185.68,185.626,185.627
2026-08-24 18:35:00+09:00,185.627,185.655,185.617,185.638
2026-08-24 18:40:00+09:00,185.638,185.682,185.632,185.676
2026-08-24 18:45:00+09:00,185.676,185.714,185.673,185.695
2026-08-24 18:50:00+09:00,185.695,185.717,185.693,185.697
2026-08-24 18:55:00+09:00,185.697,185.708,185.681,185.705
2026-08-24 19:00:00+09:00,185.705,185.731,185.691,185.707
2026-08-24 19:05:00+09:00,185.707,185.724,185.682,185.724
2026-08-24 19:10:00+09:00,185.724,185.731,185.694,185.706
2026-08-24 19:15:00+09:00,185.706,185.706,185.658,185.679
2026-08-24 19:20:00+09:00,185.679,185.686,185.641,185.676
2026-08-24 19:25:00+09:00,185.676,185.688,185.656,185.688
2026-08-24 19:30:00+09:00,185.688,185.69,185.636,185.641
2026-08-24 19:35:00+09:00,185.641,185.649,185.618,185.625
2026-08-24 19:40:00+09:00,185.625,185.648,185.606,185.646
2026-08-24 19:45:00+09:00,185.646,185.687,185.637,185.68
2026-08-24 19:50:00+09:00,185.68,185.708,185.678,185.694
2026-08-24 19:55:00+09:00,185.694,185.709,185.691,185.707
2026-08-24 20:00:00+09:00,185.707,185.73,185.703,185.712
2026-08-24 20:05:00+09:00,185.712,185.741,185.712,185.731
2026-08-24 20:10:00+09:00,185.731,185.736,185.709,185.712
2026-08-24 20:15:00+09:00,185.711,185.723,185.695,185.698
2026-08-24 20:20:00+09:00,185.698,185.735,185.696,185.729
2026-08-24 20:25:00+09:00,185.729,185.745,185.722,185.722
2026-08-24 20:30:00+09:00,185.723,185.741,185.711,185.713
2026-08-24 20:35:00+09:00,185.711,185.712,185.577,185.587
2026-08-24 20:40:00+09:00,185.587,185.629,185.546,185.547
2026-08-24 20:45:00+09:00,185.547,185.585,185.541,185.58
2026-08-24 20:50:00+09:00,185.58,185.61,185.578,185.61
2026-08-24 20:55:00+09:00,185.61,185.61,185.581,185.584
2026-08-24 21:00:00+09:00,185.584,185.607,185.568,185.601
2026-08-24 21:05:00+09:00,185.601,185.606,185.564,185.599
2026-08-24 21:10:00+09:00,185.599,185.599,185.563,185.563
2026-08-24 21:15:00+09:00,185.564,185.565,185.522,185.534
2026-08-24 21:20:00+09:00,185.533,185.534,185.482,185.525
2026-08-24 21:25:00+09:00,185.525,185.554,185.499,185.551
2026-08-24 21:30:00+09:00,185.551,185.552,185.499,185.521
2026-08-24 21:35:00+09:00,185.521,185.527,185.469,185.48
2026-08-24 21:40:00+09:00,185.48,185.54,185.478,185.531
2026-08-24 21:45:00+09:00,185.53,185.557,185.52,185.557
2026-08-24 21:50:00+09:00,185.557,185.573,185.54,185.571
2026-08-24 21:55:00+09:00,185.573,185.608,185.567,185.604
2026-08-24 22:00:00+09:00,185.604,185.636,185.592,185.632
2026-08-24 22:05:00+09:00,185.632,185.659,185.631,185.653
2026-08-24 22:10:00+09:00,185.653,185.701,185.653,185.696
2026-08-24 22:15:00+09:00,185.696,185.718,185.689,185.71
2026-08-24 22:20:00+09:00,185.71,185.756,185.706,185.746
2026-08-24 22:25:00+09:00,185.746,185.756,185.734,185.735
2026-08-24 22:30:00+09:00,185.735,185.751,185.718,185.726
2026-08-24 22:35:00+09:00,185.726,185.731,185.689,185.71
2026-08-24 22:40:00+09:00,185.709,185.709,185.665,185.673
2026-08-24 22:45:00+09:00,185.674,185.68,185.625,185.631
2026-08-24 22:50:00+09:00,185.631,185.654,185.612,185.627
2026-08-24 22:55:00+09:00,185.627,185.647,185.6,185.606
2026-08-24 23:00:00+09:00,185.606,185.618,185.567,185.603
2026-08-24 23:05:00+09:00,185.603,185.642,185.595,185.64
2026-08-24 23:10:00+09:00,185.64,185.694,185.62,185.691
2026-08-24 23:15:00+09:00,185.69,185.691,185.657,185.682
2026-08-24 23:20:00+09:00,185.682,185.714,185.68,185.703
2026-08-24 23:25:00+09:00,185.703,185.715,185.679,185.698
2026-08-24 23:30:00+09:00,185.698,185.717,185.684,185.699
2026-08-24 23:35:00+09:00,185.699,185.703,185.659,185.66
2026-08-24 23:40:00+09:00,185.66,185.678,185.65,185.659
2026-08-24 23:45:00+09:00,185.659,185.73,185.659,185.722
2026-08-24 23:50:00+09:00,185.722,185.727,185.654,185.672
2026-08-24 23:55:00+09:00,185.672,185.735,185.666,185.72
2026-08-25 00:00:00+09:00,185.72,185.729,185.69,185.713
2026-08-25 00:05:00+09:00,185.713,185.718,185.685,185.691
2026-08-25 00:10:00+09:00,185.691,185.696,185.664,185.678
2026-08-25 00:15:00+09:00,185.678,185.698,185.664,185.689
2026-08-25 00:20:00+09:00,185.689,185.719,185.684,185.718
2026-08-25 00:25:00+09:00,185.718,185.725,185.665,185.674
2026-08-25 00:30:00+09:00,185.674,185.703,185.666,185.703
2026-08-25 00:35:00+09:00,185.703,185.747,185.699,185.718
2026-08-25 00:40:00+09:00,185.718,185.736,185.71,185.714
2026-08-25 00:45:00+09:00,185.714,185.714,185.686,185.688
2026-08-25 00:50:00+09:00,185.688,185.694,185.677,185.686
2026-08-25 00:55:00+09:00,185.686,185.691,185.673,185.675
2026-08-25 01:00:00+09:00,185.675,185.684,185.603,185.633
2026-08-25 01:05:00+09:00,185.633,185.645,185.609,185.623
2026-08-25 01:10:00+09:00,185.623,185.633,185.609,185.615
2026-08-25 01:15:00+09:00,185.615,185.619,185.585,185.593
2026-08-25 01:20:00+09:00,185.592,185.605,185.57,185.58
2026-08-25 01:25:00+09:00,185.58,185.592,185.567,185.59
2026-08-25 01:30:00+09:00,185.59,185.6,185.566,185.577
2026-08-25 01:35:00+09:00,185.577,185.579,185.535,185.55
2026-08-25 01:40:00+09:00,185.55,185.595,185.546,185.59
2026-08-25 01:45:00+09:00,185.59,185.59,185.569,185.578
2026-08-25 01:50:00+09:00,185.578,185.58,185.565,185.579
2026-08-25 01:55:00+09:00,185.579,185.593,185.561,185.561
2026-08-25 02:00:00+09:00,185.561,185.567,185.547,185.55
2026-08-25 02:05:00+09:00,185.55,185.559,185.493,185.53
2026-08-25 02:10:00+09:00,185.531,185.549,185.52,185.543
2026-08-25 02:15:00+09:00,185.543,185.551,185.529,185.551
2026-08-25 02:20:00+09:00,185.551,185.57,185.539,185.546
2026-08-25 02:25:00+09:00,185.546,185.556,185.532,185.547
2026-08-25 02:30:00+09:00,185.549,185.585,185.543,185.581
2026-08-25 02:35:00+09:00,185.58,185.581,185.557,185.558
2026-08-25 02:40:00+09:00,185.558,185.569,185.551,185.555
2026-08-25 02:45:00+09:00,185.555,185.556,185.533,185.554
2026-08-25 02:50:00+09:00,185.554,185.565,185.548,185.564
2026-08-25 02:55:00+09:00,185.564,185.574,185.56,185.573
2026-08-25 03:00:00+09:00,185.572,185.59,185.562,185.584
2026-08-25 03:05:00+09:00,185.584,185.596,185.571,185.595
2026-08-25 03:10:00+09:00,185.595,185.609,185.592,185.602
2026-08-25 03:15:00+09:00,185.603,185.607,185.587,185.605
2026-08-25 03:20:00+09:00,185.605,185.632,185.599,185.627
2026-08-25 03:25:00+09:00,185.628,185.647,185.627,185.644
2026-08-25 03:30:00+09:00,185.644,185.66,185.641,185.654
2026-08-25 03:35:00+09:00,185.655,185.668,185.654,185.662
2026-08-25 03:40:00+09:00,185.662,185.666,185.651,185.662
2026-08-25 03:45:00+09:00,185.662,185.675,185.657,185.674
2026-08-25 03:50:00+09:00,185.674,185.678,185.651,185.675
2026-08-25 03:55:00+09:00,185.675,185.681,185.653,185.673
2026-08-25 04:00:00+09:00,185.673,185.673,185.64,185.648
2026-08-25 04:05:00+09:00,185.648,185.648,185.631,185.641
2026-08-25 04:10:00+09:00,185.641,185.65,185.63,185.64
2026-08-25 04:15:00+09:00,185.64,185.66,185.637,185.659
2026-08-25 04:20:00+09:00,185.659,185.661,185.641,185.641
2026-08-25 04:25:00+09:00,185.641,185.646,185.631,185.646
2026-08-25 04:30:00+09:00,185.646,185.647,185.624,185.624
2026-08-25 04:35:00+09:00,185.624,185.631,185.61,185.612
2026-08-25 04:40:00+09:00,185.612,185.614,185.603,185.614
2026-08-25 04:45:00+09:00,185.614,185.617,185.602,185.611
2026-08-25 04:50:00+09:00,185.611,185.614,185.595,185.598
2026-08-25 04:55:00+09:00,185.598,185.628,185.587,185.61
2026-08-25 05:00:00+09:00,185.61,185.631,185.61,185.625
2026-08-25 05:05:00+09:00,185.625,185.627,185.608,185.618
2026-08-25 05:10:00+09:00,185.618,185.622,185.609,185.621
2026-08-25 05:15:00+09:00,185.622,185.624,185.615,185.616
2026-08-25 05:20:00+09:00,185.616,185.632,185.614,185.63
2026-08-25 05:25:00+09:00,185.63,185.645,185.613,185.63
2026-08-25 05:30:00+09:00,185.63,185.632,185.623,185.624
2026-08-25 05:35:00+09:00,185.624,185.626,185.613,185.618
2026-08-25 05:40:00+09:00,185.618,185.62,185.591,185.595
2026-08-25 05:45:00+09:00,185.595,185.657,185.595,185.643
2026-08-25 05:50:00+09:00,185.643,185.647,185.617,185.629
2026-08-25 05:55:00+09:00,185.629,185.639,185.627,185.633
2026-08-25 06:00:00+09:00,185.633,185.638,185.583,185.61
2026-08-25 06:05:00+09:00,185.61,185.62,185.602,185.603
2026-08-25 06:10:00+09:00,185.603,185.61,185.592,185.597
2026-08-25 06:15:00+09:00,185.597,185.626,185.577,185.587
2026-08-25 06:20:00+09:00,185.587,185.606,185.586,185.601
2026-08-25 06:25:00+09:00,185.601,185.601,185.592,185.598
2026-08-25 06:30:00+09:00,185.598,185.602,185.589,185.596
2026-08-25 06:35:00+09:00,185.596,185.607,185.589,185.591
2026-08-25 06:40:00+09:00,185.591,185.643,185.576,185.631
2026-08-25 06:45:00+09:00,185.631,185.652,185.63,185.638
2026-08-25 06:50:00+09:00,185.638,185.672,185.615,185.656
2026-08-25 06:55:00+09:00,185.656,185.656,185.604,185.624
2026-08-25 07:00:00+09:00,185.624,185.638,185.579,185.611
2026-08-25 07:05:00+09:00,185.611,185.646,185.611,185.644
2026-08-25 07:10:00+09:00,185.644,185.646,185.606,185.615
2026-08-25 07:15:00+09:00,185.615,185.62,185.611,185.619
2026-08-25 07:20:00+09:00,185.619,185.632,185.614,185.628
2026-08-25 07:25:00+09:00,185.628,185.631,185.626,185.628
2026-08-25 07:30:00+09:00,185.628,185.634,185.618,185.623
2026-08-25 07:35:00+09:00,185.623,185.627,185.617,185.622
2026-08-25 07:40:00+09:00,185.622,185.627,185.619,185.62
2026-08-25 07:45:00+09:00,185.62,185.623,185.614,185.616
2026-08-25 07:50:00+09:00,185.616,185.616,185.613,185.615
2026-08-25 07:55:00+09:00,185.615,185.619,185.615,185.616
2026-08-25 08:00:00+09:00,185.616,185.62,185.572,185.573
2026-08-25 08:05:00+09:00,185.573,185.578,185.566,185.57
2026-08-25 08:10:00+09:00,185.57,185.579,185.563,185.578
2026-08-25 08:15:00+09:00,185.578,185.594,185.576,185.591
2026-08-25 08:20:00+09:00,185.591,185.616,185.591,185.61
2026-08-25 08:25:00+09:00,185.61,185.617,185.607,185.616
2026-08-25 08:30:00+09:00,185.616,185.633,185.612,185.631
2026-08-25 08:35:00+09:00,185.631,185.643,185.629,185.643
2026-08-25 08:40:00+09:00,185.643,185.664,185.64,185.662
2026-08-25 08:45:00+09:00,185.662,185.669,185.651,185.651
2026-08-25 08:50:00+09:00,185.651,185.707,185.645,185.688
2026-08-25 08:55:00+09:00,185.688,185.701,185.676,185.694
2026-08-25 09:00:00+09:00,185.694,185.702,185.652,185.653
2026-08-25 09:05:00+09:00,185.654,185.699,185.654,185.689
2026-08-25 09:10:00+09:00,185.689,185.709,185.686,185.703
2026-08-25 09:15:00+09:00,185.704,185.706,185.673,185.697
2026-08-25 09:20:00+09:00,185.697,185.72,185.69,185.705
2026-08-25 09:25:00+09:00,185.705,185.718,185.7,185.7
2026-08-25 09:30:00+09:00,185.701,185.716,185.683,185.706
2026-08-25 09:35:00+09:00,185.706,185.713,185.68,185.688
2026-08-25 09:40:00+09:00,185.688,185.698,185.674,185.692
2026-08-25 09:45:00+09:00,185.692,185.696,185.662,185.69
2026-08-25 09:50:00+09:00,185.69,185.752,185.667,185.73
2026-08-25 09:55:00+09:00,185.73,185.755,185.718,185.752
2026-08-25 10:00:00+09:00,185.752,185.762,185.725,185.727
2026-08-25 10:05:00+09:00,185.727,185.733,185.665,185.676
2026-08-25 10:10:00+09:00,185.676,185.698,185.662,185.664
2026-08-25 10:15:00+09:00,185.665,185.691,185.656,185.691
2026-08-25 10:20:00+09:00,185.691,185.7,185.67,185.675
2026-08-25 10:25:00+09:00,185.675,185.695,185.667,185.68
2026-08-25 10:30:00+09:00,185.68,185.709,185.679,185.699
2026-08-25 10:35:00+09:00,185.699,185.742,185.693,185.724
2026-08-25 10:40:00+09:00,185.724,185.737,185.717,185.72
2026-08-25 10:45:00+09:00,185.72,185.739,185.713,185.732
2026-08-25 10:50:00+09:00,185.732,185.757,185.722,185.749
2026-08-25 10:55:00+09:00,185.749,185.798,185.746,185.758
2026-08-25 11:00:00+09:00,185.758,185.78,185.747,185.769
2026-08-25 11:05:00+09:00,185.769,185.808,185.767,185.781
2026-08-25 11:10:00+09:00,185.781,185.797,185.761,185.761
2026-08-25 11:15:00+09:00,185.761,185.774,185.751,185.774
2026-08-25 11:20:00+09:00,185.774,185.782,185.761,185.768
2026-08-25 11:25:00+09:00,185.768,185.786,185.762,185.764
2026-08-25 11:30:00+09:00,185.764,185.781,185.758,185.78
2026-08-25 11:35:00+09:00,185.78,185.783,185.755,185.773
2026-08-25 11:40:00+09:00,185.773,185.794,185.772,185.777
2026-08-25 11:45:00+09:00,185.777,185.829,185.776,185.812
2026-08-25 11:50:00+09:00,185.812,185.842,185.809,185.825
2026-08-25 11:55:00+09:00,185.825,185.858,185.816,185.827
2026-08-25 12:00:00+09:00,185.827,185.842,185.819,185.821
2026-08-25 12:05:00+09:00,185.82,185.837,185.814,185.837
2026-08-25 12:10:00+09:00,185.837,185.848,185.83,185.831
2026-08-25 12:15:00+09:00,185.831,185.85,185.831,185.842
2026-08-25 12:20:00+09:00,185.842,185.844,185.833,185.837
2026-08-25 12:25:00+09:00,185.837,185.848,185.816,185.822
2026-08-25 12:30:00+09:00,185.822,185.837,185.815,185.833
2026-08-25 12:35:00+09:00,185.833,185.841,185.812,185.815
2026-08-25 12:40:00+09:00,185.815,185.826,185.803,185.803
2026-08-25 12:45:00+09:00,185.803,185.817,185.802,185.803
2026-08-25 12:50:00+09:00,185.803,185.803,185.789,185.796
2026-08-25 12:55:00+09:00,185.796,185.8,185.776,185.788
2026-08-25 13:00:00+09:00,185.788,185.791,185.775,185.789
2026-08-25 13:05:00+09:00,185.789,185.79,185.763,185.764
2026-08-25 13:10:00+09:00,185.764,185.772,185.749,185.765
2026-08-25 13:15:00+09:00,185.765,185.77,185.755,185.758
2026-08-25 13:20:00+09:00,185.757,185.76,185.731,185.734
2026-08-25 13:25:00+09:00,185.734,185.736,185.721,185.727
2026-08-25 13:30:00+09:00,185.726,185.726,185.658,185.664
2026-08-25 13:35:00+09:00,185.664,185.696,185.663,185.665
2026-08-25 13:40:00+09:00,185.665,185.667,185.634,185.636
2026-08-25 13:45:00+09:00,185.637,185.637,185.581,185.587
2026-08-25 13:50:00+09:00,185.587,185.642,185.583,185.64
2026-08-25 13:55:00+09:00,185.64,185.684,185.636,185.683
2026-08-25 14:00:00+09:00,185.683,185.685,185.656,185.656
2026-08-25 14:05:00+09:00,185.656,185.684,185.647,185.68
2026-08-25 14:10:00+09:00,185.68,185.719,185.68,185.702
2026-08-25 14:15:00+09:00,185.702,185.708,185.692,185.701
2026-08-25 14:20:00+09:00,185.701,185.708,185.677,185.68
2026-08-25 14:25:00+09:00,185.68,185.731,185.678,185.716
2026-08-25 14:30:00+09:00,185.716,185.731,185.701,185.723
2026-08-25 14:35:00+09:00,185.723,185.742,185.723,185.729
2026-08-25 14:40:00+09:00,185.729,185.73,185.677,185.686
2026-08-25 14:45:00+09:00,185.686,185.694,185.669,185.678
2026-08-25 14:50:00+09:00,185.678,185.693,185.67,185.691
2026-08-25 14:55:00+09:00,185.691,185.695,185.653,185.682
2026-08-25 15:00:00+09:00,185.683,185.694,185.667,185.68
2026-08-25 15:05:00+09:00,185.68,185.687,185.657,185.662
2026-08-25 15:10:00+09:00,185.662,185.703,185.648,185.7
2026-08-25 15:15:00+09:00,185.7,185.739,185.696,185.725
2026-08-25 15:20:00+09:00,185.725,185.783,185.718,185.772
2026-08-25 15:25:00+09:00,185.772,185.775,185.745,185.752
2026-08-25 15:30:00+09:00,185.752,185.763,185.732,185.748
2026-08-25 15:35:00+09:00,185.748,185.758,185.723,185.73
2026-08-25 15:40:00+09:00,185.73,185.73,185.688,185.714
2026-08-25 15:45:00+09:00,185.714,185.736,185.703,185.727
2026-08-25 15:50:00+09:00,185.727,185.729,185.691,185.706
2026-08-25 15:55:00+09:00,185.705,185.761,185.699,185.76
2026-08-25 16:00:00+09:00,185.759,185.803,185.758,185.802
2026-08-25 16:05:00+09:00,185.802,185.81,185.75,185.796
2026-08-25 16:10:00+09:00,185.797,185.815,185.766,185.812
2026-08-25 16:15:00+09:00,185.812,185.851,185.806,185.833
2026-08-25 16:20:00+09:00,185.833,185.862,185.82,185.841
2026-08-25 16:25:00+09:00,185.841,185.882,185.811,185.844
2026-08-25 16:30:00+09:00,185.844,185.879,185.838,185.862
2026-08-25 16:35:00+09:00,185.862,185.879,185.82,185.839
2026-08-25 16:40:00+09:00,185.839,185.894,185.839,185.871
2026-08-25 16:45:00+09:00,185.871,185.895,185.851,185.876
2026-08-25 16:50:00+09:00,185.876,185.905,185.872,185.9
2026-08-25 16:55:00+09:00,185.9,185.903,185.873,185.895
2026-08-25 17:00:00+09:00,185.896,185.929,185.891,185.904
2026-08-25 17:05:00+09:00,185.904,185.951,185.903,185.929
2026-08-25 17:10:00+09:00,185.929,185.958,185.914,185.93
2026-08-25 17:15:00+09:00,185.93,185.95,185.922,185.929
2026-08-25 17:20:00+09:00,185.929,185.946,185.88,185.902
2026-08-25 17:25:00+09:00,185.905,185.94,185.877,185.922
2026-08-25 17:30:00+09:00,185.919,185.942,185.893,185.893
2026-08-25 17:35:00+09:00,185.892,185.939,185.887,185.922
2026-08-25 17:40:00+09:00,185.921,185.935,185.902,185.908
2026-08-25 17:45:00+09:00,185.908,185.913,185.882,185.894
2026-08-25 17:50:00+09:00,185.894,185.928,185.894,185.904
2026-08-25 17:55:00+09:00,185.904,185.939,185.901,185.92
2026-08-25 18:00:00+09:00,185.919,185.934,185.862,185.862
2026-08-25 18:05:00+09:00,185.862,185.905,185.861,185.896
2026-08-25 18:10:00+09:00,185.896,185.921,185.873,185.887
2026-08-25 18:15:00+09:00,185.889,185.901,185.86,185.894
2026-08-25 18:20:00+09:00,185.895,185.927,185.893,185.92
2026-08-25 18:25:00+09:00,185.92,185.933,185.869,185.871
2026-08-25 18:30:00+09:00,185.872,185.925,185.866,185.916
2026-08-25 18:35:00+09:00,185.916,185.924,185.838,185.853
2026-08-25 18:40:00+09:00,185.853,185.884,185.85,185.873
2026-08-25 18:45:00+09:00,185.873,185.913,185.86,185.904
2026-08-25 18:50:00+09:00,185.904,185.916,185.859,185.864
2026-08-25 18:55:00+09:00,185.864,185.872,185.843,185.854
2026-08-25 19:00:00+09:00,185.854,185.864,185.823,185.849
2026-08-25 19:05:00+09:00,185.849,185.874,185.848,185.862
2026-08-25 19:10:00+09:00,185.862,185.877,185.812,185.813
2026-08-25 19:15:00+09:00,185.813,185.822,185.78,185.78
2026-08-25 19:20:00+09:00,185.78,185.803,185.77,185.771
2026-08-25 19:25:00+09:00,185.771,185.785,185.756,185.757
2026-08-25 19:30:00+09:00,185.757,185.757,185.724,185.736
2026-08-25 19:35:00+09:00,185.736,185.755,185.733,185.753
2026-08-25 19:40:00+09:00,185.752,185.773,185.743,185.759
2026-08-25 19:45:00+09:00,185.759,185.761,185.741,185.755
2026-08-25 19:50:00+09:00,185.755,185.772,185.739,185.745
2026-08-25 19:55:00+09:00,185.745,185.774,185.745,185.767
2026-08-25 20:00:00+09:00,185.767,185.773,185.733,185.748
2026-08-25 20:05:00+09:00,185.748,185.783,185.735,185.773
2026-08-25 20:10:00+09:00,185.773,185.779,185.751,185.752
2026-08-25 20:15:00+09:00,185.752,185.759,185.733,185.755
2026-08-25 20:20:00+09:00,185.755,185.781,185.745,185.761
2026-08-25 20:25:00+09:00,185.761,185.794,185.758,185.792
2026-08-25 20:30:00+09:00,185.792,185.794,185.756,185.771
2026-08-25 20:35:00+09:00,185.771,185.783,185.756,185.757
2026-08-25 20:40:00+09:00,185.756,185.762,185.741,185.747
2026-08-25 20:45:00+09:00,185.747,185.754,185.725,185.732
2026-08-25 20:50:00+09:00,185.732,185.755,185.729,185.745
2026-08-25 20:55:00+09:00,185.745,185.746,185.674,185.687
2026-08-25 21:00:00+09:00,185.687,185.706,185.659,185.704
2026-08-25 21:05:00+09:00,185.704,185.733,185.702,185.705
2026-08-25 21:10:00+09:00,185.705,185.746,185.698,185.734
2026-08-25 21:15:00+09:00,185.734,185.738,185.716,185.725
2026-08-25 21:20:00+09:00,185.726,185.741,185.714,185.731
2026-08-25 21:25:00+09:00,185.731,185.757,185.729,185.757
2026-08-25 21:30:00+09:00,185.757,185.767,185.738,185.761
2026-08-25 21:35:00+09:00,185.762,185.777,185.741,185.755
2026-08-25 21:40:00+09:00,185.756,185.794,185.753,185.782
2026-08-25 21:45:00+09:00,185.782,185.795,185.772,185.786
2026-08-25 21:50:00+09:00,185.786,185.804,185.776,185.781
2026-08-25 21:55:00+09:00,185.781,185.845,185.777,185.843
2026-08-25 22:00:00+09:00,185.843,185.846,185.805,185.836
2026-08-25 22:05:00+09:00,185.835,185.852,185.829,185.837
2026-08-25 22:10:00+09:00,185.837,185.853,185.776,185.79
2026-08-25 22:15:00+09:00,185.789,185.826,185.78,185.819
2026-08-25 22:20:00+09:00,185.819,185.832,185.807,185.829
2026-08-25 22:25:00+09:00,185.829,185.841,185.804,185.821
2026-08-25 22:30:00+09:00,185.821,185.855,185.797,185.845
2026-08-25 22:35:00+09:00,185.846,185.868,185.813,185.86
2026-08-25 22:40:00+09:00,185.86,185.88,185.852,185.86
2026-08-25 22:45:00+09:00,185.86,185.863,185.831,185.856
2026-08-25 22:50:00+09:00,185.856,185.868,185.817,185.852
2026-08-25 22:55:00+09:00,185.852,185.891,185.849,185.87
2026-08-25 23:00:00+09:00,185.869,185.888,185.849,185.87
2026-08-25 23:05:00+09:00,185.871,185.915,185.859,185.898
2026-08-25 23:10:00+09:00,185.897,185.903,185.88,185.894
2026-08-25 23:15:00+09:00,185.893,185.905,185.878,185.888
2026-08-25 23:20:00+09:00,185.887,185.91,185.878,185.907
2026-08-25 23:25:00+09:00,185.907,185.907,185.86,185.875
2026-08-25 23:30:00+09:00,185.875,185.887,185.828,185.84
2026-08-25 23:35:00+09:00,185.84,185.871,185.832,185.864
2026-08-25 23:40:00+09:00,185.863,185.865,185.832,185.842
2026-08-25 23:45:00+09:00,185.842,185.87,185.828,185.849
2026-08-25 23:50:00+09:00,185.849,185.85,185.818,185.826
2026-08-25 23:55:00+09:00,185.825,185.872,185.808,185.843
2026-08-26 00:00:00+09:00,185.843,185.861,185.826,185.854
2026-08-26 00:05:00+09:00,185.854,185.889,185.828,185.878
2026-08-26 00:10:00+09:00,185.878,185.885,185.864,185.876
2026-08-26 00:15:00+09:00,185.876,185.882,185.866,185.872
2026-08-26 00:20:00+09:00,185.872,185.881,185.858,185.87
2026-08-26 00:25:00+09:00,185.87,185.891,185.868,185.884
2026-08-26 00:30:00+09:00,185.884,185.902,185.866,185.872
2026-08-26 00:35:00+09:00,185.872,185.88,185.842,185.846
2026-08-26 00:40:00+09:00,185.846,185.846,185.82,185.841
2026-08-26 00:45:00+09:00,185.841,185.857,185.835,185.856
2026-08-26 00:50:00+09:00,185.856,185.895,185.852,185.884
2026-08-26 00:55:00+09:00,185.884,185.884,185.846,185.856
2026-08-26 01:00:00+09:00,185.856,185.86,185.843,185.847
2026-08-26 01:05:00+09:00,185.847,185.862,185.835,185.841
2026-08-26 01:10:00+09:00,185.841,185.855,185.836,185.85
2026-08-26 01:15:00+09:00,185.85,185.859,185.842,185.849
2026-08-26 01:20:00+09:00,185.849,185.856,185.828,185.838
2026-08-26 01:25:00+09:00,185.838,185.858,185.837,185.856
2026-08-26 01:30:00+09:00,185.856,185.87,185.853,185.856
2026-08-26 01:35:00+09:00,185.856,185.881,185.856,185.873
2026-08-26 01:40:00+09:00,185.873,185.881,185.869,185.873
2026-08-26 01:45:00+09:00,185.873,185.892,185.872,185.891
2026-08-26 01:50:00+09:00,185.891,185.896,185.879,185.89
2026-08-26 01:55:00+09:00,185.89,185.9,185.885,185.9
2026-08-26 02:00:00+09:00,185.9,185.923,185.9,185.912
2026-08-26 02:05:00+09:00,185.911,185.924,185.901,185.905
2026-08-26 02:10:00+09:00,185.905,185.914,185.903,185.91
2026-08-26 02:15:00+09:00,185.91,185.932,185.91,185.921
2026-08-26 02:20:00+09:00,185.921,185.925,185.912,185.914
2026-08-26 02:25:00+09:00,185.914,185.92,185.904,185.907
2026-08-26 02:30:00+09:00,185.907,185.91,185.88,185.888
2026-08-26 02:35:00+09:00,185.888,185.905,185.888,185.894
2026-08-26 02:40:00+09:00,185.894,185.897,185.88,185.89
2026-08-26 02:45:00+09:00,185.89,185.904,185.889,185.896
2026-08-26 02:50:00+09:00,185.896,185.896,185.87,185.883
2026-08-26 02:55:00+09:00,185.883,185.892,185.877,185.882
2026-08-26 03:00:00+09:00,185.882,185.884,185.86,185.866
2026-08-26 03:05:00+09:00,185.866,185.88,185.86,185.872
2026-08-26 03:10:00+09:00,185.872,185.881,185.857,185.866
2026-08-26 03:15:00+09:00,185.866,185.88,185.859,185.879
2026-08-26 03:20:00+09:00,185.879,185.885,185.864,185.884
2026-08-26 03:25:00+09:00,185.884,185.89,185.88,185.889
2026-08-26 03:30:00+09:00,185.888,185.895,185.885,185.894
2026-08-26 03:35:00+09:00,185.894,185.901,185.887,185.901
2026-08-26 03:40:00+09:00,185.901,185.912,185.892,185.91
2026-08-26 03:45:00+09:00,185.91,185.914,185.899,185.901
2026-08-26 03:50:00+09:00,185.901,185.902,185.89,185.9
2026-08-26 03:55:00+09:00,185.9,185.9,185.883,185.885
2026-08-26 04:00:00+09:00,185.885,185.909,185.879,185.906
2026-08-26 04:05:00+09:00,185.906,185.909,185.89,185.902
2026-08-26 04:10:00+09:00,185.901,185.912,185.889,185.9
2026-08-26 04:15:00+09:00,185.9,185.905,185.879,185.886
2026-08-26 04:20:00+09:00,185.887,185.891,185.845,185.848
2026-08-26 04:25:00+09:00,185.847,185.864,185.84,185.849
2026-08-26 04:30:00+09:00,185.849,185.849,185.816,185.818
2026-08-26 04:35:00+09:00,185.818,185.819,185.789,185.792
2026-08-26 04:40:00+09:00,185.792,185.798,185.775,185.782
2026-08-26 04:45:00+09:00,185.782,185.792,185.775,185.78
2026-08-26 04:50:00+09:00,185.78,185.793,185.754,185.773
2026-08-26 04:55:00+09:00,185.773,185.823,185.755,185.822
2026-08-26 05:00:00+09:00,185.822,185.837,185.792,185.836
2026-08-26 05:05:00+09:00,185.836,185.884,185.835,185.872
2026-08-26 05:10:00+09:00,185.872,185.882,185.845,185.855
2026-08-26 05:15:00+09:00,185.855,185.872,185.84,185.854
2026-08-26 05:20:00+09:00,185.854,185.87,185.846,185.866
2026-08-26 05:25:00+09:00,185.866,185.888,185.859,185.871
2026-08-26 05:30:00+09:00,185.871,185.9,185.871,185.89
2026-08-26 05:35:00+09:00,185.89,185.89,185.87,185.882
2026-08-26 05:40:00+09:00,185.882,185.902,185.874,185.874
2026-08-26 05:45:00+09:00,185.874,185.935,185.874,185.916
2026-08-26 05:50:00+09:00,185.916,185.949,185.915,185.938
2026-08-26 05:55:00+09:00,185.941,185.941,185.911,185.921
2026-08-26 06:00:00+09:00,185.921,185.983,185.917,185.968
2026-08-26 06:05:00+09:00,185.968,185.968,185.943,185.945
2026-08-26 06:10:00+09:00,185.945,185.951,185.917,185.924
2026-08-26 06:15:00+09:00,185.924,185.925,185.896,185.904
2026-08-26 06:20:00+09:00,185.904,185.929,185.903,185.926
2026-08-26 06:25:00+09:00,185.926,185.936,185.916,185.923
2026-08-26 06:30:00+09:00,185.923,185.949,185.916,185.933
2026-08-26 06:35:00+09:00,185.933,185.976,185.931,185.966
2026-08-26 06:40:00+09:00,185.966,185.974,185.956,185.972
2026-08-26 06:45:00+09:00,185.972,185.973,185.934,185.939
2026-08-26 06:50:00+09:00,185.939,185.942,185.916,185.918
2026-08-26 06:55:00+09:00,185.918,185.922,185.9,185.9
2026-08-26 07:00:00+09:00,185.899,185.958,185.899,185.955
2026-08-26 07:05:00+09:00,185.955,185.956,185.942,185.946
2026-08-26 07:10:00+09:00,185.946,185.947,185.909,185.916
2026-08-26 07:15:00+09:00,185.916,185.923,185.91,185.911
2026-08-26 07:20:00+09:00,185.911,185.913,185.899,185.906
2026-08-26 07:25:00+09:00,185.906,185.908,185.901,185.905
2026-08-26 07:30:00+09:00,185.905,185.919,185.902,185.919
2026-08-26 07:35:00+09:00,185.919,185.926,185.911,185.92
2026-08-26 07:40:00+09:00,185.92,185.92,185.908,185.919
2026-08-26 07:45:00+09:00,185.919,185.923,185.914,185.919
2026-08-26 07:50:00+09:00,185.919,185.924,185.916,185.919
2026-08-26 07:55:00+09:00,185.919,185.922,185.915,185.919
2026-08-26 08:00:00+09:00,185.919,185.919,185.903,185.904
2026-08-26 08:05:00+09:00,185.904,185.927,185.904,185.925
2026-08-26 08:10:00+09:00,185.925,185.931,185.919,185.923
2026-08-26 08:15:00+09:00,185.922,185.923,185.914,185.919
2026-08-26 08:20:00+09:00,185.919,185.923,185.918,185.921
2026-08-26 08:25:00+09:00,185.921,185.928,185.914,185.924
2026-08-26 08:30:00+09:00,185.925,185.931,185.923,185.93
2026-08-26 08:35:00+09:00,185.929,185.932,185.912,185.918
2026-08-26 08:40:00+09:00,185.918,185.924,185.911,185.923
2026-08-26 08:45:00+09:00,185.923,185.928,185.911,185.915
2026-08-26 08:50:00+09:00,185.915,185.919,185.909,185.916
2026-08-26 08:55:00+09:00,185.916,185.92,185.886,185.888
2026-08-26 09:00:00+09:00,185.888,185.91,185.879,185.898
2026-08-26 09:05:00+09:00,185.899,185.904,185.887,185.895
2026-08-26 09:10:00+09:00,185.895,185.907,185.879,185.893
2026-08-26 09:15:00+09:00,185.892,185.914,185.892,185.901
2026-08-26 09:20:00+09:00,185.901,185.905,185.878,185.893
2026-08-26 09:25:00+09:00,185.893,185.902,185.871,185.877
2026-08-26 09:30:00+09:00,185.877,185.879,185.852,185.86
2026-08-26 09:35:00+09:00,185.86,185.863,185.809,185.813
2026-08-26 09:40:00+09:00,185.813,185.824,185.785,185.806
2026-08-26 09:45:00+09:00,185.806,185.816,185.769,185.777
2026-08-26 09:50:00+09:00,185.777,185.796,185.753,185.767
2026-08-26 09:55:00+09:00,185.767,185.809,185.764,185.79
2026-08-26 10:00:00+09:00,185.79,185.801,185.764,185.777
2026-08-26 10:05:00+09:00,185.777,185.783,185.756,185.768
2026-08-26 10:10:00+09:00,185.768,185.78,185.76,185.765
2026-08-26 10:15:00+09:00,185.765,185.781,185.745,185.745
2026-08-26 10:20:00+09:00,185.745,185.758,185.741,185.745
2026-08-26 10:25:00+09:00,185.746,185.763,185.739,185.75
2026-08-26 10:30:00+09:00,185.75,185.771,185.723,185.737
2026-08-26 10:35:00+09:00,185.737,185.745,185.672,185.675
2026-08-26 10:40:00+09:00,185.675,185.686,185.65,185.655
2026-08-26 10:45:00+09:00,185.656,185.667,185.62,185.631
2026-08-26 10:50:00+09:00,185.632,185.632,185.541,185.609
2026-08-26 10:55:00+09:00,185.609,185.639,185.605,185.618
2026-08-26 11:00:00+09:00,185.618,185.619,185.471,185.495
2026-08-26 11:05:00+09:00,185.495,185.517,185.454,185.5
2026-08-26 11:10:00+09:00,185.5,185.544,185.471,185.543
2026-08-26 11:15:00+09:00,185.543,185.555,185.496,185.503
2026-08-26 11:20:00+09:00,185.503,185.52,185.468,185.479
2026-08-26 11:25:00+09:00,185.477,185.514,185.469,185.509
2026-08-26 11:30:00+09:00,185.509,185.531,185.508,185.523
2026-08-26 11:35:00+09:00,185.523,185.559,185.519,185.555
2026-08-26 11:40:00+09:00,185.555,185.568,185.535,185.548
2026-08-26 11:45:00+09:00,185.548,185.569,185.536,185.567
2026-08-26 11:50:00+09:00,185.567,185.588,185.567,185.575
2026-08-26 11:55:00+09:00,185.575,185.583,185.547,185.562
2026-08-26 12:00:00+09:00,185.561,185.561,185.529,185.53
2026-08-26 12:05:00+09:00,185.53,185.536,185.503,185.503
2026-08-26 12:10:00+09:00,185.503,185.527,185.499,185.527
2026-08-26 12:15:00+09:00,185.527,185.537,185.502,185.502
2026-08-26 12:20:00+09:00,185.502,185.505,185.479,185.491
2026-08-26 12:25:00+09:00,185.491,185.501,185.458,185.477
2026-08-26 12:30:00+09:00,185.476,185.476,185.358,185.379
2026-08-26 12:35:00+09:00,185.379,185.427,185.367,185.422
2026-08-26 12:40:00+09:00,185.423,185.458,185.419,185.442
2026-08-26 12:45:00+09:00,185.442,185.45,185.417,185.418
2026-08-26 12:50:00+09:00,185.418,185.435,185.405,185.409
2026-08-26 12:55:00+09:00,185.409,185.431,185.396,185.424
2026-08-26 13:00:00+09:00,185.424,185.447,185.405,185.447
2026-08-26 13:05:00+09:00,185.447,185.452,185.435,185.438
2026-08-26 13:10:00+09:00,185.438,185.471,185.434,185.468
2026-08-26 13:15:00+09:00,185.467,185.474,185.423,185.433
2026-08-26 13:20:00+09:00,185.433,185.454,185.419,185.441
2026-08-26 13:25:00+09:00,185.44,185.466,185.44,185.462
2026-08-26 13:30:00+09:00,185.462,185.462,185.425,185.435
2026-08-26 13:35:00+09:00,185.435,185.439,185.407,185.411
2026-08-26 13:40:00+09:00,185.411,185.436,185.407,185.425
2026-08-26 13:45:00+09:00,185.425,185.43,185.415,185.424
2026-08-26 13:50:00+09:00,185.424,185.474,185.424,185.456
2026-08-26 13:55:00+09:00,185.456,185.482,185.446,185.469
2026-08-26 14:00:00+09:00,185.469,185.492,185.46,185.469
2026-08-26 14:05:00+09:00,185.468,185.47,185.445,185.454
2026-08-26 14:10:00+09:00,185.454,185.46,185.44,185.44
2026-08-26 14:15:00+09:00,185.44,185.48,185.438,185.476
2026-08-26 14:20:00+09:00,185.476,185.49,185.473,185.489
2026-08-26 14:25:00+09:00,185.489,185.494,185.484,185.488
2026-08-26 14:30:00+09:00,185.488,185.489,185.464,185.474
2026-08-26 14:35:00+09:00,185.474,185.492,185.469,185.478
2026-08-26 14:40:00+09:00,185.478,185.483,185.452,185.457
2026-08-26 14:45:00+09:00,185.457,185.477,185.452,185.459
2026-08-26 14:50:00+09:00,185.459,185.476,185.443,185.476
2026-08-26 14:55:00+09:00,185.476,185.488,185.457,185.481
2026-08-26 15:00:00+09:00,185.481,185.504,185.465,185.496
2026-08-26 15:05:00+09:00,185.496,185.519,185.478,185.518
2026-08-26 15:10:00+09:00,185.518,185.561,185.51,185.52
2026-08-26 15:15:00+09:00,185.52,185.534,185.508,185.524
2026-08-26 15:20:00+09:00,185.524,185.528,185.499,185.514
2026-08-26 15:25:00+09:00,185.513,185.531,185.492,185.492
2026-08-26 15:30:00+09:00,185.492,185.534,185.486,185.526
2026-08-26 15:35:00+09:00,185.526,185.554,185.526,185.546
2026-08-26 15:40:00+09:00,185.546,185.577,185.541,185.563
2026-08-26 15:45:00+09:00,185.563,185.565,185.544,185.556
2026-08-26 15:50:00+09:00,185.556,185.575,185.555,185.561
2026-08-26 15:55:00+09:00,185.562,185.576,185.55,185.573
2026-08-26 16:00:00+09:00,185.573,185.589,185.509,185.527
2026-08-26 16:05:00+09:00,185.527,185.545,185.505,185.52
2026-08-26 16:10:00+09:00,185.52,185.541,185.502,185.541
2026-08-26 16:15:00+09:00,185.541,185.572,185.541,185.56
2026-08-26 16:20:00+09:00,185.56,185.586,185.552,185.577
2026-08-26 16:25:00+09:00,185.577,185.606,185.568,185.603
2026-08-26 16:30:00+09:00,185.603,185.609,185.592,185.605
2026-08-26 16:35:00+09:00,185.605,185.615,185.571,185.581
2026-08-26 16:40:00+09:00,185.581,185.59,185.562,185.576
2026-08-26 16:45:00+09:00,185.576,185.586,185.551,185.553
2026-08-26 16:50:00+09:00,185.553,185.562,185.516,185.533
2026-08-26 16:55:00+09:00,185.532,185.594,185.528,185.588
2026-08-26 17:00:00+09:00,185.588,185.594,185.538,185.546
2026-08-26 17:05:00+09:00,185.546,185.575,185.518,185.57
2026-08-26 17:10:00+09:00,185.57,185.606,185.569,185.602
2026-08-26 17:15:00+09:00,185.602,185.608,185.576,185.602
2026-08-26 17:20:00+09:00,185.602,185.636,185.601,185.624
2026-08-26 17:25:00+09:00,185.624,185.634,185.582,185.615
2026-08-26 17:30:00+09:00,185.615,185.635,185.579,185.584
2026-08-26 17:35:00+09:00,185.584,185.601,185.569,185.582
2026-08-26 17:40:00+09:00,185.582,185.612,185.58,185.602
2026-08-26 17:45:00+09:00,185.602,185.603,185.571,185.584
2026-08-26 17:50:00+09:00,185.584,185.594,185.565,185.578
2026-08-26 17:55:00+09:00,185.578,185.597,185.568,185.589
2026-08-26 18:00:00+09:00,185.589,185.605,185.561,185.591
2026-08-26 18:05:00+09:00,185.591,185.593,185.554,185.565
2026-08-26 18:10:00+09:00,185.566,185.572,185.523,185.532
2026-08-26 18:15:00+09:00,185.532,185.535,185.482,185.482
2026-08-26 18:20:00+09:00,185.482,185.501,185.471,185.488
2026-08-26 18:25:00+09:00,185.488,185.488,185.451,185.463
2026-08-26 18:30:00+09:00,185.463,185.508,185.462,185.484
2026-08-26 18:35:00+09:00,185.484,185.491,185.471,185.479
2026-08-26 18:40:00+09:00,185.478,185.5,185.464,185.464
2026-08-26 18:45:00+09:00,185.464,185.491,185.457,185.487
2026-08-26 18:50:00+09:00,185.487,185.507,185.484,185.486
2026-08-26 18:55:00+09:00,185.485,185.504,185.477,185.482
2026-08-26 19:00:00+09:00,185.483,185.486,185.468,185.476
2026-08-26 19:05:00+09:00,185.476,185.488,185.471,185.474
2026-08-26 19:10:00+09:00,185.474,185.501,185.473,185.494
2026-08-26 19:15:00+09:00,185.494,185.506,185.478,185.506
2026-08-26 19:20:00+09:00,185.506,185.523,185.49,185.49
2026-08-26 19:25:00+09:00,185.49,185.494,185.474,185.487
2026-08-26 19:30:00+09:00,185.488,185.492,185.47,185.49
2026-08-26 19:35:00+09:00,185.489,185.507,185.477,185.496
2026-08-26 19:40:00+09:00,185.496,185.543,185.495,185.54
2026-08-26 19:45:00+09:00,185.54,185.56,185.523,185.557
2026-08-26 19:50:00+09:00,185.557,185.574,185.552,185.555
2026-08-26 19:55:00+09:00,185.556,185.574,185.534,185.535
2026-08-26 20:00:00+09:00,185.535,185.571,185.531,185.567
2026-08-26 20:05:00+09:00,185.566,185.604,185.564,185.589
2026-08-26 20:10:00+09:00,185.589,185.611,185.589,185.602
2026-08-26 20:15:00+09:00,185.601,185.605,185.576,185.578
2026-08-26 20:20:00+09:00,185.578,185.612,185.569,185.59
2026-08-26 20:25:00+09:00,185.59,185.616,185.577,185.604
2026-08-26 20:30:00+09:00,185.604,185.627,185.602,185.621
2026-08-26 20:35:00+09:00,185.621,185.647,185.62,185.634
2026-08-26 20:40:00+09:00,185.634,185.639,185.618,185.632
2026-08-26 20:45:00+09:00,185.632,185.651,185.626,185.636
2026-08-26 20:50:00+09:00,185.636,185.656,185.631,185.649
2026-08-26 20:55:00+09:00,185.649,185.655,185.634,185.636
2026-08-26 21:00:00+09:00,185.636,185.64,185.608,185.623
2026-08-26 21:05:00+09:00,185.623,185.624,185.606,185.617
2026-08-26 21:10:00+09:00,185.617,185.681,185.616,185.673
2026-08-26 21:15:00+09:00,185.673,185.676,185.632,185.638
2026-08-26 21:20:00+09:00,185.638,185.64,185.598,185.598
2026-08-26 21:25:00+09:00,185.599,185.601,185.545,185.556
2026-08-26 21:30:00+09:00,185.56,185.594,185.52,185.587
2026-08-26 21:35:00+09:00,185.587,185.653,185.576,185.631
2026-08-26 21:40:00+09:00,185.63,185.657,185.617,185.618
2026-08-26 21:45:00+09:00,185.618,185.679,185.605,185.678
2026-08-26 21:50:00+09:00,185.678,185.697,185.63,185.637
2026-08-26 21:55:00+09:00,185.639,185.665,185.602,185.608
2026-08-26 22:00:00+09:00,185.608,185.651,185.598,185.605
2026-08-26 22:05:00+09:00,185.605,185.646,185.602,185.636
2026-08-26 22:10:00+09:00,185.636,185.676,185.625,185.672
2026-08-26 22:15:00+09:00,185.671,185.684,185.658,185.667
2026-08-26 22:20:00+09:00,185.667,185.69,185.647,185.688
2026-08-26 22:25:00+09:00,185.688,185.691,185.648,185.681
2026-08-26 22:30:00+09:00,185.681,185.714,185.673,185.686
2026-08-26 22:35:00+09:00,185.685,185.742,185.684,185.716
2026-08-26 22:40:00+09:00,185.716,185.758,185.71,185.742
2026-08-26 22:45:00+09:00,185.742,185.754,185.701,185.74
2026-08-26 22:50:00+09:00,185.74,185.754,185.708,185.708
2026-08-26 22:55:00+09:00,185.709,185.743,185.708,185.741
2026-08-26 23:00:00+09:00,185.741,185.742,185.692,185.722
2026-08-26 23:05:00+09:00,185.722,185.728,185.68,185.693
2026-08-26 23:10:00+09:00,185.693,185.71,185.68,185.706
2026-08-26 23:15:00+09:00,185.706,185.711,185.685,185.691
2026-08-26 23:20:00+09:00,185.69,185.695,185.655,185.669
2026-08-26 23:25:00+09:00,185.669,185.67,185.61,185.615
2026-08-26 23:30:00+09:00,185.615,185.653,185.612,185.648
2026-08-26 23:35:00+09:00,185.648,185.685,185.646,185.664
2026-08-26 23:40:00+09:00,185.664,185.671,185.634,185.64
2026-08-26 23:45:00+09:00,185.64,185.653,185.619,185.644
2026-08-26 23:50:00+09:00,185.644,185.665,185.607,185.628
2026-08-26 23:55:00+09:00,185.628,185.662,185.617,185.638
2026-08-27 00:00:00+09:00,185.638,185.66,185.632,185.642
2026-08-27 00:05:00+09:00,185.641,185.678,185.63,185.677
2026-08-27 00:10:00+09:00,185.677,185.689,185.655,185.667
2026-08-27 00:15:00+09:00,185.665,185.686,185.655,185.673
2026-08-27 00:20:00+09:00,185.674,185.686,185.668,185.678
2026-08-27 00:25:00+09:00,185.678,185.701,185.67,185.701
2026-08-27 00:30:00+09:00,185.701,185.701,185.675,185.688
2026-08-27 00:35:00+09:00,185.689,185.707,185.685,185.698
2026-08-27 00:40:00+09:00,185.698,185.703,185.677,185.69
2026-08-27 00:45:00+09:00,185.69,185.691,185.663,185.679
2026-08-27 00:50:00+09:00,185.679,185.679,185.651,185.669
2026-08-27 00:55:00+09:00,185.669,185.681,185.664,185.672
2026-08-27 01:00:00+09:00,185.672,185.68,185.654,185.674
2026-08-27 01:05:00+09:00,185.674,185.695,185.666,185.674
2026-08-27 01:10:00+09:00,185.674,185.695,185.66,185.668
2026-08-27 01:15:00+09:00,185.668,185.669,185.648,185.659
2026-08-27 01:20:00+09:00,185.659,185.684,185.655,185.675
2026-08-27 01:25:00+09:00,185.674,185.689,185.667,185.682
2026-08-27 01:30:00+09:00,185.682,185.705,185.677,185.688
2026-08-27 01:35:00+09:00,185.688,185.699,185.662,185.664
2026-08-27 01:40:00+09:00,185.664,185.694,185.661,185.684
2026-08-27 01:45:00+09:00,185.684,185.718,185.678,185.706
2026-08-27 01:50:00+09:00,185.706,185.729,185.689,185.718
2026-08-27 01:55:00+09:00,185.718,185.746,185.717,185.719
2026-08-27 02:00:00+09:00,185.718,185.725,185.71,185.711
2026-08-27 02:05:00+09:00,185.711,185.721,185.71,185.715
2026-08-27 02:10:00+09:00,185.715,185.725,185.707,185.725
2026-08-27 02:15:00+09:00,185.726,185.73,185.704,185.709
2026-08-27 02:20:00+09:00,185.709,185.721,185.705,185.705
2026-08-27 02:25:00+09:00,185.705,185.73,185.702,185.725
2026-08-27 02:30:00+09:00,185.725,185.732,185.71,185.725
2026-08-27 02:35:00+09:00,185.725,185.736,185.715,185.73
2026-08-27 02:40:00+09:00,185.73,185.741,185.721,185.739
2026-08-27 02:45:00+09:00,185.739,185.758,185.731,185.736
2026-08-27 02:50:00+09:00,185.736,185.743,185.723,185.728
2026-08-27 02:55:00+09:00,185.728,185.753,185.727,185.74
2026-08-27 03:00:00+09:00,185.74,185.744,185.719,185.725
2026-08-27 03:05:00+09:00,185.725,185.746,185.723,185.745
2026-08-27 03:10:00+09:00,185.745,185.753,185.736,185.742
2026-08-27 03:15:00+09:00,185.742,185.75,185.739,185.744
2026-08-27 03:20:00+09:00,185.744,185.752,185.734,185.736
2026-08-27 03:25:00+09:00,185.736,185.745,185.735,185.739
2026-08-27 03:30:00+09:00,185.739,185.745,185.733,185.737
2026-08-27 03:35:00+09:00,185.737,185.745,185.729,185.737
2026-08-27 03:40:00+09:00,185.737,185.742,185.732,185.737
2026-08-27 03:45:00+09:00,185.737,185.745,185.73,185.732
2026-08-27 03:50:00+09:00,185.732,185.737,185.724,185.725
2026-08-27 03:55:00+09:00,185.725,185.728,185.702,185.724
2026-08-27 04:00:00+09:00,185.724,185.736,185.706,185.706
2026-08-27 04:05:00+09:00,185.706,185.712,185.7,185.701
2026-08-27 04:10:00+09:00,185.701,185.71,185.696,185.698
2026-08-27 04:15:00+09:00,185.698,185.717,185.697,185.715
2026-08-27 04:20:00+09:00,185.715,185.73,185.713,185.726
2026-08-27 04:25:00+09:00,185.726,185.727,185.716,185.721
2026-08-27 04:30:00+09:00,185.721,185.723,185.679,185.686
2026-08-27 04:35:00+09:00,185.686,185.706,185.685,185.703
2026-08-27 04:40:00+09:00,185.703,185.704,185.674,185.678
2026-08-27 04:45:00+09:00,185.678,185.695,185.672,185.684
2026-08-27 04:50:00+09:00,185.685,185.693,185.676,185.682
2026-08-27 04:55:00+09:00,185.681,185.703,185.678,185.696
2026-08-27 05:00:00+09:00,185.696,185.698,185.683,185.691
2026-08-27 05:05:00+09:00,185.691,185.716,185.686,185.686
2026-08-27 05:10:00+09:00,185.686,185.692,185.676,185.676
2026-08-27 05:15:00+09:00,185.677,185.681,185.675,185.675
2026-08-27 05:20:00+09:00,185.675,185.676,185.664,185.674
2026-08-27 05:25:00+09:00,185.674,185.68,185.654,185.654
2026-08-27 05:30:00+09:00,185.654,185.675,185.654,185.673
2026-08-27 05:35:00+09:00,185.673,185.673,185.65,185.656
2026-08-27 05:40:00+09:00,185.656,185.66,185.651,185.658
2026-08-27 05:45:00+09:00,185.658,185.727,185.651,185.713
2026-08-27 05:50:00+09:00,185.713,185.719,185.705,185.718
2026-08-27 05:55:00+09:00,185.718,185.726,185.672,185.68
2026-08-27 06:00:00+09:00,185.68,185.692,185.644,185.668
2026-08-27 06:05:00+09:00,185.668,185.673,185.657,185.665
2026-08-27 06:10:00+09:00,185.665,185.667,185.644,185.646
2026-08-27 06:15:00+09:00,185.646,185.682,185.646,185.68
2026-08-27 06:20:00+09:00,185.68,185.688,185.678,185.684
2026-08-27 06:25:00+09:00,185.684,185.699,185.682,185.693
2026-08-27 06:30:00+09:00,185.693,185.7,185.669,185.672
2026-08-27 06:35:00+09:00,185.672,185.688,185.671,185.676
2026-08-27 06:40:00+09:00,185.676,185.689,185.675,185.688
2026-08-27 06:45:00+09:00,185.688,185.69,185.67,185.674
2026-08-27 06:50:00+09:00,185.674,185.702,185.671,185.692
2026-08-27 06:55:00+09:00,185.692,185.712,185.681,185.699
2026-08-27 07:00:00+09:00,185.699,185.726,185.693,185.697
2026-08-27 07:05:00+09:00,185.697,185.701,185.691,185.698
2026-08-27 07:10:00+09:00,185.698,185.698,185.661,185.675
2026-08-27 07:15:00+09:00,185.675,185.677,185.664,185.672
2026-08-27 07:20:00+09:00,185.672,185.674,185.661,185.665
2026-08-27 07:25:00+09:00,185.665,185.665,185.656,185.659
2026-08-27 07:30:00+09:00,185.659,185.666,185.653,185.661
2026-08-27 07:35:00+09:00,185.661,185.666,185.643,185.644
2026-08-27 07:40:00+09:00,185.644,185.652,185.64,185.642
2026-08-27 07:45:00+09:00,185.642,185.643,185.628,185.633
2026-08-27 07:50:00+09:00,185.633,185.638,185.626,185.636
2026-08-27 07:55:00+09:00,185.636,185.649,185.632,185.648
2026-08-27 08:00:00+09:00,185.648,185.648,185.606,185.611
2026-08-27 08:05:00+09:00,185.612,185.619,185.611,185.616
2026-08-27 08:10:00+09:00,185.616,185.623,185.592,185.605
2026-08-27 08:15:00+09:00,185.605,185.605,185.589,185.593
2026-08-27 08:20:00+09:00,185.593,185.61,185.589,185.601
2026-08-27 08:25:00+09:00,185.601,185.624,185.601,185.618
2026-08-27 08:30:00+09:00,185.618,185.625,185.609,185.617
2026-08-27 08:35:00+09:00,185.617,185.626,185.616,185.625
2026-08-27 08:40:00+09:00,185.625,185.636,185.624,185.635
2026-08-27 08:45:00+09:00,185.635,185.65,185.614,185.632
2026-08-27 08:50:00+09:00,185.632,185.649,185.629,185.637
2026-08-27 08:55:00+09:00,185.637,185.637,185.619,185.628
2026-08-27 09:00:00+09:00,185.628,185.63,185.542,185.567
2026-08-27 09:05:00+09:00,185.567,185.574,185.518,185.532
2026-08-27 09:10:00+09:00,185.532,185.543,185.481,185.499
2026-08-27 09:15:00+09:00,185.499,185.51,185.482,185.509
2026-08-27 09:20:00+09:00,185.509,185.538,185.491,185.508
2026-08-27 09:25:00+09:00,185.508,185.538,185.493,185.527
2026-08-27 09:30:00+09:00,185.527,185.551,185.499,185.5
2026-08-27 09:35:00+09:00,185.5,185.528,185.491,185.506
2026-08-27 09:40:00+09:00,185.506,185.506,185.483,185.49
2026-08-27 09:45:00+09:00,185.49,185.514,185.489,185.512
2026-08-27 09:50:00+09:00,185.512,185.524,185.474,185.491
2026-08-27 09:55:00+09:00,185.491,185.568,185.48,185.551
2026-08-27 10:00:00+09:00,185.553,185.583,185.545,185.562
2026-08-27 10:05:00+09:00,185.562,185.575,185.548,185.552
2026-08-27 10:10:00+09:00,185.552,185.568,185.542,185.546
2026-08-27 10:15:00+09:00,185.546,185.582,185.533,185.58
2026-08-27 10:20:00+09:00,185.58,185.602,185.565,185.57
2026-08-27 10:25:00+09:00,185.57,185.584,185.54,185.541
2026-08-27 10:30:00+09:00,185.541,185.621,185.526,185.578
2026-08-27 10:35:00+09:00,185.577,185.688,185.543,185.666
2026-08-27 10:40:00+09:00,185.665,185.669,185.601,185.606
2026-08-27 10:45:00+09:00,185.606,185.641,185.598,185.632
2026-08-27 10:50:00+09:00,185.632,185.663,185.628,185.654
2026-08-27 10:55:00+09:00,185.654,185.658,185.63,185.657
2026-08-27 11:00:00+09:00,185.657,185.715,185.657,185.709
2026-08-27 11:05:00+09:00,185.709,185.727,185.694,185.696
2026-08-27 11:10:00+09:00,185.696,185.716,185.693,185.713
2026-08-27 11:15:00+09:00,185.713,185.749,185.712,185.74
2026-08-27 11:20:00+09:00,185.74,185.765,185.735,185.762
2026-08-27 11:25:00+09:00,185.762,185.762,185.746,185.752
2026-08-27 11:30:00+09:00,185.752,185.777,185.739,185.755
2026-08-27 11:35:00+09:00,185.755,185.765,185.726,185.732
2026-08-27 11:40:00+09:00,185.732,185.733,185.704,185.722
2026-08-27 11:45:00+09:00,185.722,185.722,185.677,185.688
2026-08-27 11:50:00+09:00,185.688,185.731,185.684,185.701
2026-08-27 11:55:00+09:00,185.701,185.717,185.697,185.715
2026-08-27 12:00:00+09:00,185.715,185.735,185.703,185.715
2026-08-27 12:05:00+09:00,185.715,185.721,185.706,185.709
2026-08-27 12:10:00+09:00,185.709,185.709,185.688,185.69
2026-08-27 12:15:00+09:00,185.69,185.709,185.688,185.708
2026-08-27 12:20:00+09:00,185.708,185.708,185.696,185.708
2026-08-27 12:25:00+09:00,185.707,185.718,185.705,185.709
2026-08-27 12:30:00+09:00,185.709,185.73,185.707,185.725
2026-08-27 12:35:00+09:00,185.725,185.733,185.719,185.727
2026-08-27 12:40:00+09:00,185.727,185.73,185.706,185.712
2026-08-27 12:45:00+09:00,185.712,185.731,185.71,185.718
2026-08-27 12:50:00+09:00,185.718,185.729,185.712,185.729
2026-08-27 12:55:00+09:00,185.729,185.729,185.709,185.711
2026-08-27 13:00:00+09:00,185.711,185.724,185.71,185.718
2026-08-27 13:05:00+09:00,185.718,185.727,185.708,185.723
2026-08-27 13:10:00+09:00,185.723,185.736,185.722,185.735
2026-08-27 13:15:00+09:00,185.735,185.742,185.731,185.733
2026-08-27 13:20:00+09:00,185.733,185.742,185.732,185.735
2026-08-27 13:25:00+09:00,185.735,185.749,185.734,185.747
2026-08-27 13:30:00+09:00,185.747,185.76,185.738,185.748
2026-08-27 13:35:00+09:00,185.749,185.757,185.742,185.742
2026-08-27 13:40:00+09:00,185.742,185.754,185.734,185.735
2026-08-27 13:45:00+09:00,185.735,185.741,185.724,185.738
2026-08-27 13:50:00+09:00,185.738,185.756,185.737,185.74
2026-08-27 13:55:00+09:00,185.74,185.765,185.739,185.747
2026-08-27 14:00:00+09:00,185.747,185.754,185.725,185.726
2026-08-27 14:05:00+09:00,185.726,185.776,185.726,185.739
2026-08-27 14:10:00+09:00,185.739,185.74,185.725,185.738
2026-08-27 14:15:00+09:00,185.738,185.742,185.703,185.705
2026-08-27 14:20:00+09:00,185.705,185.724,185.699,185.723
2026-08-27 14:25:00+09:00,185.723,185.723,185.697,185.7
2026-08-27 14:30:00+09:00,185.7,185.708,185.684,185.7
2026-08-27 14:35:00+09:00,185.7,185.702,185.686,185.699
2026-08-27 14:40:00+09:00,185.699,185.72,185.698,185.709
2026-08-27 14:45:00+09:00,185.709,185.731,185.705,185.722
2026-08-27 14:50:00+09:00,185.722,185.728,185.699,185.721
2026-08-27 14:55:00+09:00,185.721,185.738,185.718,185.734
2026-08-27 15:00:00+09:00,185.734,185.735,185.699,185.723
2026-08-27 15:05:00+09:00,185.722,185.729,185.705,185.71
2026-08-27 15:10:00+09:00,185.71,185.727,185.702,185.712
2026-08-27 15:15:00+09:00,185.712,185.724,185.706,185.721
2026-08-27 15:20:00+09:00,185.721,185.727,185.706,185.723
2026-08-27 15:25:00+09:00,185.722,185.73,185.711,185.723
2026-08-27 15:30:00+09:00,185.724,185.752,185.721,185.728
2026-08-27 15:35:00+09:00,185.728,185.728,185.708,185.713
2026-08-27 15:40:00+09:00,185.713,185.734,185.703,185.704
2026-08-27 15:45:00+09:00,185.703,185.725,185.701,185.712
2026-08-27 15:50:00+09:00,185.713,185.719,185.701,185.704
2026-08-27 15:55:00+09:00,185.704,185.718,185.702,185.71
2026-08-27 16:00:00+09:00,185.71,185.724,185.683,185.702
2026-08-27 16:05:00+09:00,185.702,185.715,185.68,185.683
2026-08-27 16:10:00+09:00,185.683,185.689,185.661,185.671
2026-08-27 16:15:00+09:00,185.671,185.678,185.644,185.657
2026-08-27 16:20:00+09:00,185.657,185.671,185.636,185.656
2026-08-27 16:25:00+09:00,185.656,185.671,185.647,185.658
2026-08-27 16:30:00+09:00,185.657,185.671,185.655,185.656
2026-08-27 16:35:00+09:00,185.656,185.706,185.649,185.706
2026-08-27 16:40:00+09:00,185.705,185.715,185.684,185.71
2026-08-27 16:45:00+09:00,185.71,185.726,185.706,185.707
2026-08-27 16:50:00+09:00,185.707,185.726,185.692,185.711
2026-08-27 16:55:00+09:00,185.711,185.738,185.701,185.733
2026-08-27 17:00:00+09:00,185.733,185.741,185.707,185.707
2026-08-27 17:05:00+09:00,185.707,185.734,185.707,185.712
2026-08-27 17:10:00+09:00,185.712,185.714,185.681,185.684
2026-08-27 17:15:00+09:00,185.685,185.699,185.671,185.682
2026-08-27 17:20:00+09:00,185.682,185.682,185.638,185.645
2026-08-27 17:25:00+09:00,185.645,185.666,185.631,185.635
2026-08-27 17:30:00+09:00,185.635,185.656,185.624,185.626
2026-08-27 17:35:00+09:00,185.626,185.641,185.6,185.641
2026-08-27 17:40:00+09:00,185.641,185.647,185.603,185.618
2026-08-27 17:45:00+09:00,185.618,185.619,185.576,185.576
2026-08-27 17:50:00+09:00,185.576,185.605,185.576,185.594
2026-08-27 17:55:00+09:00,185.594,185.597,185.579,185.586
2026-08-27 18:00:00+09:00,185.587,185.595,185.543,185.549
2026-08-27 18:05:00+09:00,185.549,185.588,185.544,185.58
2026-08-27 18:10:00+09:00,185.58,185.616,185.58,185.599
2026-08-27 18:15:00+09:00,185.599,185.629,185.598,185.605
2026-08-27 18:20:00+09:00,185.605,185.617,185.588,185.605
2026-08-27 18:25:00+09:00,185.605,185.652,185.604,185.645
2026-08-27 18:30:00+09:00,185.646,185.665,185.63,185.643
2026-08-27 18:35:00+09:00,185.643,185.649,185.629,185.647
2026-08-27 18:40:00+09:00,185.647,185.687,185.647,185.672
2026-08-27 18:45:00+09:00,185.672,185.691,185.668,185.681
2026-08-27 18:50:00+09:00,185.681,185.701,185.676,185.681
2026-08-27 18:55:00+09:00,185.682,185.686,185.647,185.653
2026-08-27 19:00:00+09:00,185.653,185.655,185.633,185.637
2026-08-27 19:05:00+09:00,185.637,185.657,185.629,185.656
2026-08-27 19:10:00+09:00,185.656,185.681,185.655,185.668
2026-08-27 19:15:00+09:00,185.668,185.68,185.644,185.679
2026-08-27 19:20:00+09:00,185.679,185.698,185.669,185.686
2026-08-27 19:25:00+09:00,185.686,185.706,185.685,185.695
2026-08-27 19:30:00+09:00,185.695,185.709,185.683,185.683
2026-08-27 19:35:00+09:00,185.683,185.684,185.629,185.646
2026-08-27 19:40:00+09:00,185.646,185.675,185.641,185.657
2026-08-27 19:45:00+09:00,185.657,185.658,185.634,185.654
2026-08-27 19:50:00+09:00,185.654,185.667,185.646,185.647
2026-08-27 19:55:00+09:00,185.647,185.649,185.627,185.633
2026-08-27 20:00:00+09:00,185.633,185.649,185.627,185.645
2026-08-27 20:05:00+09:00,185.645,185.655,185.632,185.636
2026-08-27 20:10:00+09:00,185.636,185.641,185.617,185.621
2026-08-27 20:15:00+09:00,185.621,185.634,185.61,185.618
2026-08-27 20:20:00+09:00,185.618,185.639,185.613,185.633
2026-08-27 20:25:00+09:00,185.633,185.644,185.621,185.635
2026-08-27 20:30:00+09:00,185.635,185.657,185.591,185.594
2026-08-27 20:35:00+09:00,185.594,185.618,185.578,185.617
2026-08-27 20:40:00+09:00,185.617,185.632,185.601,185.621
2026-08-27 20:45:00+09:00,185.621,185.638,185.617,185.618
2026-08-27 20:50:00+09:00,185.619,185.65,185.604,185.649
2026-08-27 20:55:00+09:00,185.649,185.649,185.603,185.608
2026-08-27 21:00:00+09:00,185.608,185.641,185.593,185.629
2026-08-27 21:05:00+09:00,185.629,185.632,185.604,185.606
2026-08-27 21:10:00+09:00,185.606,185.612,185.59,185.593
2026-08-27 21:15:00+09:00,185.593,185.599,185.551,185.567
2026-08-27 21:20:00+09:00,185.567,185.592,185.554,185.588
2026-08-27 21:25:00+09:00,185.589,185.627,185.583,185.614
2026-08-27 21:30:00+09:00,185.615,185.623,185.588,185.591
2026-08-27 21:35:00+09:00,185.591,185.604,185.572,185.599
2026-08-27 21:40:00+09:00,185.599,185.625,185.596,185.607
2026-08-27 21:45:00+09:00,185.607,185.63,185.6,185.62
2026-08-27 21:50:00+09:00,185.619,185.621,185.592,185.594
2026-08-27 21:55:00+09:00,185.594,185.6,185.569,185.578
2026-08-27 22:00:00+09:00,185.578,185.627,185.567,185.626
2026-08-27 22:05:00+09:00,185.626,185.689,185.625,185.686
2026-08-27 22:10:00+09:00,185.686,185.74,185.684,185.734
2026-08-27 22:15:00+09:00,185.734,185.753,185.721,185.752
2026-08-27 22:20:00+09:00,185.752,185.82,185.744,185.815
2026-08-27 22:25:00+09:00,185.815,185.816,185.782,185.801
2026-08-27 22:30:00+09:00,185.801,185.815,185.776,185.79
2026-08-27 22:35:00+09:00,185.79,185.79,185.741,185.742
2026-08-27 22:40:00+09:00,185.742,185.747,185.714,185.74
2026-08-27 22:45:00+09:00,185.74,185.756,185.724,185.743
2026-08-27 22:50:00+09:00,185.742,185.775,185.727,185.753
2026-08-27 22:55:00+09:00,185.753,185.754,185.711,185.726
2026-08-27 23:00:00+09:00,185.726,185.727,185.681,185.685
2026-08-27 23:05:00+09:00,185.685,185.733,185.677,185.716
2026-08-27 23:10:00+09:00,185.716,185.716,185.657,185.668
2026-08-27 23:15:00+09:00,185.668,185.681,185.657,185.674
2026-08-27 23:20:00+09:00,185.674,185.678,185.649,185.659
2026-08-27 23:25:00+09:00,185.659,185.659,185.622,185.623
2026-08-27 23:30:00+09:00,185.623,185.645,185.619,185.64
2026-08-27 23:35:00+09:00,185.64,185.664,185.623,185.663
2026-08-27 23:40:00+09:00,185.663,185.663,185.624,185.654
2026-08-27 23:45:00+09:00,185.654,185.665,185.624,185.625
2026-08-27 23:50:00+09:00,185.625,185.629,185.604,185.614
2026-08-27 23:55:00+09:00,185.614,185.614,185.505,185.54
2026-08-28 00:00:00+09:00,185.539,185.57,185.531,185.562
2026-08-28 00:05:00+09:00,185.562,185.618,185.544,185.613
2026-08-28 00:10:00+09:00,185.613,185.645,185.604,185.63
2026-08-28 00:15:00+09:00,185.63,185.637,185.603,185.616
2026-08-28 00:20:00+09:00,185.616,185.623,185.595,185.601
2026-08-28 00:25:00+09:00,185.601,185.622,185.59,185.608
2026-08-28 00:30:00+09:00,185.608,185.625,185.596,185.609
2026-08-28 00:35:00+09:00,185.609,185.623,185.596,185.606
2026-08-28 00:40:00+09:00,185.604,185.604,185.571,185.571
2026-08-28 00:45:00+09:00,185.571,185.581,185.559,185.578
2026-08-28 00:50:00+09:00,185.577,185.596,185.574,185.579
2026-08-28 00:55:00+09:00,185.579,185.599,185.569,185.598
2026-08-28 01:00:00+09:00,185.598,185.6,185.576,185.58
2026-08-28 01:05:00+09:00,185.58,185.587,185.558,185.564
2026-08-28 01:10:00+09:00,185.564,185.575,185.559,185.568
2026-08-28 01:15:00+09:00,185.568,185.572,185.549,185.563
2026-08-28 01:20:00+09:00,185.563,185.585,185.561,185.582
2026-08-28 01:25:00+09:00,185.583,185.6,185.58,185.584
2026-08-28 01:30:00+09:00,185.584,185.598,185.583,185.593
2026-08-28 01:35:00+09:00,185.593,185.609,185.593,185.603
2026-08-28 01:40:00+09:00,185.603,185.612,185.594,185.606
2026-08-28 01:45:00+09:00,185.606,185.62,185.602,185.615
2026-08-28 01:50:00+09:00,185.616,185.632,185.6,185.603
2026-08-28 01:55:00+09:00,185.603,185.615,185.592,185.614
2026-08-28 02:00:00+09:00,185.614,185.626,185.605,185.621
2026-08-28 02:05:00+09:00,185.62,185.637,185.617,185.633
2026-08-28 02:10:00+09:00,185.633,185.638,185.621,185.628
2026-08-28 02:15:00+09:00,185.628,185.633,185.614,185.617
2026-08-28 02:20:00+09:00,185.617,185.621,185.609,185.611
2026-08-28 02:25:00+09:00,185.612,185.627,185.61,185.614
2026-08-28 02:30:00+09:00,185.614,185.63,185.614,185.617
2026-08-28 02:35:00+09:00,185.617,185.636,185.616,185.636
2026-08-28 02:40:00+09:00,185.636,185.644,185.629,185.64
2026-08-28 02:45:00+09:00,185.641,185.648,185.635,185.642
2026-08-28 02:50:00+09:00,185.642,185.659,185.64,185.651
2026-08-28 02:55:00+09:00,185.651,185.696,185.651,185.695
2026-08-28 03:00:00+09:00,185.694,185.719,185.688,185.713
2026-08-28 03:05:00+09:00,185.713,185.718,185.699,185.705
2026-08-28 03:10:00+09:00,185.705,185.715,185.691,185.695
2026-08-28 03:15:00+09:00,185.695,185.702,185.692,185.695
2026-08-28 03:20:00+09:00,185.695,185.703,185.689,185.69
2026-08-28 03:25:00+09:00,185.69,185.698,185.675,185.68
2026-08-28 03:30:00+09:00,185.68,185.7,185.68,185.691
2026-08-28 03:35:00+09:00,185.691,185.703,185.686,185.699
2026-08-28 03:40:00+09:00,185.699,185.706,185.691,185.705
2026-08-28 03:45:00+09:00,185.705,185.726,185.704,185.716
2026-08-28 03:50:00+09:00,185.716,185.724,185.708,185.718
2026-08-28 03:55:00+09:00,185.718,185.73,185.706,185.725
2026-08-28 04:00:00+09:00,185.724,185.738,185.708,185.71
2026-08-28 04:05:00+09:00,185.71,185.727,185.705,185.723
2026-08-28 04:10:00+09:00,185.723,185.735,185.719,185.731
2026-08-28 04:15:00+09:00,185.731,185.748,185.719,185.737
2026-08-28 04:20:00+09:00,185.737,185.741,185.719,185.72
2026-08-28 04:25:00+09:00,185.72,185.732,185.714,185.725
2026-08-28 04:30:00+09:00,185.725,185.729,185.712,185.712
2026-08-28 04:35:00+09:00,185.712,185.719,185.709,185.716
2026-08-28 04:40:00+09:00,185.716,185.719,185.708,185.71
2026-08-28 04:45:00+09:00,185.711,185.712,185.695,185.701
2026-08-28 04:50:00+09:00,185.701,185.701,185.683,185.691
2026-08-28 04:55:00+09:00,185.691,185.716,185.691,185.713
2026-08-28 05:00:00+09:00,185.713,185.728,185.707,185.718
2026-08-28 05:05:00+09:00,185.718,185.735,185.718,185.728
2026-08-28 05:10:00+09:00,185.728,185.751,185.724,185.725
2026-08-28 05:15:00+09:00,185.725,185.725,185.705,185.718
2026-08-28 05:20:00+09:00,185.718,185.72,185.71,185.718
2026-08-28 05:25:00+09:00,185.718,185.721,185.698,185.699
2026-08-28 05:30:00+09:00,185.699,185.712,185.699,185.712
2026-08-28 05:35:00+09:00,185.712,185.716,185.704,185.706
2026-08-28 05:40:00+09:00,185.706,185.715,185.702,185.705
2026-08-28 05:45:00+09:00,185.705,185.764,185.703,185.762
2026-08-28 05:50:00+09:00,185.763,185.782,185.759,185.777
2026-08-28 05:55:00+09:00,185.777,185.806,185.775,185.806
2026-08-28 06:00:00+09:00,185.806,185.806,185.722,185.784
2026-08-28 06:05:00+09:00,185.784,185.842,185.768,185.828
2026-08-28 06:10:00+09:00,185.828,185.83,185.8,185.814
2026-08-28 06:15:00+09:00,185.814,185.827,185.802,185.815
2026-08-28 06:20:00+09:00,185.815,185.824,185.789,185.799
2026-08-28 06:25:00+09:00,185.799,185.82,185.796,185.82
2026-08-28 06:30:00+09:00,185.82,185.826,185.817,185.825
2026-08-28 06:35:00+09:00,185.825,185.825,185.811,185.813
2026-08-28 06:40:00+09:00,185.813,185.813,185.801,185.812
2026-08-28 06:45:00+09:00,185.812,185.817,185.778,185.785
2026-08-28 06:50:00+09:00,185.785,185.791,185.775,185.775
2026-08-28 06:55:00+09:00,185.775,185.799,185.763,185.778
2026-08-28 07:00:00+09:00,185.778,185.802,185.767,185.778
2026-08-28 07:05:00+09:00,185.778,185.783,185.757,185.767
2026-08-28 07:10:00+09:00,185.767,185.767,185.724,185.742
2026-08-28 07:15:00+09:00,185.742,185.755,185.74,185.74
2026-08-28 07:20:00+09:00,185.74,185.751,185.735,185.751
2026-08-28 07:25:00+09:00,185.751,185.762,185.75,185.755
2026-08-28 07:30:00+09:00,185.755,185.76,185.751,185.76
2026-08-28 07:35:00+09:00,185.76,185.762,185.741,185.743
2026-08-28 07:40:00+09:00,185.743,185.743,185.736,185.739
2026-08-28 07:45:00+09:00,185.739,185.739,185.731,185.737
2026-08-28 07:50:00+09:00,185.737,185.744,185.734,185.743
2026-08-28 07:55:00+09:00,185.743,185.745,185.73,185.731
2026-08-28 08:00:00+09:00,185.731,185.735,185.719,185.724
2026-08-28 08:05:00+09:00,185.723,185.727,185.723,185.724
2026-08-28 08:10:00+09:00,185.725,185.74,185.723,185.729
2026-08-28 08:15:00+09:00,185.729,185.734,185.716,185.716
2026-08-28 08:20:00+09:00,185.716,185.717,185.701,185.705
2026-08-28 08:25:00+09:00,185.705,185.728,185.703,185.711
2026-08-28 08:30:00+09:00,185.711,185.72,185.707,185.715
2026-08-28 08:35:00+09:00,185.715,185.723,185.697,185.701
2026-08-28 08:40:00+09:00,185.701,185.704,185.696,185.698
2026-08-28 08:45:00+09:00,185.698,185.699,185.68,185.681
2026-08-28 08:50:00+09:00,185.681,185.705,185.681,185.701
2026-08-28 08:55:00+09:00,185.701,185.701,185.667,185.675
2026-08-28 09:00:00+09:00,185.675,185.677,185.648,185.66
2026-08-28 09:05:00+09:00,185.66,185.685,185.659,185.676
2026-08-28 09:10:00+09:00,185.676,185.699,185.675,185.685
2026-08-28 09:15:00+09:00,185.685,185.714,185.683,185.698
2026-08-28 09:20:00+09:00,185.698,185.709,185.695,185.702
2026-08-28 09:25:00+09:00,185.702,185.716,185.697,185.703
2026-08-28 09:30:00+09:00,185.703,185.705,185.684,185.692
2026-08-28 09:35:00+09:00,185.692,185.699,185.676,185.678
2026-08-28 09:40:00+09:00,185.678,185.688,185.668,185.684
2026-08-28 09:45:00+09:00,185.684,185.696,185.676,185.677
2026-08-28 09:50:00+09:00,185.677,185.711,185.664,185.671
2026-08-28 09:55:00+09:00,185.671,185.715,185.662,185.713
2026-08-28 10:00:00+09:00,185.713,185.731,185.708,185.716
2026-08-28 10:05:00+09:00,185.716,185.726,185.703,185.705
2026-08-28 10:10:00+09:00,185.705,185.714,185.695,185.696
2026-08-28 10:15:00+09:00,185.697,185.709,185.676,185.708
2026-08-28 10:20:00+09:00,185.708,185.712,185.688,185.711
2026-08-28 10:25:00+09:00,185.71,185.718,185.702,185.716
2026-08-28 10:30:00+09:00,185.716,185.725,185.709,185.719
2026-08-28 10:35:00+09:00,185.719,185.737,185.719,185.736
2026-08-28 10:40:00+09:00,185.736,185.76,185.726,185.758
2026-08-28 10:45:00+09:00,185.758,185.765,185.74,185.762
2026-08-28 10:50:00+09:00,185.762,185.767,185.752,185.765
2026-08-28 10:55:00+09:00,185.765,185.771,185.726,185.736
2026-08-28 11:00:00+09:00,185.736,185.749,185.736,185.745
2026-08-28 11:05:00+09:00,185.745,185.756,185.742,185.749
2026-08-28 11:10:00+09:00,185.75,185.758,185.714,185.723
2026-08-28 11:15:00+09:00,185.723,185.723,185.667,185.703
2026-08-28 11:20:00+09:00,185.703,185.717,185.69,185.694
2026-08-28 11:25:00+09:00,185.694,185.696,185.678,185.685
2026-08-28 11:30:00+09:00,185.685,185.726,185.685,185.725
2026-08-28 11:35:00+09:00,185.725,185.732,185.704,185.708
2026-08-28 11:40:00+09:00,185.708,185.724,185.704,185.719
2026-08-28 11:45:00+09:00,185.718,185.749,185.717,185.734
2026-08-28 11:50:00+09:00,185.734,185.74,185.72,185.731
2026-08-28 11:55:00+09:00,185.731,185.766,185.728,185.763
2026-08-28 12:00:00+09:00,185.763,185.782,185.76,185.772
2026-08-28 12:05:00+09:00,185.772,185.779,185.769,185.77
2026-08-28 12:10:00+09:00,185.77,185.781,185.754,185.781
2026-08-28 12:15:00+09:00,185.781,185.785,185.762,185.762
2026-08-28 12:20:00+09:00,185.762,185.763,185.748,185.749
2026-08-28 12:25:00+09:00,185.749,185.76,185.745,185.759
2026-08-28 12:30:00+09:00,185.759,185.77,185.75,185.752
2026-08-28 12:35:00+09:00,185.752,185.758,185.731,185.731
2026-08-28 12:40:00+09:00,185.731,185.733,185.713,185.716
2026-08-28 12:45:00+09:00,185.716,185.731,185.716,185.724
2026-08-28 12:50:00+09:00,185.724,185.734,185.719,185.719
2026-08-28 12:55:00+09:00,185.719,185.726,185.701,185.704
2026-08-28 13:00:00+09:00,185.704,185.736,185.704,185.727
2026-08-28 13:05:00+09:00,185.727,185.728,185.709,185.72
2026-08-28 13:10:00+09:00,185.72,185.727,185.713,185.715
2026-08-28 13:15:00+09:00,185.715,185.733,185.714,185.72
2026-08-28 13:20:00+09:00,185.72,185.744,185.719,185.737
2026-08-28 13:25:00+09:00,185.737,185.738,185.727,185.732
2026-08-28 13:30:00+09:00,185.732,185.746,185.728,185.741
2026-08-28 13:35:00+09:00,185.741,185.744,185.73,185.731
2026-08-28 13:40:00+09:00,185.731,185.736,185.723,185.731
2026-08-28 13:45:00+09:00,185.731,185.748,185.731,185.74
2026-08-28 13:50:00+09:00,185.74,185.752,185.734,185.738
2026-08-28 13:55:00+09:00,185.738,185.761,185.728,185.747
2026-08-28 14:00:00+09:00,185.747,185.783,185.745,185.765
2026-08-28 14:05:00+09:00,185.765,185.782,185.764,185.774
2026-08-28 14:10:00+09:00,185.774,185.779,185.764,185.776
2026-08-28 14:15:00+09:00,185.776,185.786,185.762,185.769
2026-08-28 14:20:00+09:00,185.769,185.797,185.764,185.791
2026-08-28 14:25:00+09:00,185.791,185.792,185.772,185.774
2026-08-28 14:30:00+09:00,185.774,185.789,185.772,185.785
2026-08-28 14:35:00+09:00,185.785,185.788,185.747,185.757
2026-08-28 14:40:00+09:00,185.757,185.768,185.753,185.753
2026-08-28 14:45:00+09:00,185.753,185.763,185.746,185.752
2026-08-28 14:50:00+09:00,185.752,185.753,185.737,185.741
2026-08-28 14:55:00+09:00,185.741,185.766,185.735,185.762
2026-08-28 15:00:00+09:00,185.761,185.8,185.759,185.779
2026-08-28 15:05:00+09:00,185.779,185.784,185.759,185.766
2026-08-28 15:10:00+09:00,185.766,185.785,185.763,185.763
2026-08-28 15:15:00+09:00,185.763,185.765,185.72,185.722
2026-08-28 15:20:00+09:00,185.722,185.744,185.712,185.724
2026-08-28 15:25:00+09:00,185.724,185.757,185.718,185.754
2026-08-28 15:30:00+09:00,185.754,185.775,185.742,185.742
2026-08-28 15:35:00+09:00,185.741,185.753,185.698,185.705
2026-08-28 15:40:00+09:00,185.705,185.73,185.693,185.728
2026-08-28 15:45:00+09:00,185.728,185.73,185.687,185.71
2026-08-28 15:50:00+09:00,185.71,185.719,185.697,185.715
2026-08-28 15:55:00+09:00,185.715,185.721,185.694,185.7
2026-08-28 16:00:00+09:00,185.699,185.714,185.684,185.699
2026-08-28 16:05:00+09:00,185.699,185.701,185.67,185.675
2026-08-28 16:10:00+09:00,185.675,185.712,185.674,185.692
2026-08-28 16:15:00+09:00,185.691,185.729,185.686,185.696
2026-08-28 16:20:00+09:00,185.695,185.704,185.69,185.702
2026-08-28 16:25:00+09:00,185.701,185.707,185.655,185.658
2026-08-28 16:30:00+09:00,185.658,185.694,185.654,185.693
2026-08-28 16:35:00+09:00,185.693,185.711,185.677,185.683
2026-08-28 16:40:00+09:00,185.683,185.721,185.675,185.718
2026-08-28 16:45:00+09:00,185.718,185.751,185.701,185.743
2026-08-28 16:50:00+09:00,185.743,185.758,185.735,185.752
2026-08-28 16:55:00+09:00,185.752,185.791,185.744,185.767
2026-08-28 17:00:00+09:00,185.766,185.821,185.762,185.796
2026-08-28 17:05:00+09:00,185.796,185.83,185.794,185.823
2026-08-28 17:10:00+09:00,185.823,185.849,185.816,185.846
2026-08-28 17:15:00+09:00,185.846,185.858,185.809,185.811
2026-08-28 17:20:00+09:00,185.811,185.822,185.784,185.784
2026-08-28 17:25:00+09:00,185.784,185.812,185.784,185.811
2026-08-28 17:30:00+09:00,185.811,185.834,185.796,185.825
2026-08-28 17:35:00+09:00,185.825,185.826,185.778,185.79
2026-08-28 17:40:00+09:00,185.79,185.798,185.771,185.783
2026-08-28 17:45:00+09:00,185.783,185.803,185.776,185.792
2026-08-28 17:50:00+09:00,185.792,185.832,185.792,185.822
2026-08-28 17:55:00+09:00,185.822,185.827,185.806,185.816
2026-08-28 18:00:00+09:00,185.816,185.836,185.805,185.814
2026-08-28 18:05:00+09:00,185.814,185.861,185.802,185.853
2026-08-28 18:10:00+09:00,185.853,185.859,185.842,185.848
2026-08-28 18:15:00+09:00,185.848,185.878,185.838,185.843
2026-08-28 18:20:00+09:00,185.843,185.882,185.834,185.864
2026-08-28 18:25:00+09:00,185.864,185.878,185.854,185.857
2026-08-28 18:30:00+09:00,185.858,185.889,185.856,185.876
2026-08-28 18:35:00+09:00,185.876,185.888,185.867,185.873
2026-08-28 18:40:00+09:00,185.873,185.883,185.858,185.871
2026-08-28 18:45:00+09:00,185.871,185.873,185.857,185.868
2026-08-28 18:50:00+09:00,185.865,185.883,185.856,185.875
2026-08-28 18:55:00+09:00,185.875,185.891,185.87,185.878
2026-08-28 19:00:00+09:00,185.878,185.888,185.861,185.868
2026-08-28 19:05:00+09:00,185.868,185.889,185.866,185.884
2026-08-28 19:10:00+09:00,185.884,185.897,185.878,185.88
2026-08-28 19:15:00+09:00,185.881,185.887,185.869,185.884
2026-08-28 19:20:00+09:00,185.884,185.899,185.869,185.899
2026-08-28 19:25:00+09:00,185.899,185.927,185.885,185.927
2026-08-28 19:30:00+09:00,185.927,185.939,185.923,185.935
2026-08-28 19:35:00+09:00,185.935,185.949,185.932,185.934
2026-08-28 19:40:00+09:00,185.934,185.958,185.928,185.953
2026-08-28 19:45:00+09:00,185.953,185.964,185.938,185.96
2026-08-28 19:50:00+09:00,185.96,185.969,185.95,185.965
2026-08-28 19:55:00+09:00,185.966,185.982,185.962,185.965
2026-08-28 20:00:00+09:00,185.965,185.977,185.947,185.956
2026-08-28 20:05:00+09:00,185.956,185.979,185.953,185.979
2026-08-28 20:10:00+09:00,185.979,185.981,185.947,185.953
2026-08-28 20:15:00+09:00,185.953,185.954,185.933,185.934
2026-08-28 20:20:00+09:00,185.934,185.974,185.932,185.972
2026-08-28 20:25:00+09:00,185.972,185.979,185.943,185.951
2026-08-28 20:30:00+09:00,185.952,185.974,185.946,185.971
2026-08-28 20:35:00+09:00,185.971,185.991,185.959,185.961
2026-08-28 20:40:00+09:00,185.961,185.986,185.961,185.985
2026-08-28 20:45:00+09:00,185.985,185.99,185.954,185.967
2026-08-28 20:50:00+09:00,185.967,185.97,185.938,185.938
2026-08-28 20:55:00+09:00,185.938,185.948,185.923,185.923
2026-08-28 21:00:00+09:00,185.923,185.931,185.907,185.924
2026-08-28 21:05:00+09:00,185.924,185.936,185.915,185.917
2026-08-28 21:10:00+09:00,185.917,185.926,185.89,185.9
2026-08-28 21:15:00+09:00,185.9,185.9,185.849,185.849
2026-08-28 21:20:00+09:00,185.849,185.862,185.821,185.832
2026-08-28 21:25:00+09:00,185.832,185.833,185.814,185.817
2026-08-28 21:30:00+09:00,185.817,185.821,185.8,185.803
2026-08-28 21:35:00+09:00,185.803,185.831,185.796,185.816
2026-08-28 21:40:00+09:00,185.816,185.833,185.803,185.811
2026-08-28 21:45:00+09:00,185.811,185.84,185.801,185.833
2026-08-28 21:50:00+09:00,185.833,185.839,185.811,185.832
2026-08-28 21:55:00+09:00,185.832,185.93,185.832,185.894
2026-08-28 22:00:00+09:00,185.894,185.919,185.885,185.913
2026-08-28 22:05:00+09:00,185.913,185.913,185.86,185.886
2026-08-28 22:10:00+09:00,185.885,185.901,185.872,185.895
2026-08-28 22:15:00+09:00,185.895,185.913,185.891,185.906
2026-08-28 22:20:00+09:00,185.905,185.906,185.87,185.889
2026-08-28 22:25:00+09:00,185.889,185.894,185.852,185.871
2026-08-28 22:30:00+09:00,185.871,185.881,185.853,185.868
2026-08-28 22:35:00+09:00,185.868,185.879,185.855,185.873
2026-08-28 22:40:00+09:00,185.873,185.876,185.838,185.86
2026-08-28 22:45:00+09:00,185.86,185.874,185.835,185.837
2026-08-28 22:50:00+09:00,185.837,185.838,185.805,185.836
2026-08-28 22:55:00+09:00,185.836,185.864,185.806,185.854
2026-08-28 23:00:00+09:00,185.854,185.88,185.547,185.597
2026-08-28 23:05:00+09:00,185.597,185.599,185.467,185.582
2026-08-28 23:10:00+09:00,185.582,185.647,185.562,185.645
2026-08-28 23:15:00+09:00,185.644,185.673,185.592,185.625
2026-08-28 23:20:00+09:00,185.625,185.653,185.577,185.585
2026-08-28 23:25:00+09:00,185.587,185.588,185.438,185.506
2026-08-28 23:30:00+09:00,185.507,185.618,185.492,185.601
2026-08-28 23:35:00+09:00,185.601,185.646,185.556,185.563
2026-08-28 23:40:00+09:00,185.563,185.639,185.56,185.576
2026-08-28 23:45:00+09:00,185.575,185.602,185.557,185.592
2026-08-28 23:50:00+09:00,185.592,185.723,185.579,185.706
2026-08-28 23:55:00+09:00,185.706,185.817,185.706,185.734
2026-08-29 00:00:00+09:00,185.735,185.761,185.696,185.707
2026-08-29 00:05:00+09:00,185.707,185.707,185.627,185.683
2026-08-29 00:10:00+09:00,185.682,185.713,185.666,185.691
2026-08-29 00:15:00+09:00,185.691,185.727,185.67,185.67
2026-08-29 00:20:00+09:00,185.669,185.679,185.643,185.645
2026-08-29 00:25:00+09:00,185.645,185.69,185.637,185.647
2026-08-29 00:30:00+09:00,185.646,185.669,185.621,185.636
2026-08-29 00:35:00+09:00,185.636,185.648,185.596,185.613
2026-08-29 00:40:00+09:00,185.613,185.656,185.606,185.654
2026-08-29 00:45:00+09:00,185.654,185.675,185.609,185.621
2026-08-29 00:50:00+09:00,185.621,185.633,185.585,185.588
2026-08-29 00:55:00+09:00,185.591,185.595,185.525,185.545
2026-08-29 01:00:00+09:00,185.545,185.566,185.513,185.523
2026-08-29 01:05:00+09:00,185.523,185.559,185.521,185.547
2026-08-29 01:10:00+09:00,185.547,185.562,185.517,185.521
2026-08-29 01:15:00+09:00,185.521,185.534,185.497,185.516
2026-08-29 01:20:00+09:00,185.516,185.563,185.51,185.541
2026-08-29 01:25:00+09:00,185.541,185.55,185.522,185.537
2026-08-29 01:30:00+09:00,185.537,185.591,185.537,185.577
2026-08-29 01:35:00+09:00,185.577,185.586,185.556,185.58
2026-08-29 01:40:00+09:00,185.58,185.602,185.58,185.593
2026-08-29 01:45:00+09:00,185.593,185.607,185.587,185.602
2026-08-29 01:50:00+09:00,185.602,185.651,185.601,185.615
2026-08-29 01:55:00+09:00,185.616,185.628,185.589,185.621
2026-08-29 02:00:00+09:00,185.62,185.622,185.565,185.566
2026-08-29 02:05:00+09:00,185.566,185.585,185.546,185.57
2026-08-29 02:10:00+09:00,185.57,185.59,185.561,185.579
2026-08-29 02:15:00+09:00,185.579,185.584,185.552,185.576
2026-08-29 02:20:00+09:00,185.576,185.594,185.575,185.587
2026-08-29 02:25:00+09:00,185.587,185.589,185.558,185.559
2026-08-29 02:30:00+09:00,185.559,185.567,185.548,185.548
2026-08-29 02:35:00+09:00,185.548,185.561,185.522,185.531
2026-08-29 02:40:00+09:00,185.531,185.545,185.493,185.518
2026-08-29 02:45:00+09:00,185.518,185.519,185.481,185.492
2026-08-29 02:50:00+09:00,185.492,185.503,185.489,185.489
2026-08-29 02:55:00+09:00,185.489,185.511,185.487,185.508
2026-08-29 03:00:00+09:00,185.508,185.511,185.478,185.478
2026-08-29 03:05:00+09:00,185.478,185.504,185.477,185.501
2026-08-29 03:10:00+09:00,185.501,185.503,185.483,185.486
2026-08-29 03:15:00+09:00,185.486,185.502,185.473,185.491
2026-08-29 03:20:00+09:00,185.491,185.509,185.487,185.503
2026-08-29 03:25:00+09:00,185.503,185.514,185.496,185.5
2026-08-29 03:30:00+09:00,185.5,185.508,185.492,185.5
2026-08-29 03:35:00+09:00,185.5,185.505,185.479,185.479
2026-08-29 03:40:00+09:00,185.479,185.48,185.46,185.468
2026-08-29 03:45:00+09:00,185.468,185.474,185.442,185.452
2026-08-29 03:50:00+09:00,185.452,185.468,185.45,185.455
2026-08-29 03:55:00+09:00,185.455,185.468,185.45,185.45
2026-08-29 04:00:00+09:00,185.45,185.459,185.397,185.397
2026-08-29 04:05:00+09:00,185.397,185.422,185.392,185.421
2026-08-29 04:10:00+09:00,185.421,185.459,185.421,185.447
2026-08-29 04:15:00+09:00,185.447,185.458,185.44,185.445
2026-08-29 04:20:00+09:00,185.445,185.457,185.443,185.453
2026-08-29 04:25:00+09:00,185.453,185.462,185.448,185.458
2026-08-29 04:30:00+09:00,185.458,185.485,185.456,185.475
2026-08-29 04:35:00+09:00,185.475,185.498,185.471,185.485
2026-08-29 04:40:00+09:00,185.485,185.492,185.466,185.487
2026-08-29 04:45:00+09:00,185.487,185.493,185.469,185.49
2026-08-29 04:50:00+09:00,185.49,185.503,185.49,185.49
2026-08-29 04:55:00+09:00,185.49,185.505,185.456,185.472
2026-08-29 05:00:00+09:00,185.472,185.482,185.467,185.47
2026-08-29 05:05:00+09:00,185.47,185.475,185.437,185.446
2026-08-29 05:10:00+09:00,185.446,185.467,185.445,185.466
2026-08-29 05:15:00+09:00,185.466,185.473,185.45,185.466
2026-08-29 05:20:00+09:00,185.466,185.466,185.444,185.451
2026-08-29 05:25:00+09:00,185.451,185.462,185.428,185.44
2026-08-29 05:30:00+09:00,185.44,185.444,185.427,185.442
2026-08-29 05:35:00+09:00,185.442,185.449,185.427,185.428
2026-08-29 05:40:00+09:00,185.428,185.455,185.428,185.448
2026-08-29 05:45:00+09:00,185.448,185.502,185.446,185.486
2026-08-29 05:50:00+09:00,185.486,185.515,185.48,185.49
2026-08-29 05:55:00+09:00,185.49,185.521,185.482,185.494
2026-08-31 07:00:00+09:00,185.506,185.545,185.505,185.532
2026-08-31 07:05:00+09:00,185.532,185.538,185.509,185.517
2026-08-31 07:10:00+09:00,185.517,185.531,185.508,185.522
2026-08-31 07:15:00+09:00,185.522,185.536,185.514,185.53
2026-08-31 07:20:00+09:00,185.529,185.531,185.52,185.526
2026-08-31 07:25:00+09:00,185.526,185.53,185.502,185.509
2026-08-31 07:30:00+09:00,185.509,185.537,185.505,185.533
2026-08-31 07:35:00+09:00,185.533,185.552,185.529,185.544
2026-08-31 07:40:00+09:00,185.544,185.545,185.507,185.507
2026-08-31 07:45:00+09:00,185.507,185.542,185.507,185.542
2026-08-31 07:50:00+09:00,185.542,185.548,185.536,185.538
2026-08-31 07:55:00+09:00,185.538,185.546,185.533,185.544
2026-08-31 08:00:00+09:00,185.544,185.544,185.499,185.527
2026-08-31 08:05:00+09:00,185.527,185.584,185.527,185.582
2026-08-31 08:10:00+09:00,185.582,185.588,185.573,185.573
2026-08-31 08:15:00+09:00,185.572,185.581,185.571,185.578
2026-08-31 08:20:00+09:00,185.592,185.598,185.569,185.574
2026-08-31 08:25:00+09:00,185.574,185.585,185.57,185.577
2026-08-31 08:30:00+09:00,185.577,185.578,185.557,185.562
2026-08-31 08:35:00+09:00,185.562,185.574,185.553,185.572
2026-08-31 08:40:00+09:00,185.572,185.581,185.557,185.58
2026-08-31 08:45:00+09:00,185.58,185.593,185.549,185.55
2026-08-31 08:50:00+09:00,185.55,185.583,185.55,185.582
2026-08-31 08:55:00+09:00,185.582,185.587,185.57,185.57
2026-08-31 09:00:00+09:00,185.57,185.57,185.492,185.506
2026-08-31 09:05:00+09:00,185.506,185.515,185.47,185.49
2026-08-31 09:10:00+09:00,185.492,185.522,185.476,185.478
2026-08-31 09:15:00+09:00,185.478,185.481,185.434,185.453
2026-08-31 09:20:00+09:00,185.453,185.486,185.447,185.472
2026-08-31 09:25:00+09:00,185.471,185.472,185.435,185.444
2026-08-31 09:30:00+09:00,185.444,185.456,185.429,185.453
2026-08-31 09:35:00+09:00,185.453,185.493,185.445,185.487
2026-08-31 09:40:00+09:00,185.487,185.519,185.484,185.506
2026-08-31 09:45:00+09:00,185.506,185.526,185.496,185.505
2026-08-31 09:50:00+09:00,185.505,185.535,185.456,185.475
2026-08-31 09:55:00+09:00,185.474,185.496,185.432,185.44
2026-08-31 10:00:00+09:00,185.44,185.457,185.392,185.396
2026-08-31 10:05:00+09:00,185.396,185.404,185.364,185.376
2026-08-31 10:10:00+09:00,185.376,185.378,185.336,185.37
2026-08-31 10:15:00+09:00,185.37,185.376,185.316,185.318
2026-08-31 10:20:00+09:00,185.318,185.321,185.229,185.246
2026-08-31 10:25:00+09:00,185.249,185.273,185.225,185.248
2026-08-31 10:30:00+09:00,185.248,185.3,185.242,185.297
2026-08-31 10:35:00+09:00,185.296,185.297,185.26,185.294
2026-08-31 10:40:00+09:00,185.294,185.303,185.232,185.275
2026-08-31 10:45:00+09:00,185.274,185.291,185.266,185.268
2026-08-31 10:50:00+09:00,185.268,185.274,185.229,185.244
2026-08-31 10:55:00+09:00,185.244,185.274,185.232,185.252
2026-08-31 11:00:00+09:00,185.251,185.268,185.251,185.256
2026-08-31 11:05:00+09:00,185.256,185.28,185.243,185.248
2026-08-31 11:10:00+09:00,185.248,185.257,185.235,185.256
2026-08-31 11:15:00+09:00,185.228,185.241,185.205,185.205
2026-08-31 11:20:00+09:00,185.205,185.216,185.196,185.203
2026-08-31 11:25:00+09:00,185.202,185.217,185.175,185.206
2026-08-31 11:30:00+09:00,185.206,185.236,185.196,185.229
2026-08-31 11:35:00+09:00,185.229,185.242,185.212,185.213
2026-08-31 11:40:00+09:00,185.213,185.216,185.18,185.189
2026-08-31 11:45:00+09:00,185.189,185.215,185.189,185.196
2026-08-31 11:50:00+09:00,185.196,185.216,185.196,185.207
2026-08-31 11:55:00+09:00,185.207,185.242,185.198,185.223
2026-08-31 12:00:00+09:00,185.223,185.227,185.196,185.215
2026-08-31 12:05:00+09:00,185.215,185.23,185.213,185.226
2026-08-31 12:10:00+09:00,185.226,185.239,185.214,185.215
2026-08-31 12:15:00+09:00,185.215,185.227,185.209,185.227
2026-08-31 12:20:00+09:00,185.227,185.253,185.226,185.246
2026-08-31 12:25:00+09:00,185.246,185.251,185.233,185.243
2026-08-31 12:30:00+09:00,185.243,185.277,185.23,185.272
2026-08-31 12:35:00+09:00,185.272,185.276,185.245,185.246
2026-08-31 12:40:00+09:00,185.246,185.272,185.242,185.248
2026-08-31 12:45:00+09:00,185.248,185.25,185.229,185.231
2026-08-31 12:50:00+09:00,185.231,185.232,185.217,185.227
2026-08-31 12:55:00+09:00,185.227,185.249,185.227,185.238
2026-08-31 13:00:00+09:00,185.238,185.245,185.193,185.196
2026-08-31 13:05:00+09:00,185.196,185.22,185.195,185.209
2026-08-31 13:10:00+09:00,185.209,185.221,185.203,185.216
2026-08-31 13:15:00+09:00,185.216,185.231,185.213,185.217
2026-08-31 13:20:00+09:00,185.229,185.236,185.22,185.222
2026-08-31 13:25:00+09:00,185.222,185.228,185.2,185.218
2026-08-31 13:30:00+09:00,185.218,185.235,185.211,185.22
2026-08-31 13:35:00+09:00,185.22,185.222,185.208,185.215
2026-08-31 13:40:00+09:00,185.215,185.218,185.177,185.188
2026-08-31 13:45:00+09:00,185.188,185.195,185.183,185.192
2026-08-31 13:50:00+09:00,185.192,185.216,185.184,185.215
2026-08-31 13:55:00+09:00,185.215,185.218,185.201,185.216
2026-08-31 14:00:00+09:00,185.216,185.223,185.195,185.195
2026-08-31 14:05:00+09:00,185.195,185.198,185.171,185.177
2026-08-31 14:10:00+09:00,185.177,185.202,185.176,185.197
2026-08-31 14:15:00+09:00,185.197,185.227,185.188,185.225
2026-08-31 14:20:00+09:00,185.225,185.237,185.201,185.201
2026-08-31 14:25:00+09:00,185.201,185.215,185.196,185.201
2026-08-31 14:30:00+09:00,185.201,185.214,185.183,185.188
2026-08-31 14:35:00+09:00,185.188,185.206,185.181,185.19
2026-08-31 14:40:00+09:00,185.19,185.225,185.19,185.222
2026-08-31 14:45:00+09:00,185.222,185.24,185.218,185.232
2026-08-31 14:50:00+09:00,185.232,185.261,185.224,185.261
2026-08-31 14:55:00+09:00,185.261,185.266,185.237,185.253
2026-08-31 15:00:00+09:00,185.253,185.26,185.211,185.222
2026-08-31 15:05:00+09:00,185.222,185.225,185.195,185.22
2026-08-31 15:10:00+09:00,185.22,185.222,185.2,185.207
2026-08-31 15:15:00+09:00,185.207,185.227,185.193,185.224
2026-08-31 15:20:00+09:00,185.223,185.236,185.2,185.226
2026-08-31 15:25:00+09:00,185.226,185.252,185.216,185.245
2026-08-31 15:30:00+09:00,185.245,185.305,185.237,185.298
2026-08-31 15:35:00+09:00,185.298,185.311,185.293,185.306
2026-08-31 15:40:00+09:00,185.306,185.309,185.241,185.247
2026-08-31 15:45:00+09:00,185.247,185.272,185.23,185.262
2026-08-31 15:50:00+09:00,185.262,185.264,185.234,185.235
2026-08-31 15:55:00+09:00,185.234,185.24,185.184,185.195
2026-08-31 16:00:00+09:00,185.195,185.207,185.17,185.194
2026-08-31 16:05:00+09:00,185.194,185.198,185.112,185.133
2026-08-31 16:10:00+09:00,185.133,185.138,185.04,185.046
2026-08-31 16:15:00+09:00,185.046,185.047,184.926,185.011
2026-08-31 16:20:00+09:00,185.011,185.058,185.001,185.02
2026-08-31 16:25:00+09:00,185.021,185.046,185.012,185.041
2026-08-31 16:30:00+09:00,185.041,185.103,185.019,185.1
2026-08-31 16:35:00+09:00,185.099,185.125,185.086,185.115
2026-08-31 16:40:00+09:00,185.114,185.16,185.11,185.157
2026-08-31 16:45:00+09:00,185.157,185.163,185.126,185.148
2026-08-31 16:50:00+09:00,185.148,185.165,185.132,185.133
2026-08-31 16:55:00+09:00,185.134,185.173,185.128,185.156
2026-08-31 17:00:00+09:00,185.156,185.156,185.072,185.079
2026-08-31 17:05:00+09:00,185.079,185.119,185.056,185.079
2026-08-31 17:10:00+09:00,185.079,185.117,185.069,185.077
2026-08-31 17:15:00+09:00,185.077,185.113,185.052,185.077
2026-08-31 17:20:00+09:00,185.077,185.09,185.046,185.089
2026-08-31 17:25:00+09:00,185.089,185.137,185.083,185.134
2026-08-31 17:30:00+09:00,185.134,185.167,185.133,185.157
2026-08-31 17:35:00+09:00,185.157,185.169,185.127,185.142
2026-08-31 17:40:00+09:00,185.142,185.174,185.136,185.17
2026-08-31 17:45:00+09:00,185.17,185.177,185.149,185.167
2026-08-31 17:50:00+09:00,185.167,185.184,185.152,185.168
2026-08-31 17:55:00+09:00,185.168,185.215,185.165,185.206
2026-08-31 18:00:00+09:00,185.206,185.269,185.192,185.269
2026-08-31 18:05:00+09:00,185.269,185.284,185.251,185.255
2026-08-31 18:10:00+09:00,185.255,185.286,185.247,185.259
2026-08-31 18:15:00+09:00,185.259,185.279,185.253,185.264
2026-08-31 18:20:00+09:00,185.263,185.265,185.235,185.236
2026-08-31 18:25:00+09:00,185.235,185.251,185.221,185.227
2026-08-31 18:30:00+09:00,185.227,185.261,185.225,185.239
2026-08-31 18:35:00+09:00,185.239,185.26,185.23,185.251
2026-08-31 18:40:00+09:00,185.251,185.263,185.23,185.243
2026-08-31 18:45:00+09:00,185.243,185.272,185.241,185.263
2026-08-31 18:50:00+09:00,185.263,185.293,185.252,185.269
2026-08-31 18:55:00+09:00,185.27,185.291,185.261,185.283
2026-08-31 19:00:00+09:00,185.283,185.29,185.266,185.277
2026-08-31 19:05:00+09:00,185.277,185.326,185.273,185.311
2026-08-31 19:10:00+09:00,185.311,185.325,185.298,185.299
2026-08-31 19:15:00+09:00,185.299,185.335,185.298,185.323
2026-08-31 19:20:00+09:00,185.324,185.326,185.293,185.301
2026-08-31 19:25:00+09:00,185.301,185.324,185.296,185.319
2026-08-31 19:30:00+09:00,185.319,185.331,185.299,185.301
2026-08-31 19:35:00+09:00,185.301,185.311,185.269,185.273
2026-08-31 19:40:00+09:00,185.273,185.282,185.26,185.26
2026-08-31 19:45:00+09:00,185.26,185.264,185.249,185.249
2026-08-31 19:50:00+09:00,185.249,185.272,185.248,185.255
2026-08-31 19:55:00+09:00,185.256,185.261,185.24,185.241
2026-08-31 20:00:00+09:00,185.24,185.253,185.199,185.213
2026-08-31 20:05:00+09:00,185.213,185.231,185.204,185.212
2026-08-31 20:10:00+09:00,185.212,185.233,185.204,185.209
2026-08-31 20:15:00+09:00,185.209,185.229,185.203,185.224
2026-08-31 20:20:00+09:00,185.224,185.241,185.214,185.215
2026-08-31 20:25:00+09:00,185.215,185.215,185.206,185.213
2026-08-31 20:30:00+09:00,185.206,185.227,185.192,185.22
2026-08-31 20:35:00+09:00,185.219,185.234,185.213,185.215
2026-08-31 20:40:00+09:00,185.215,185.238,185.215,185.222
2026-08-31 20:45:00+09:00,185.222,185.228,185.205,185.215
2026-08-31 20:50:00+09:00,185.215,185.224,185.206,185.215
2026-08-31 20:55:00+09:00,185.215,185.227,185.199,185.206
2026-08-31 21:00:00+09:00,185.206,185.208,185.184,185.207
2026-08-31 21:05:00+09:00,185.207,185.233,185.201,185.214
2026-08-31 21:10:00+09:00,185.217,185.232,185.211,185.231
2026-08-31 21:15:00+09:00,185.231,185.241,185.221,185.238
2026-08-31 21:20:00+09:00,185.239,185.261,185.228,185.252
2026-08-31 21:25:00+09:00,185.252,185.299,185.233,185.289
2026-08-31 21:30:00+09:00,185.289,185.312,185.274,185.305
2026-08-31 21:35:00+09:00,185.305,185.326,185.293,185.298
2026-08-31 21:40:00+09:00,185.298,185.342,185.291,185.301
2026-08-31 21:45:00+09:00,185.301,185.317,185.292,185.307
2026-08-31 21:50:00+09:00,185.307,185.332,185.306,185.331
2026-08-31 21:55:00+09:00,185.331,185.397,185.331,185.388
2026-08-31 22:00:00+09:00,185.388,185.401,185.361,185.389
2026-08-31 22:05:00+09:00,185.391,185.412,185.38,185.408
2026-08-31 22:10:00+09:00,185.408,185.409,185.382,185.388
2026-08-31 22:15:00+09:00,185.388,185.403,185.365,185.381
2026-08-31 22:20:00+09:00,185.38,185.41,185.376,185.397
2026-08-31 22:25:00+09:00,185.397,185.405,185.342,185.359
2026-08-31 22:30:00+09:00,185.359,185.394,185.345,185.393
2026-08-31 22:35:00+09:00,185.393,185.403,185.374,185.375
2026-08-31 22:40:00+09:00,185.375,185.384,185.339,185.353
2026-08-31 22:45:00+09:00,185.353,185.362,185.332,185.343
2026-08-31 22:50:00+09:00,185.342,185.39,185.332,185.375
2026-08-31 22:55:00+09:00,185.375,185.399,185.352,185.399
2026-08-31 23:00:00+09:00,185.399,185.403,185.347,185.402
2026-08-31 23:05:00+09:00,185.402,185.409,185.38,185.394
2026-08-31 23:10:00+09:00,185.394,185.427,185.392,185.401
2026-08-31 23:15:00+09:00,185.401,185.416,185.383,185.415
2026-08-31 23:20:00+09:00,185.415,185.42,185.4,185.416
2026-08-31 23:25:00+09:00,185.416,185.422,185.392,185.395
2026-08-31 23:30:00+09:00,185.394,185.424,185.384,185.402
2026-08-31 23:35:00+09:00,185.403,185.423,185.285,185.363
2026-08-31 23:40:00+09:00,185.362,185.387,185.314,185.38
2026-08-31 23:45:00+09:00,185.38,185.425,185.378,185.386
2026-08-31 23:50:00+09:00,185.386,185.449,185.385,185.429
2026-08-31 23:55:00+09:00,185.428,185.572,185.414,185.49
2026-09-01 00:00:00+09:00,185.49,185.543,185.486,185.523
2026-09-01 00:05:00+09:00,185.523,185.554,185.511,185.54
2026-09-01 00:10:00+09:00,185.54,185.544,185.504,185.542
2026-09-01 00:15:00+09:00,185.541,185.547,185.514,185.52
2026-09-01 00:20:00+09:00,185.52,185.589,185.52,185.589
2026-09-01 00:25:00+09:00,185.588,185.604,185.578,185.584
2026-09-01 00:30:00+09:00,185.585,185.626,185.582,185.61
2026-09-01 00:35:00+09:00,185.61,185.626,185.602,185.614
2026-09-01 00:40:00+09:00,185.614,185.618,185.566,185.572
2026-09-01 00:45:00+09:00,185.572,185.587,185.562,185.566
2026-09-01 00:50:00+09:00,185.565,185.586,185.565,185.577
2026-09-01 00:55:00+09:00,185.577,185.585,185.558,185.569
2026-09-01 01:00:00+09:00,185.569,185.569,185.529,185.537
2026-09-01 01:05:00+09:00,185.537,185.552,185.496,185.504
2026-09-01 01:10:00+09:00,185.504,185.518,185.5,185.503
2026-09-01 01:15:00+09:00,185.503,185.514,185.49,185.514
2026-09-01 01:20:00+09:00,185.514,185.525,185.491,185.493
2026-09-01 01:25:00+09:00,185.493,185.512,185.488,185.512
2026-09-01 01:30:00+09:00,185.512,185.538,185.497,185.535
2026-09-01 01:35:00+09:00,185.535,185.538,185.506,185.511
2026-09-01 01:40:00+09:00,185.511,185.513,185.488,185.497
2026-09-01 01:45:00+09:00,185.497,185.502,185.477,185.486
2026-09-01 01:50:00+09:00,185.486,185.509,185.48,185.485
2026-09-01 01:55:00+09:00,185.485,185.503,185.482,185.5
2026-09-01 02:00:00+09:00,185.5,185.521,185.5,185.504
2026-09-01 02:05:00+09:00,185.504,185.51,185.485,185.498
2026-09-01 02:10:00+09:00,185.498,185.512,185.497,185.507
2026-09-01 02:15:00+09:00,185.507,185.52,185.505,185.52
2026-09-01 02:20:00+09:00,185.52,185.524,185.502,185.506
2026-09-01 02:25:00+09:00,185.506,185.509,185.493,185.5
2026-09-01 02:30:00+09:00,185.5,185.507,185.491,185.496
2026-09-01 02:35:00+09:00,185.496,185.518,185.496,185.508
2026-09-01 02:40:00+09:00,185.508,185.515,185.497,185.506
2026-09-01 02:45:00+09:00,185.506,185.519,185.495,185.499
2026-09-01 02:50:00+09:00,185.499,185.516,185.496,185.509
2026-09-01 02:55:00+09:00,185.509,185.516,185.493,185.493
2026-09-01 03:00:00+09:00,185.493,185.499,185.479,185.494
2026-09-01 03:05:00+09:00,185.492,185.51,185.491,185.504
2026-09-01 03:10:00+09:00,185.504,185.524,185.503,185.523
2026-09-01 03:15:00+09:00,185.523,185.524,185.51,185.513
2026-09-01 03:20:00+09:00,185.513,185.519,185.504,185.512
2026-09-01 03:25:00+09:00,185.512,185.54,185.51,185.523
2026-09-01 03:30:00+09:00,185.523,185.564,185.523,185.557
2026-09-01 03:35:00+09:00,185.557,185.585,185.545,185.585
2026-09-01 03:40:00+09:00,185.585,185.603,185.576,185.599
2026-09-01 03:45:00+09:00,185.599,185.61,185.585,185.606
2026-09-01 03:50:00+09:00,185.606,185.609,185.595,185.602
2026-09-01 03:55:00+09:00,185.606,185.636,185.592,185.618
2026-09-01 04:00:00+09:00,185.618,185.631,185.597,185.606
2026-09-01 04:05:00+09:00,185.606,185.614,185.599,185.599
2026-09-01 04:10:00+09:00,185.599,185.614,185.588,185.596
2026-09-01 04:15:00+09:00,185.595,185.6,185.576,185.577
2026-09-01 04:20:00+09:00,185.577,185.582,185.563,185.565
2026-09-01 04:25:00+09:00,185.565,185.575,185.556,185.561
2026-09-01 04:30:00+09:00,185.562,185.566,185.542,185.553
2026-09-01 04:35:00+09:00,185.553,185.599,185.552,185.596
2026-09-01 04:40:00+09:00,185.596,185.602,185.588,185.601
2026-09-01 04:45:00+09:00,185.601,185.614,185.598,185.61
2026-09-01 04:50:00+09:00,185.61,185.618,185.607,185.613
2026-09-01 04:55:00+09:00,185.613,185.613,185.576,185.577
2026-09-01 05:00:00+09:00,185.578,185.581,185.557,185.577
2026-09-01 05:05:00+09:00,185.577,185.59,185.574,185.578
2026-09-01 05:10:00+09:00,185.578,185.583,185.55,185.552
2026-09-01 05:15:00+09:00,185.552,185.562,185.549,185.55
2026-09-01 05:20:00+09:00,185.55,185.555,185.547,185.547
2026-09-01 05:25:00+09:00,185.547,185.558,185.547,185.555
2026-09-01 05:30:00+09:00,185.555,185.574,185.554,185.568
2026-09-01 05:35:00+09:00,185.568,185.576,185.566,185.571
2026-09-01 05:40:00+09:00,185.571,185.576,185.569,185.57
2026-09-01 05:45:00+09:00,185.57,185.635,185.57,185.631
2026-09-01 05:50:00+09:00,185.631,185.635,185.626,185.628
2026-09-01 05:55:00+09:00,185.628,185.638,185.626,185.638
2026-09-01 06:00:00+09:00,185.638,185.652,185.631,185.643
2026-09-01 06:05:00+09:00,185.643,185.662,185.643,185.661
2026-09-01 06:10:00+09:00,185.661,185.677,185.66,185.674
2026-09-01 06:15:00+09:00,185.674,185.681,185.646,185.654
2026-09-01 06:20:00+09:00,185.654,185.663,185.646,185.652
2026-09-01 06:25:00+09:00,185.652,185.669,185.652,185.665
2026-09-01 06:30:00+09:00,185.665,185.672,185.662,185.668
2026-09-01 06:35:00+09:00,185.668,185.676,185.668,185.673
2026-09-01 06:40:00+09:00,185.673,185.681,185.67,185.679
2026-09-01 06:45:00+09:00,185.679,185.68,185.659,185.667
2026-09-01 06:50:00+09:00,185.667,185.67,185.643,185.651
2026-09-01 06:55:00+09:00,185.651,185.662,185.642,185.643
2026-09-01 07:00:00+09:00,185.643,185.685,185.643,185.674
2026-09-01 07:05:00+09:00,185.674,185.674,185.648,185.659
2026-09-01 07:10:00+09:00,185.657,185.657,185.614,185.617
2026-09-01 07:15:00+09:00,185.617,185.617,185.608,185.614
2026-09-01 07:20:00+09:00,185.614,185.621,185.61,185.619
2026-09-01 07:25:00+09:00,185.619,185.623,185.604,185.61
2026-09-01 07:30:00+09:00,185.61,185.622,185.61,185.617
2026-09-01 07:35:00+09:00,185.617,185.619,185.611,185.613
2026-09-01 07:40:00+09:00,185.613,185.618,185.604,185.609
2026-09-01 07:45:00+09:00,185.609,185.613,185.597,185.599
2026-09-01 07:50:00+09:00,185.599,185.601,185.596,185.597
2026-09-01 07:55:00+09:00,185.597,185.61,185.595,185.608
2026-09-01 08:00:00+09:00,185.608,185.623,185.596,185.616
2026-09-01 08:05:00+09:00,185.616,185.618,185.6,185.614
2026-09-01 08:10:00+09:00,185.616,185.632,185.608,185.632
2026-09-01 08:15:00+09:00,185.632,185.632,185.604,185.622
2026-09-01 08:20:00+09:00,185.622,185.622,185.606,185.607
2026-09-01 08:25:00+09:00,185.607,185.627,185.602,185.627
2026-09-01 08:30:00+09:00,185.627,185.641,185.627,185.637
2026-09-01 08:35:00+09:00,185.637,185.641,185.619,185.624
2026-09-01 08:40:00+09:00,185.624,185.628,185.615,185.616
2026-09-01 08:45:00+09:00,185.616,185.624,185.603,185.603
2026-09-01 08:50:00+09:00,185.603,185.61,185.588,185.608
2026-09-01 08:55:00+09:00,185.608,185.62,185.594,185.617
2026-09-01 09:00:00+09:00,185.617,185.672,185.599,185.669
2026-09-01 09:05:00+09:00,185.669,185.701,185.637,185.649
2026-09-01 09:10:00+09:00,185.649,185.649,185.584,185.587
2026-09-01 09:15:00+09:00,185.587,185.628,185.584,185.602
2026-09-01 09:20:00+09:00,185.603,185.608,185.552,185.573
2026-09-01 09:25:00+09:00,185.573,185.602,185.558,185.593
2026-09-01 09:30:00+09:00,185.593,185.636,185.586,185.63
2026-09-01 09:35:00+09:00,185.63,185.65,185.628,185.634
2026-09-01 09:40:00+09:00,185.634,185.665,185.633,185.656
2026-09-01 09:45:00+09:00,185.656,185.661,185.626,185.656
2026-09-01 09:50:00+09:00,185.656,185.675,185.635,185.64
2026-09-01 09:55:00+09:00,185.642,185.672,185.62,185.66
2026-09-01 10:00:00+09:00,185.661,185.677,185.614,185.627
2026-09-01 10:05:00+09:00,185.627,185.627,185.586,185.596
2026-09-01 10:10:00+09:00,185.596,185.604,185.55,185.601
2026-09-01 10:15:00+09:00,185.603,185.631,185.603,185.617
2026-09-01 10:20:00+09:00,185.617,185.622,185.59,185.598
2026-09-01 10:25:00+09:00,185.598,185.598,185.554,185.566
2026-09-01 10:30:00+09:00,185.566,185.582,185.551,185.551
2026-09-01 10:35:00+09:00,185.551,185.56,185.533,185.551
2026-09-01 10:40:00+09:00,185.551,185.559,185.53,185.557
2026-09-01 10:45:00+09:00,185.557,185.564,185.535,185.544
2026-09-01 10:50:00+09:00,185.544,185.546,185.494,185.496
2026-09-01 10:55:00+09:00,185.496,185.496,185.433,185.481
2026-09-01 11:00:00+09:00,185.48,185.533,185.467,185.527
2026-09-01 11:05:00+09:00,185.527,185.533,185.505,185.522
2026-09-01 11:10:00+09:00,185.522,185.531,185.5,185.5
2026-09-01 11:15:00+09:00,185.501,185.526,185.492,185.496
2026-09-01 11:20:00+09:00,185.496,185.524,185.495,185.516
2026-09-01 11:25:00+09:00,185.516,185.52,185.493,185.496
2026-09-01 11:30:00+09:00,185.496,185.51,185.476,185.479
2026-09-01 11:35:00+09:00,185.479,185.505,185.469,185.499
2026-09-01 11:40:00+09:00,185.5,185.513,185.479,185.479
2026-09-01 11:45:00+09:00,185.479,185.513,185.478,185.513
2026-09-01 11:50:00+09:00,185.513,185.526,185.502,185.518
2026-09-01 11:55:00+09:00,185.518,185.526,185.514,185.517
2026-09-01 12:00:00+09:00,185.517,185.521,185.479,185.498
2026-09-01 12:05:00+09:00,185.498,185.518,185.498,185.516
2026-09-01 12:10:00+09:00,185.516,185.516,185.5,185.504
2026-09-01 12:15:00+09:00,185.505,185.505,185.482,185.489
2026-09-01 12:20:00+09:00,185.49,185.491,185.463,185.466
2026-09-01 12:25:00+09:00,185.466,185.489,185.466,185.472
2026-09-01 12:30:00+09:00,185.472,185.497,185.471,185.493
2026-09-01 12:35:00+09:00,185.492,185.498,185.47,185.471
2026-09-01 12:40:00+09:00,185.471,185.483,185.461,185.463
2026-09-01 12:45:00+09:00,185.462,185.475,185.458,185.473
2026-09-01 12:50:00+09:00,185.473,185.489,185.472,185.484
2026-09-01 12:55:00+09:00,185.484,185.486,185.468,185.468
2026-09-01 13:00:00+09:00,185.468,185.482,185.467,185.481
2026-09-01 13:05:00+09:00,185.498,185.503,185.472,185.491
2026-09-01 13:10:00+09:00,185.491,185.497,185.479,185.486
2026-09-01 13:15:00+09:00,185.486,185.488,185.464,185.478
2026-09-01 13:20:00+09:00,185.478,185.488,185.478,185.485
2026-09-01 13:25:00+09:00,185.485,185.503,185.477,185.48
2026-09-01 13:30:00+09:00,185.48,185.482,185.47,185.478
2026-09-01 13:35:00+09:00,185.477,185.495,185.474,185.486
2026-09-01 13:40:00+09:00,185.486,185.516,185.485,185.507
2026-09-01 13:45:00+09:00,185.507,185.515,185.507,185.511
2026-09-01 13:50:00+09:00,185.511,185.521,185.507,185.517
2026-09-01 13:55:00+09:00,185.517,185.547,185.506,185.545
2026-09-01 14:00:00+09:00,185.545,185.571,185.545,185.571
2026-09-01 14:05:00+09:00,185.571,185.578,185.565,185.567
2026-09-01 14:10:00+09:00,185.567,185.589,185.563,185.588
2026-09-01 14:15:00+09:00,185.588,185.591,185.574,185.574
2026-09-01 14:20:00+09:00,185.574,185.589,185.569,185.574
2026-09-01 14:25:00+09:00,185.574,185.591,185.574,185.582
2026-09-01 14:30:00+09:00,185.582,185.614,185.581,185.596
2026-09-01 14:35:00+09:00,185.596,185.598,185.573,185.59
2026-09-01 14:40:00+09:00,185.59,185.593,185.547,185.552
2026-09-01 14:45:00+09:00,185.552,185.575,185.545,185.566
2026-09-01 14:50:00+09:00,185.566,185.595,185.565,185.591
2026-09-01 14:55:00+09:00,185.591,185.603,185.576,185.598
2026-09-01 15:00:00+09:00,185.598,185.601,185.568,185.596
2026-09-01 15:05:00+09:00,185.597,185.61,185.584,185.606
2026-09-01 15:10:00+09:00,185.606,185.625,185.582,185.623
2026-09-01 15:15:00+09:00,185.622,185.642,185.599,185.601
2026-09-01 15:20:00+09:00,185.602,185.608,185.582,185.599
2026-09-01 15:25:00+09:00,185.599,185.605,185.57,185.577
2026-09-01 15:30:00+09:00,185.577,185.602,185.573,185.592
2026-09-01 15:35:00+09:00,185.592,185.611,185.585,185.608
2026-09-01 15:40:00+09:00,185.608,185.618,185.588,185.617
2026-09-01 15:45:00+09:00,185.617,185.629,185.587,185.611
2026-09-01 15:50:00+09:00,185.611,185.617,185.597,185.608
2026-09-01 15:55:00+09:00,185.608,185.637,185.602,185.621
2026-09-01 16:00:00+09:00,185.621,185.656,185.609,185.611
2026-09-01 16:05:00+09:00,185.611,185.62,185.587,185.609
2026-09-01 16:10:00+09:00,185.609,185.617,185.58,185.598
2026-09-01 16:15:00+09:00,185.598,185.609,185.583,185.591
2026-09-01 16:20:00+09:00,185.591,185.598,185.556,185.556
2026-09-01 16:25:00+09:00,185.556,185.57,185.546,185.551
2026-09-01 16:30:00+09:00,185.551,185.573,185.537,185.573
2026-09-01 16:35:00+09:00,185.573,185.576,185.526,185.526
2026-09-01 16:40:00+09:00,185.525,185.535,185.499,185.502
2026-09-01 16:45:00+09:00,185.502,185.528,185.49,185.515
2026-09-01 16:50:00+09:00,185.514,185.53,185.494,185.51
2026-09-01 16:55:00+09:00,185.51,185.517,185.498,185.513
2026-09-01 17:00:00+09:00,185.513,185.524,185.491,185.51
2026-09-01 17:05:00+09:00,185.51,185.526,185.435,185.439
2026-09-01 17:10:00+09:00,185.439,185.459,185.405,185.41
2026-09-01 17:15:00+09:00,185.41,185.446,185.4,185.444
2026-09-01 17:20:00+09:00,185.444,185.483,185.442,185.469
2026-09-01 17:25:00+09:00,185.469,185.476,185.445,185.462
2026-09-01 17:30:00+09:00,185.462,185.462,185.402,185.411
2026-09-01 17:35:00+09:00,185.411,185.458,185.398,185.453
2026-09-01 17:40:00+09:00,185.452,185.469,185.419,185.45
2026-09-01 17:45:00+09:00,185.45,185.458,185.418,185.426
2026-09-01 17:50:00+09:00,185.425,185.429,185.412,185.422
2026-09-01 17:55:00+09:00,185.421,185.443,185.402,185.423
2026-09-01 18:00:00+09:00,185.423,185.445,185.409,185.417
2026-09-01 18:05:00+09:00,185.418,185.464,185.41,185.457
2026-09-01 18:10:00+09:00,185.457,185.457,185.43,185.432
2026-09-01 18:15:00+09:00,185.431,185.448,185.427,185.437
2026-09-01 18:20:00+09:00,185.45,185.491,185.445,185.487
2026-09-01 18:25:00+09:00,185.487,185.516,185.483,185.515
2026-09-01 18:30:00+09:00,185.515,185.531,185.5,185.516
2026-09-01 18:35:00+09:00,185.516,185.543,185.509,185.538
2026-09-01 18:40:00+09:00,185.538,185.57,185.535,185.549
2026-09-01 18:45:00+09:00,185.549,185.6,185.548,185.561
2026-09-01 18:50:00+09:00,185.562,185.569,185.541,185.547
2026-09-01 18:55:00+09:00,185.547,185.565,185.532,185.559
2026-09-01 19:00:00+09:00,185.558,185.571,185.544,185.544
2026-09-01 19:05:00+09:00,185.544,185.555,185.516,185.519
2026-09-01 19:10:00+09:00,185.519,185.547,185.516,185.531
2026-09-01 19:15:00+09:00,185.531,185.547,185.517,185.524
2026-09-01 19:20:00+09:00,185.524,185.526,185.499,185.522
2026-09-01 19:25:00+09:00,185.523,185.53,185.502,185.507
2026-09-01 19:30:00+09:00,185.507,185.519,185.497,185.512
2026-09-01 19:35:00+09:00,185.512,185.543,185.501,185.523
2026-09-01 19:40:00+09:00,185.523,185.538,185.515,185.536
2026-09-01 19:45:00+09:00,185.536,185.599,185.536,185.596
2026-09-01 19:50:00+09:00,185.596,185.613,185.584,185.59
2026-09-01 19:55:00+09:00,185.591,185.599,185.579,185.582
2026-09-01 20:00:00+09:00,185.582,185.605,185.573,185.602
2026-09-01 20:05:00+09:00,185.602,185.623,185.592,185.621
2026-09-01 20:10:00+09:00,185.621,185.631,185.606,185.618
2026-09-01 20:15:00+09:00,185.618,185.661,185.608,185.654
2026-09-01 20:20:00+09:00,185.653,185.669,185.554,185.634
2026-09-01 20:25:00+09:00,185.634,185.634,185.582,185.598
2026-09-01 20:30:00+09:00,185.597,185.617,185.59,185.601
2026-09-01 20:35:00+09:00,185.601,185.614,185.595,185.597
2026-09-01 20:40:00+09:00,185.597,185.601,185.573,185.573
2026-09-01 20:45:00+09:00,185.574,185.599,185.566,185.595
2026-09-01 20:50:00+09:00,185.595,185.614,185.589,185.609
2026-09-01 20:55:00+09:00,185.609,185.625,185.596,185.619
2026-09-01 21:00:00+09:00,185.619,185.634,185.603,185.605
2026-09-01 21:05:00+09:00,185.605,185.641,185.593,185.629
2026-09-01 21:10:00+09:00,185.629,185.634,185.601,185.632
2026-09-01 21:15:00+09:00,185.632,185.637,185.609,185.631
2026-09-01 21:20:00+09:00,185.631,185.674,185.624,185.671
2026-09-01 21:25:00+09:00,185.671,185.681,185.661,185.672
2026-09-01 21:30:00+09:00,185.672,185.712,185.67,185.692
2026-09-01 21:35:00+09:00,185.692,185.703,185.648,185.651
2026-09-01 21:40:00+09:00,185.648,185.681,185.645,185.674
2026-09-01 21:45:00+09:00,185.674,185.675,185.559,185.623
2026-09-01 21:50:00+09:00,185.623,185.645,185.607,185.616
2026-09-01 21:55:00+09:00,185.616,185.633,185.607,185.617
2026-09-01 22:00:00+09:00,185.617,185.635,185.611,185.623
2026-09-01 22:05:00+09:00,185.623,185.63,185.608,185.618
2026-09-01 22:10:00+09:00,185.618,185.623,185.584,185.593
2026-09-01 22:15:00+09:00,185.593,185.611,185.585,185.591
2026-09-01 22:20:00+09:00,185.591,185.596,185.567,185.591
2026-09-01 22:25:00+09:00,185.591,185.593,185.569,185.584
2026-09-01 22:30:00+09:00,185.584,185.627,185.57,185.613
2026-09-01 22:35:00+09:00,185.613,185.644,185.613,185.636
2026-09-01 22:40:00+09:00,185.636,185.674,185.635,185.668
2026-09-01 22:45:00+09:00,185.666,185.679,185.641,185.679
2026-09-01 22:50:00+09:00,185.679,185.708,185.677,185.704
2026-09-01 22:55:00+09:00,185.704,185.711,185.65,185.669
2026-09-01 23:00:00+09:00,185.675,185.716,185.645,185.699
2026-09-01 23:05:00+09:00,185.699,185.707,185.679,185.695
2026-09-01 23:10:00+09:00,185.695,185.725,185.689,185.703
2026-09-01 23:15:00+09:00,185.702,185.704,185.624,185.638
2026-09-01 23:20:00+09:00,185.638,185.642,185.588,185.601
2026-09-01 23:25:00+09:00,185.601,185.601,185.562,185.566
2026-09-01 23:30:00+09:00,185.566,185.57,185.532,185.543
2026-09-01 23:35:00+09:00,185.542,185.558,185.532,185.553
2026-09-01 23:40:00+09:00,185.594,185.626,185.589,185.617
2026-09-01 23:45:00+09:00,185.617,185.646,185.611,185.633
2026-09-01 23:50:00+09:00,185.633,185.648,185.598,185.614
2026-09-01 23:55:00+09:00,185.614,185.644,185.607,185.63
2026-09-02 00:00:00+09:00,185.63,185.659,185.61,185.632
2026-09-02 00:05:00+09:00,185.632,185.636,185.598,185.623
2026-09-02 00:10:00+09:00,185.623,185.63,185.592,185.593
2026-09-02 00:15:00+09:00,185.593,185.6,185.576,185.587
2026-09-02 00:20:00+09:00,185.586,185.592,185.565,185.577
2026-09-02 00:25:00+09:00,185.577,185.602,185.567,185.594
2026-09-02 00:30:00+09:00,185.594,185.598,185.569,185.571
2026-09-02 00:35:00+09:00,185.571,185.579,185.555,185.569
2026-09-02 00:40:00+09:00,185.569,185.572,185.52,185.525
2026-09-02 00:45:00+09:00,185.525,185.53,185.493,185.52
2026-09-02 00:50:00+09:00,185.52,185.521,185.487,185.511
2026-09-02 00:55:00+09:00,185.512,185.521,185.498,185.516
2026-09-02 01:00:00+09:00,185.516,185.525,185.498,185.516
2026-09-02 01:05:00+09:00,185.516,185.516,185.482,185.51
2026-09-02 01:10:00+09:00,185.51,185.542,185.509,185.537
2026-09-02 01:15:00+09:00,185.537,185.555,185.503,185.543
2026-09-02 01:20:00+09:00,185.543,185.588,185.519,185.572
2026-09-02 01:25:00+09:00,185.572,185.594,185.56,185.589
2026-09-02 01:30:00+09:00,185.589,185.621,185.564,185.573
2026-09-02 01:35:00+09:00,185.573,185.577,185.549,185.571
2026-09-02 01:40:00+09:00,185.57,185.584,185.541,185.56
2026-09-02 01:45:00+09:00,185.56,185.56,185.547,185.555
2026-09-02 01:50:00+09:00,185.556,185.562,185.544,185.558
2026-09-02 01:55:00+09:00,185.558,185.585,185.557,185.565
2026-09-02 02:00:00+09:00,185.565,185.607,185.561,185.602
2026-09-02 02:05:00+09:00,185.602,185.624,185.586,185.616
2026-09-02 02:10:00+09:00,185.616,185.618,185.594,185.614
2026-09-02 02:15:00+09:00,185.614,185.649,185.61,185.647
2026-09-02 02:20:00+09:00,185.647,185.66,185.636,185.657
2026-09-02 02:25:00+09:00,185.657,185.695,185.636,185.692
2026-09-02 02:30:00+09:00,185.692,185.711,185.651,185.651
2026-09-02 02:35:00+09:00,185.651,185.691,185.651,185.669
2026-09-02 02:40:00+09:00,185.668,185.669,185.65,185.663
2026-09-02 02:45:00+09:00,185.662,185.675,185.654,185.673
2026-09-02 02:50:00+09:00,185.673,185.684,185.656,185.683
2026-09-02 02:55:00+09:00,185.683,185.689,185.664,185.688
2026-09-02 03:00:00+09:00,185.688,185.702,185.67,185.698
2026-09-02 03:05:00+09:00,185.698,185.719,185.695,185.707
2026-09-02 03:10:00+09:00,185.707,185.707,185.694,185.696
2026-09-02 03:15:00+09:00,185.696,185.709,185.683,185.704
2026-09-02 03:20:00+09:00,185.704,185.716,185.696,185.696
2026-09-02 03:25:00+09:00,185.696,185.702,185.683,185.684
2026-09-02 03:30:00+09:00,185.684,185.699,185.676,185.697
2026-09-02 03:35:00+09:00,185.697,185.7,185.664,185.668
2026-09-02 03:40:00+09:00,185.668,185.694,185.668,185.686
2026-09-02 03:45:00+09:00,185.685,185.702,185.685,185.695
2026-09-02 03:50:00+09:00,185.695,185.696,185.67,185.674
2026-09-02 03:55:00+09:00,185.674,185.688,185.666,185.683
2026-09-02 04:00:00+09:00,185.683,185.701,185.675,185.685
2026-09-02 04:05:00+09:00,185.685,185.716,185.679,185.712
2026-09-02 04:10:00+09:00,185.712,185.713,185.699,185.706
2026-09-02 04:15:00+09:00,185.706,185.713,185.695,185.713
2026-09-02 04:20:00+09:00,185.713,185.718,185.706,185.706
2026-09-02 04:25:00+09:00,185.706,185.724,185.7,185.722
2026-09-02 04:30:00+09:00,185.722,185.724,185.692,185.696
2026-09-02 04:35:00+09:00,185.696,185.705,185.688,185.7
2026-09-02 04:40:00+09:00,185.7,185.707,185.695,185.705
2026-09-02 04:45:00+09:00,185.705,185.72,185.698,185.704
2026-09-02 04:50:00+09:00,185.704,185.724,185.703,185.71
2026-09-02 04:55:00+09:00,185.71,185.715,185.701,185.703
2026-09-02 05:00:00+09:00,185.703,185.71,185.692,185.693
2026-09-02 05:05:00+09:00,185.693,185.7,185.671,185.672
2026-09-02 05:10:00+09:00,185.672,185.685,185.665,185.682
2026-09-02 05:15:00+09:00,185.682,185.684,185.668,185.671
2026-09-02 05:20:00+09:00,185.671,185.688,185.669,185.684
2026-09-02 05:25:00+09:00,185.684,185.689,185.667,185.671
2026-09-02 05:30:00+09:00,185.67,185.69,185.667,185.69
2026-09-02 05:35:00+09:00,185.69,185.697,185.676,185.687
2026-09-02 05:40:00+09:00,185.687,185.705,185.685,185.696
2026-09-02 05:45:00+09:00,185.696,185.774,185.696,185.757
2026-09-02 05:50:00+09:00,185.76,185.761,185.745,185.758
2026-09-02 05:55:00+09:00,185.757,185.774,185.731,185.734
2026-09-02 06:00:00+09:00,185.734,185.735,185.714,185.723
2026-09-02 06:05:00+09:00,185.723,185.736,185.717,185.724
2026-09-02 06:10:00+09:00,185.724,185.729,185.721,185.728
2026-09-02 06:15:00+09:00,185.728,185.739,185.704,185.722
2026-09-02 06:20:00+09:00,185.722,185.735,185.716,185.726
2026-09-02 06:25:00+09:00,185.726,185.742,185.719,185.728
2026-09-02 06:30:00+09:00,185.728,185.749,185.72,185.736
2026-09-02 06:35:00+09:00,185.736,185.772,185.725,185.729
2026-09-02 06:40:00+09:00,185.73,185.735,185.713,185.732
2026-09-02 06:45:00+09:00,185.732,185.734,185.697,185.721
2026-09-02 06:50:00+09:00,185.721,185.728,185.7,185.722
2026-09-02 06:55:00+09:00,185.722,185.747,185.706,185.739
2026-09-02 07:00:00+09:00,185.739,185.773,185.737,185.755
2026-09-02 07:05:00+09:00,185.755,185.773,185.754,185.772
2026-09-02 07:10:00+09:00,185.772,185.776,185.737,185.749
2026-09-02 07:15:00+09:00,185.749,185.749,185.735,185.745
2026-09-02 07:20:00+09:00,185.745,185.758,185.744,185.744
2026-09-02 07:25:00+09:00,185.744,185.745,185.733,185.739
2026-09-02 07:30:00+09:00,185.739,185.742,185.715,185.732
2026-09-02 07:35:00+09:00,185.731,185.74,185.73,185.736
2026-09-02 07:40:00+09:00,185.736,185.738,185.724,185.736
2026-09-02 07:45:00+09:00,185.736,185.75,185.734,185.749
2026-09-02 07:50:00+09:00,185.749,185.75,185.733,185.738
2026-09-02 07:55:00+09:00,185.738,185.748,185.738,185.745
2026-09-02 08:00:00+09:00,185.745,185.748,185.736,185.746
2026-09-02 08:05:00+09:00,185.746,185.762,185.744,185.758
2026-09-02 08:10:00+09:00,185.758,185.766,185.75,185.751
2026-09-02 08:15:00+09:00,185.751,185.753,185.746,185.746
2026-09-02 08:20:00+09:00,185.746,185.746,185.723,185.731
2026-09-02 08:25:00+09:00,185.731,185.732,185.723,185.724
2026-09-02 08:30:00+09:00,185.724,185.728,185.693,185.698
2026-09-02 08:35:00+09:00,185.698,185.703,185.682,185.686
2026-09-02 08:40:00+09:00,185.686,185.701,185.686,185.7
2026-09-02 08:45:00+09:00,185.7,185.719,185.699,185.71
2026-09-02 08:50:00+09:00,185.71,185.723,185.71,185.711
2026-09-02 08:55:00+09:00,185.711,185.729,185.696,185.696
2026-09-02 09:00:00+09:00,185.696,185.7,185.631,185.645
2026-09-02 09:05:00+09:00,185.645,185.651,185.627,185.646
2026-09-02 09:10:00+09:00,185.646,185.68,185.639,185.656
2026-09-02 09:15:00+09:00,185.656,185.68,185.653,185.66
2026-09-02 09:20:00+09:00,185.66,185.662,185.609,185.611
2026-09-02 09:25:00+09:00,185.611,185.623,185.601,185.616
2026-09-02 09:30:00+09:00,185.616,185.662,185.604,185.654
2026-09-02 09:35:00+09:00,185.654,185.687,185.654,185.66
2026-09-02 09:40:00+09:00,185.66,185.666,185.62,185.635
2026-09-02 09:45:00+09:00,185.635,185.646,185.618,185.621
2026-09-02 09:50:00+09:00,185.621,185.669,185.621,185.665
2026-09-02 09:55:00+09:00,185.665,185.683,185.655,185.672
2026-09-02 10:00:00+09:00,185.672,185.7,185.669,185.683
2026-09-02 10:05:00+09:00,185.682,185.693,185.658,185.658
2026-09-02 10:10:00+09:00,185.658,185.673,185.649,185.654
2026-09-02 10:15:00+09:00,185.654,185.674,185.648,185.673
2026-09-02 10:20:00+09:00,185.672,185.676,185.647,185.654
2026-09-02 10:25:00+09:00,185.654,185.679,185.653,185.653
2026-09-02 10:30:00+09:00,185.653,185.671,185.641,185.667
2026-09-02 10:35:00+09:00,185.668,185.672,185.632,185.638
2026-09-02 10:40:00+09:00,185.638,185.66,185.638,185.649
2026-09-02 10:45:00+09:00,185.649,185.698,185.648,185.687
2026-09-02 10:50:00+09:00,185.687,185.698,185.676,185.687
2026-09-02 10:55:00+09:00,185.687,185.697,185.68,185.695
2026-09-02 11:00:00+09:00,185.695,185.698,185.642,185.648
2026-09-02 11:05:00+09:00,185.649,185.663,185.629,185.653
2026-09-02 11:10:00+09:00,185.653,185.681,185.636,185.679
2026-09-02 11:15:00+09:00,185.679,185.689,185.668,185.685
2026-09-02 11:20:00+09:00,185.685,185.693,185.643,185.652
2026-09-02 11:25:00+09:00,185.652,185.665,185.646,185.648
2026-09-02 11:30:00+09:00,185.648,185.649,185.634,185.649
2026-09-02 11:35:00+09:00,185.649,185.65,185.622,185.63
2026-09-02 11:40:00+09:00,185.63,185.638,185.606,185.614
2026-09-02 11:45:00+09:00,185.614,185.629,185.611,185.616
2026-09-02 11:50:00+09:00,185.616,185.632,185.601,185.612
2026-09-02 11:55:00+09:00,185.612,185.618,185.598,185.615
2026-09-02 12:00:00+09:00,185.615,185.622,185.579,185.589
2026-09-02 12:05:00+09:00,185.589,185.594,185.578,185.585
2026-09-02 12:10:00+09:00,185.585,185.603,185.583,185.599
2026-09-02 12:15:00+09:00,185.599,185.61,185.592,185.593
2026-09-02 12:20:00+09:00,185.593,185.599,185.571,185.571
2026-09-02 12:25:00+09:00,185.572,185.592,185.559,185.561
2026-09-02 12:30:00+09:00,185.561,185.565,185.545,185.547
2026-09-02 12:35:00+09:00,185.547,185.556,185.544,185.552
2026-09-02 12:40:00+09:00,185.552,185.552,185.506,185.51
2026-09-02 12:45:00+09:00,185.51,185.531,185.504,185.526
2026-09-02 12:50:00+09:00,185.526,185.528,185.515,185.528
2026-09-02 12:55:00+09:00,185.528,185.542,185.524,185.527
2026-09-02 13:00:00+09:00,185.527,185.527,185.463,185.466
2026-09-02 13:05:00+09:00,185.466,185.469,185.436,185.447
2026-09-02 13:10:00+09:00,185.447,185.452,185.422,185.451
2026-09-02 13:15:00+09:00,185.451,185.472,185.432,185.453
2026-09-02 13:20:00+09:00,185.453,185.459,185.436,185.45
2026-09-02 13:25:00+09:00,185.45,185.459,185.428,185.457
2026-09-02 13:30:00+09:00,185.457,185.462,185.412,185.413
2026-09-02 13:35:00+09:00,185.413,185.444,185.412,185.439
2026-09-02 13:40:00+09:00,185.439,185.443,185.404,185.406
2026-09-02 13:45:00+09:00,185.406,185.425,185.33,185.357
2026-09-02 13:50:00+09:00,185.357,185.357,185.275,185.306
2026-09-02 13:55:00+09:00,185.306,185.348,185.285,185.345
2026-09-02 14:00:00+09:00,185.345,185.347,185.315,185.347
2026-09-02 14:05:00+09:00,185.347,185.347,185.292,185.295
2026-09-02 14:10:00+09:00,185.295,185.308,185.248,185.279
2026-09-02 14:15:00+09:00,185.279,185.326,185.218,185.304
2026-09-02 14:20:00+09:00,185.304,185.328,185.299,185.309
2026-09-02 14:25:00+09:00,185.309,185.321,185.251,185.251
2026-09-02 14:30:00+09:00,185.251,185.294,185.231,185.285
2026-09-02 14:35:00+09:00,185.285,185.29,185.246,185.272
2026-09-02 14:40:00+09:00,185.272,185.274,185.189,185.222
2026-09-02 14:45:00+09:00,185.222,185.222,185.139,185.147
2026-09-02 14:50:00+09:00,185.147,185.176,185.101,185.14
2026-09-02 14:55:00+09:00,185.14,185.141,185.078,185.08
2026-09-02 15:00:00+09:00,185.08,185.08,184.925,184.932
2026-09-02 15:05:00+09:00,184.932,184.932,184.739,184.754
2026-09-02 15:10:00+09:00,184.747,184.838,184.683,184.788
2026-09-02 15:15:00+09:00,184.786,184.915,184.779,184.902
2026-09-02 15:20:00+09:00,184.902,184.915,184.857,184.857
2026-09-02 15:25:00+09:00,184.857,184.875,184.762,184.819
2026-09-02 15:30:00+09:00,184.819,184.85,184.758,184.759
2026-09-02 15:35:00+09:00,184.758,184.809,184.741,184.752
2026-09-02 15:40:00+09:00,184.752,184.757,184.672,184.677
2026-09-02 15:45:00+09:00,184.676,184.728,184.654,184.689
2026-09-02 15:50:00+09:00,184.689,184.69,184.555,184.606
2026-09-02 15:55:00+09:00,184.606,184.713,184.589,184.618
2026-09-02 16:00:00+09:00,184.618,184.779,184.618,184.744
2026-09-02 16:05:00+09:00,184.743,184.782,184.722,184.759
2026-09-02 16:10:00+09:00,184.759,184.846,184.751,184.829
2026-09-02 16:15:00+09:00,184.829,184.911,184.796,184.884
2026-09-02 16:20:00+09:00,184.884,184.884,184.772,184.773
2026-09-02 16:25:00+09:00,184.773,184.804,184.74,184.79
2026-09-02 16:30:00+09:00,184.79,184.795,184.714,184.73
2026-09-02 16:35:00+09:00,184.729,184.811,184.729,184.788
2026-09-02 16:40:00+09:00,184.788,184.828,184.754,184.825
2026-09-02 16:45:00+09:00,184.825,184.879,184.797,184.858
2026-09-02 16:50:00+09:00,184.857,184.858,184.795,184.83
2026-09-02 16:55:00+09:00,184.83,184.908,184.817,184.894
2026-09-02 17:00:00+09:00,184.894,184.942,184.863,184.937
2026-09-02 17:05:00+09:00,184.937,184.952,184.906,184.908
2026-09-02 17:10:00+09:00,184.908,184.945,184.88,184.936
2026-09-02 17:15:00+09:00,184.937,184.99,184.93,184.987
2026-09-02 17:20:00+09:00,184.987,184.996,184.882,184.886
2026-09-02 17:25:00+09:00,184.886,184.899,184.859,184.889
2026-09-02 17:30:00+09:00,184.889,184.901,184.887,184.899
2026-09-02 17:35:00+09:00,184.905,184.991,184.898,184.976
2026-09-02 17:40:00+09:00,184.976,184.999,184.956,184.974
2026-09-02 17:45:00+09:00,184.974,184.997,184.959,184.997
2026-09-02 17:50:00+09:00,184.997,185.005,184.974,184.989
2026-09-02 17:55:00+09:00,184.989,185.03,184.974,185.007
2026-09-02 18:00:00+09:00,185.007,185.055,185.0,185.041
2026-09-02 18:05:00+09:00,185.041,185.061,185.019,185.037
2026-09-02 18:10:00+09:00,185.036,185.041,184.981,184.987
2026-09-02 18:15:00+09:00,184.987,184.996,184.945,184.975
2026-09-02 18:20:00+09:00,184.975,184.995,184.961,184.973
2026-09-02 18:25:00+09:00,184.973,185.051,184.973,185.028
2026-09-02 18:30:00+09:00,185.028,185.054,185.022,185.022
2026-09-02 18:35:00+09:00,185.022,185.025,184.979,184.991
2026-09-02 18:40:00+09:00,184.991,185.027,184.976,185.024
2026-09-02 18:45:00+09:00,185.024,185.025,184.999,185.009
2026-09-02 18:50:00+09:00,185.009,185.026,184.973,184.981
2026-09-02 18:55:00+09:00,184.981,184.988,184.949,184.983
2026-09-02 19:00:00+09:00,184.983,184.988,184.96,184.975
2026-09-02 19:05:00+09:00,184.975,185.023,184.975,185.019
2026-09-02 19:10:00+09:00,185.02,185.02,184.997,185.011
2026-09-02 19:15:00+09:00,185.011,185.014,184.971,184.974
2026-09-02 19:20:00+09:00,184.974,184.998,184.97,184.984
2026-09-02 19:25:00+09:00,184.984,185.006,184.968,184.99
2026-09-02 19:30:00+09:00,184.99,184.995,184.94,184.942
2026-09-02 19:35:00+09:00,184.942,184.963,184.935,184.958
2026-09-02 19:40:00+09:00,184.958,184.996,184.957,184.964
2026-09-02 19:45:00+09:00,184.964,184.985,184.957,184.984
2026-09-02 19:50:00+09:00,184.984,185.001,184.97,185.0
2026-09-02 19:55:00+09:00,185.0,185.041,184.984,185.04
2026-09-02 20:00:00+09:00,185.04,185.047,185.01,185.027
2026-09-02 20:05:00+09:00,185.028,185.047,185.022,185.031
2026-09-02 20:10:00+09:00,185.03,185.04,184.964,185.004
2026-09-02 20:15:00+09:00,185.004,185.008,184.969,184.984
2026-09-02 20:20:00+09:00,184.984,185.017,184.976,184.978
2026-09-02 20:25:00+09:00,184.978,184.978,184.921,184.923
2026-09-02 20:30:00+09:00,184.923,184.923,184.845,184.863
2026-09-02 20:35:00+09:00,184.863,184.892,184.796,184.884
2026-09-02 20:40:00+09:00,184.884,184.909,184.853,184.868
2026-09-02 20:45:00+09:00,184.868,184.902,184.845,184.848
2026-09-02 20:50:00+09:00,184.848,184.861,184.825,184.829
2026-09-02 20:55:00+09:00,184.829,184.843,184.801,184.814
2026-09-02 21:00:00+09:00,184.814,184.823,184.769,184.773
2026-09-02 21:05:00+09:00,184.773,184.804,184.763,184.78
2026-09-02 21:10:00+09:00,184.78,184.844,184.769,184.828
2026-09-02 21:15:00+09:00,184.828,184.843,184.79,184.815
2026-09-02 21:20:00+09:00,184.814,184.853,184.779,184.822
2026-09-02 21:25:00+09:00,184.821,184.907,184.816,184.891
2026-09-02 21:30:00+09:00,184.891,184.941,184.878,184.927
2026-09-02 21:35:00+09:00,184.927,184.928,184.875,184.882
2026-09-02 21:40:00+09:00,184.882,184.905,184.837,184.86
2026-09-02 21:45:00+09:00,184.86,184.93,184.86,184.883
2026-09-02 21:50:00+09:00,184.883,184.914,184.856,184.858
2026-09-02 21:55:00+09:00,184.858,184.867,184.785,184.786
2026-09-02 22:00:00+09:00,184.786,184.848,184.782,184.836
2026-09-02 22:05:00+09:00,184.836,184.846,184.785,184.796
2026-09-02 22:10:00+09:00,184.796,184.796,184.754,184.787
2026-09-02 22:15:00+09:00,184.787,184.824,184.77,184.77
2026-09-02 22:20:00+09:00,184.769,184.777,184.747,184.749
2026-09-02 22:25:00+09:00,184.724,184.724,183.695,184.213
2026-09-02 22:30:00+09:00,184.213,184.385,184.07,184.325
2026-09-02 22:35:00+09:00,184.324,184.343,183.887,183.966
2026-09-02 22:40:00+09:00,183.966,184.11,183.865,183.928
2026-09-02 22:45:00+09:00,183.927,184.103,183.927,183.995
2026-09-02 22:50:00+09:00,183.996,184.068,183.906,183.975
2026-09-02 22:55:00+09:00,183.975,184.064,183.924,184.016
2026-09-02 23:00:00+09:00,184.015,184.218,183.997,184.007
2026-09-02 23:05:00+09:00,184.008,184.073,183.979,184.046
2026-09-02 23:10:00+09:00,184.046,184.053,183.949,183.987
2026-09-02 23:15:00+09:00,183.986,184.099,183.965,184.067
2026-09-02 23:20:00+09:00,184.067,184.067,183.967,184.005
2026-09-02 23:25:00+09:00,184.004,184.022,183.95,183.984
2026-09-02 23:30:00+09:00,183.984,184.084,183.971,184.034
2026-09-02 23:35:00+09:00,184.034,184.061,183.97,184.0
2026-09-02 23:40:00+09:00,184.0,184.04,183.807,184.039
2026-09-02 23:45:00+09:00,184.04,184.07,184.011,184.054
2026-09-02 23:50:00+09:00,184.054,184.136,184.032,184.037
2026-09-02 23:55:00+09:00,184.037,184.063,183.954,184.042
2026-09-03 00:00:00+09:00,184.042,184.104,183.995,184.047
2026-09-03 00:05:00+09:00,184.047,184.06,183.99,184.027
2026-09-03 00:10:00+09:00,184.026,184.043,183.961,183.974
2026-09-03 00:15:00+09:00,183.974,183.994,183.931,183.946
2026-09-03 00:20:00+09:00,183.946,183.963,183.891,183.944
2026-09-03 00:25:00+09:00,183.944,183.981,183.927,183.968
2026-09-03 00:30:00+09:00,183.967,183.989,183.932,183.976
2026-09-03 00:35:00+09:00,183.976,184.012,183.937,183.969
2026-09-03 00:40:00+09:00,183.969,184.065,183.969,184.058
2026-09-03 00:45:00+09:00,184.058,184.076,184.028,184.052
2026-09-03 00:50:00+09:00,184.052,184.08,184.052,184.065
2026-09-03 00:55:00+09:00,184.065,184.083,184.051,184.079
2026-09-03 01:00:00+09:00,184.079,184.127,184.074,184.111
2026-09-03 01:05:00+09:00,184.112,184.137,184.091,184.123
2026-09-03 01:10:00+09:00,184.123,184.127,184.091,184.112
2026-09-03 01:15:00+09:00,184.112,184.136,184.104,184.109
2026-09-03 01:20:00+09:00,184.109,184.148,184.092,184.131
2026-09-03 01:25:00+09:00,184.131,184.14,184.114,184.125
2026-09-03 01:30:00+09:00,184.124,184.137,184.073,184.078
2026-09-03 01:35:00+09:00,184.078,184.108,184.076,184.089
2026-09-03 01:40:00+09:00,184.089,184.106,184.083,184.097
2026-09-03 01:45:00+09:00,184.097,184.106,184.08,184.081
2026-09-03 01:50:00+09:00,184.081,184.095,184.066,184.089
2026-09-03 01:55:00+09:00,184.089,184.109,184.059,184.064
2026-09-03 02:00:00+09:00,184.064,184.108,184.057,184.089
2026-09-03 02:05:00+09:00,184.089,184.109,184.085,184.098
2026-09-03 02:10:00+09:00,184.099,184.103,184.08,184.082
2026-09-03 02:15:00+09:00,184.082,184.151,184.08,184.121
2026-09-03 02:20:00+09:00,184.122,184.129,184.105,184.128
2026-09-03 02:25:00+09:00,184.128,184.168,184.127,184.157
2026-09-03 02:30:00+09:00,184.157,184.163,184.144,184.162
2026-09-03 02:35:00+09:00,184.162,184.165,184.138,184.142
2026-09-03 02:40:00+09:00,184.142,184.151,184.141,184.148
2026-09-03 02:45:00+09:00,184.141,184.144,184.035,184.071
2026-09-03 02:50:00+09:00,184.07,184.118,184.049,184.111
2026-09-03 02:55:00+09:00,184.11,184.133,184.089,184.093
2026-09-03 03:00:00+09:00,184.095,184.1,184.058,184.063
2026-09-03 03:05:00+09:00,184.063,184.119,184.063,184.111
2026-09-03 03:10:00+09:00,184.111,184.161,184.106,184.157
2026-09-03 03:15:00+09:00,184.158,184.171,184.093,184.135
2026-09-03 03:20:00+09:00,184.135,184.156,184.124,184.147
2026-09-03 03:25:00+09:00,184.147,184.159,184.142,184.153
2026-09-03 03:30:00+09:00,184.153,184.162,184.123,184.14
2026-09-03 03:35:00+09:00,184.14,184.152,184.136,184.142
2026-09-03 03:40:00+09:00,184.143,184.168,184.138,184.167
2026-09-03 03:45:00+09:00,184.167,184.176,184.162,184.171
2026-09-03 03:50:00+09:00,184.171,184.171,184.146,184.146
2026-09-03 03:55:00+09:00,184.147,184.157,184.119,184.144
2026-09-03 04:00:00+09:00,184.144,184.16,184.125,184.154
2026-09-03 04:05:00+09:00,184.154,184.161,184.144,184.157
2026-09-03 04:10:00+09:00,184.157,184.199,184.147,184.148
2026-09-03 04:15:00+09:00,184.148,184.153,184.127,184.135
2026-09-03 04:20:00+09:00,184.135,184.139,184.127,184.132
2026-09-03 04:25:00+09:00,184.132,184.133,184.104,184.107
2026-09-03 04:30:00+09:00,184.107,184.142,184.081,184.085
2026-09-03 04:35:00+09:00,184.085,184.102,184.077,184.077
2026-09-03 04:40:00+09:00,184.077,184.091,184.076,184.087
2026-09-03 04:45:00+09:00,184.087,184.096,184.054,184.06
2026-09-03 04:50:00+09:00,184.06,184.076,184.026,184.027
2026-09-03 04:55:00+09:00,184.027,184.031,183.965,183.977
2026-09-03 05:00:00+09:00,183.976,183.995,183.901,183.919
2026-09-03 05:05:00+09:00,183.92,183.943,183.9,183.913
2026-09-03 05:10:00+09:00,183.912,183.913,183.822,183.848
2026-09-03 05:15:00+09:00,183.848,183.889,183.847,183.878
2026-09-03 05:20:00+09:00,183.879,183.929,183.873,183.923
2026-09-03 05:25:00+09:00,183.923,183.938,183.897,183.897
2026-09-03 05:30:00+09:00,183.897,183.935,183.891,183.934
2026-09-03 05:35:00+09:00,183.934,183.937,183.901,183.931
2026-09-03 05:40:00+09:00,183.935,183.937,183.902,183.924
2026-09-03 05:45:00+09:00,183.926,184.006,183.924,183.998
2026-09-03 05:50:00+09:00,183.998,184.008,183.985,184.001
2026-09-03 05:55:00+09:00,184.001,184.004,183.973,183.98
2026-09-03 06:00:00+09:00,183.98,183.989,183.951,183.966
2026-09-03 06:05:00+09:00,183.966,183.976,183.956,183.974
2026-09-03 06:10:00+09:00,183.974,183.975,183.954,183.955
2026-09-03 06:15:00+09:00,183.955,183.979,183.933,183.946
2026-09-03 06:20:00+09:00,183.946,183.964,183.935,183.941
2026-09-03 06:25:00+09:00,183.941,183.951,183.937,183.95
2026-09-03 06:30:00+09:00,183.949,183.996,183.947,183.979
2026-09-03 06:35:00+09:00,183.979,183.982,183.963,183.974
2026-09-03 06:40:00+09:00,183.974,183.988,183.972,183.977
2026-09-03 06:45:00+09:00,183.977,183.996,183.953,183.953
2026-09-03 06:50:00+09:00,183.953,183.96,183.935,183.958
2026-09-03 06:55:00+09:00,183.958,183.976,183.952,183.955
2026-09-03 07:00:00+09:00,183.955,183.984,183.943,183.983
2026-09-03 07:05:00+09:00,183.983,183.995,183.977,183.983
2026-09-03 07:10:00+09:00,183.983,183.985,183.938,183.944
2026-09-03 07:15:00+09:00,183.944,184.001,183.944,183.987
2026-09-03 07:20:00+09:00,183.987,183.987,183.96,183.961
2026-09-03 07:25:00+09:00,183.961,183.984,183.959,183.973
2026-09-03 07:30:00+09:00,183.973,183.996,183.973,183.991
2026-09-03 07:35:00+09:00,183.991,184.01,183.988,184.01
2026-09-03 07:40:00+09:00,184.01,184.01,183.99,184.0
2026-09-03 07:45:00+09:00,184.0,184.064,183.997,184.038
2026-09-03 07:50:00+09:00,184.038,184.038,183.986,184.006
2026-09-03 07:55:00+09:00,184.006,184.013,183.996,183.997
2026-09-03 08:00:00+09:00,183.997,184.03,183.974,184.024
2026-09-03 08:05:00+09:00,184.014,184.042,184.014,184.041
2026-09-03 08:10:00+09:00,184.041,184.065,184.033,184.058
2026-09-03 08:15:00+09:00,184.058,184.059,184.02,184.025
2026-09-03 08:20:00+09:00,184.025,184.034,184.012,184.015
2026-09-03 08:25:00+09:00,184.015,184.027,183.995,184.02
2026-09-03 08:30:00+09:00,184.02,184.045,184.019,184.044
2026-09-03 08:35:00+09:00,184.044,184.068,184.035,184.066
2026-09-03 08:40:00+09:00,184.066,184.084,184.062,184.083
2026-09-03 08:45:00+09:00,184.084,184.115,184.077,184.102
2026-09-03 08:50:00+09:00,184.102,184.114,184.082,184.114
2026-09-03 08:55:00+09:00,184.114,184.14,184.1,184.102
2026-09-03 09:00:00+09:00,184.101,184.11,184.035,184.069
2026-09-03 09:05:00+09:00,184.068,184.117,184.062,184.094
2026-09-03 09:10:00+09:00,184.094,184.159,184.066,184.149
2026-09-03 09:15:00+09:00,184.149,184.18,184.14,184.179
2026-09-03 09:20:00+09:00,184.178,184.183,184.07,184.082
2026-09-03 09:25:00+09:00,184.082,184.118,184.062,184.071
2026-09-03 09:30:00+09:00,184.071,184.078,183.986,183.987
2026-09-03 09:35:00+09:00,183.987,184.001,183.888,183.892
2026-09-03 09:40:00+09:00,183.893,183.951,183.858,183.902
2026-09-03 09:45:00+09:00,183.901,183.924,183.807,183.826
2026-09-03 09:50:00+09:00,183.826,183.863,183.778,183.846
2026-09-03 09:55:00+09:00,183.846,183.946,183.836,183.941
2026-09-03 10:00:00+09:00,183.941,183.951,183.862,183.867
2026-09-03 10:05:00+09:00,183.868,183.894,183.825,183.867
2026-09-03 10:10:00+09:00,183.866,183.885,183.809,183.812
2026-09-03 10:15:00+09:00,183.812,183.828,183.724,183.752
2026-09-03 10:20:00+09:00,183.753,183.824,183.736,183.795
2026-09-03 10:25:00+09:00,183.795,183.8,183.635,183.635
2026-09-03 10:30:00+09:00,183.635,183.636,183.495,183.588
2026-09-03 10:35:00+09:00,183.587,183.588,183.455,183.47
2026-09-03 10:40:00+09:00,183.47,183.584,183.429,183.555
2026-09-03 10:45:00+09:00,183.555,183.621,183.543,183.616
2026-09-03 10:50:00+09:00,183.616,183.63,183.596,183.61
2026-09-03 10:55:00+09:00,183.61,183.66,183.596,183.651
2026-09-03 11:00:00+09:00,183.651,183.672,183.565,183.601
2026-09-03 11:05:00+09:00,183.602,183.602,183.512,183.533
2026-09-03 11:10:00+09:00,183.533,183.568,183.445,183.448
2026-09-03 11:15:00+09:00,183.448,183.483,183.406,183.41
2026-09-03 11:20:00+09:00,183.41,183.417,183.275,183.3
2026-09-03 11:25:00+09:00,183.3,183.318,183.208,183.226
2026-09-03 11:30:00+09:00,183.226,183.25,183.197,183.233
2026-09-03 11:35:00+09:00,183.233,183.302,183.151,183.187
2026-09-03 11:40:00+09:00,183.187,183.277,183.146,183.272
2026-09-03 11:45:00+09:00,183.272,183.313,183.136,183.158
2026-09-03 11:50:00+09:00,183.158,183.214,183.083,183.192
2026-09-03 11:55:00+09:00,183.192,183.25,183.161,183.18
2026-09-03 12:00:00+09:00,183.18,183.184,183.044,183.054
2026-09-03 12:05:00+09:00,183.053,183.071,182.924,182.938
2026-09-03 12:10:00+09:00,182.938,182.977,182.828,182.916
2026-09-03 12:15:00+09:00,182.916,183.014,182.896,182.944
2026-09-03 12:20:00+09:00,182.944,182.993,182.861,182.992
2026-09-03 12:25:00+09:00,182.992,183.021,182.92,182.979
2026-09-03 12:30:00+09:00,182.979,183.029,182.955,183.003
2026-09-03 12:35:00+09:00,183.003,183.127,182.996,183.076
2026-09-03 12:40:00+09:00,183.076,183.108,183.053,183.066
2026-09-03 12:45:00+09:00,183.066,183.069,182.973,183.001
2026-09-03 12:50:00+09:00,183.002,183.006,182.935,182.961
2026-09-03 12:55:00+09:00,182.961,183.001,182.956,182.967
2026-09-03 13:00:00+09:00,182.966,183.05,182.964,183.046
2026-09-03 13:05:00+09:00,183.046,183.072,182.993,183.028
2026-09-03 13:10:00+09:00,183.028,183.03,182.955,182.973
2026-09-03 13:15:00+09:00,182.973,183.012,182.935,182.985
2026-09-03 13:20:00+09:00,182.985,182.986,182.9,182.911
2026-09-03 13:25:00+09:00,182.911,182.944,182.901,182.905
2026-09-03 13:30:00+09:00,182.905,182.922,182.774,182.865
2026-09-03 13:35:00+09:00,182.865,182.903,182.784,182.803
2026-09-03 13:40:00+09:00,182.803,182.865,182.766,182.852
2026-09-03 13:45:00+09:00,182.852,182.888,182.811,182.871
2026-09-03 13:50:00+09:00,182.871,182.882,182.847,182.876
2026-09-03 13:55:00+09:00,182.876,182.93,182.843,182.843
2026-09-03 14:00:00+09:00,182.843,182.88,182.842,182.87
2026-09-03 14:05:00+09:00,182.87,182.905,182.86,182.904
2026-09-03 14:10:00+09:00,182.904,182.948,182.901,182.905
2026-09-03 14:15:00+09:00,182.906,182.908,182.849,182.855
2026-09-03 14:20:00+09:00,182.855,182.91,182.797,182.826
2026-09-03 14:25:00+09:00,182.826,182.845,182.747,182.793
2026-09-03 14:30:00+09:00,182.793,182.875,182.78,182.86
2026-09-03 14:35:00+09:00,182.861,182.865,182.788,182.812
2026-09-03 14:40:00+09:00,182.747,182.834,182.74,182.834
2026-09-03 14:45:00+09:00,182.834,182.834,182.725,182.729
2026-09-03 14:50:00+09:00,182.73,182.767,182.641,182.65
2026-09-03 14:55:00+09:00,182.65,182.667,182.557,182.559
2026-09-03 15:00:00+09:00,182.559,182.602,182.469,182.506
2026-09-03 15:05:00+09:00,182.506,182.551,182.419,182.501
2026-09-03 15:10:00+09:00,182.501,182.547,182.436,182.437
2026-09-03 15:15:00+09:00,182.438,182.463,182.365,182.455
2026-09-03 15:20:00+09:00,182.455,182.5,182.413,182.461
2026-09-03 15:25:00+09:00,182.461,182.481,182.407,182.41
2026-09-03 15:30:00+09:00,182.41,182.514,182.393,182.51
2026-09-03 15:35:00+09:00,182.51,182.596,182.493,182.532
2026-09-03 15:40:00+09:00,182.532,182.534,182.392,182.403
2026-09-03 15:45:00+09:00,182.403,182.445,182.301,182.301
2026-09-03 15:50:00+09:00,182.3,182.359,182.241,182.243
2026-09-03 15:55:00+09:00,182.243,182.349,182.238,182.342
2026-09-03 16:00:00+09:00,182.342,182.343,181.933,181.976
2026-09-03 16:05:00+09:00,181.977,182.016,181.62,181.672
2026-09-03 16:10:00+09:00,181.67,181.985,181.597,181.962
2026-09-03 16:15:00+09:00,181.962,181.963,181.835,181.905
2026-09-03 16:20:00+09:00,181.905,181.926,181.775,181.791
2026-09-03 16:25:00+09:00,181.792,181.97,181.79,181.962
2026-09-03 16:30:00+09:00,181.961,182.023,181.907,181.942
2026-09-03 16:35:00+09:00,181.942,182.638,181.814,182.319
2026-09-03 16:40:00+09:00,182.318,182.442,182.293,182.314
2026-09-03 16:45:00+09:00,182.313,182.462,182.243,182.415
2026-09-03 16:50:00+09:00,182.414,182.445,182.313,182.37
2026-09-03 16:55:00+09:00,182.37,182.37,182.235,182.245
2026-09-03 17:00:00+09:00,182.245,182.33,182.172,182.172
2026-09-03 17:05:00+09:00,182.173,182.181,182.033,182.1
2026-09-03 17:10:00+09:00,182.1,182.123,182.011,182.102
2026-09-03 17:15:00+09:00,182.102,182.235,182.096,182.2
2026-09-03 17:20:00+09:00,182.2,182.207,182.15,182.186
2026-09-03 17:25:00+09:00,182.187,182.193,182.058,182.07
2026-09-03 17:30:00+09:00,182.07,182.171,182.051,182.132
2026-09-03 17:35:00+09:00,182.132,182.156,182.084,182.084
2026-09-03 17:40:00+09:00,182.083,182.086,181.944,181.944
2026-09-03 17:45:00+09:00,181.944,181.959,181.828,181.871
2026-09-03 17:50:00+09:00,181.871,181.88,181.76,181.762
2026-09-03 17:55:00+09:00,181.762,181.948,181.758,181.919
2026-09-03 18:00:00+09:00,181.919,182.123,181.843,182.02
2026-09-03 18:05:00+09:00,182.02,182.034,181.8,181.844
2026-09-03 18:10:00+09:00,181.844,181.854,181.693,181.737
2026-09-03 18:15:00+09:00,181.737,181.747,181.523,181.554
2026-09-03 18:20:00+09:00,181.554,181.744,181.554,181.637
2026-09-03 18:25:00+09:00,181.636,181.694,181.595,181.596
2026-09-03 18:30:00+09:00,181.596,181.676,181.577,181.578
2026-09-03 18:35:00+09:00,181.578,181.617,181.488,181.488
2026-09-03 18:40:00+09:00,181.488,181.516,181.417,181.45
2026-09-03 18:45:00+09:00,181.454,181.457,181.292,181.312
2026-09-03 18:50:00+09:00,181.312,181.48,181.308,181.451
2026-09-03 18:55:00+09:00,181.451,181.546,181.451,181.533
2026-09-03 19:00:00+09:00,181.533,181.533,181.337,181.339
2026-09-03 19:05:00+09:00,181.339,181.429,181.272,181.418
2026-09-03 19:10:00+09:00,181.418,181.477,181.381,181.455
2026-09-03 19:15:00+09:00,181.455,181.461,181.378,181.437
2026-09-03 19:20:00+09:00,181.437,181.544,181.422,181.527
2026-09-03 19:25:00+09:00,181.528,181.531,181.261,181.291
2026-09-03 19:30:00+09:00,181.291,181.437,181.286,181.432
2026-09-03 19:35:00+09:00,181.432,181.507,181.342,181.365
2026-09-03 19:40:00+09:00,181.365,181.476,181.363,181.44
2026-09-03 19:45:00+09:00,181.44,181.457,181.374,181.408
2026-09-03 19:50:00+09:00,181.409,181.449,181.358,181.372
2026-09-03 19:55:00+09:00,181.372,181.418,181.359,181.395
2026-09-03 20:00:00+09:00,181.395,181.436,181.325,181.337
2026-09-03 20:05:00+09:00,181.337,181.399,181.197,181.232
2026-09-03 20:10:00+09:00,181.232,181.236,181.102,181.134
2026-09-03 20:15:00+09:00,181.136,181.234,181.011,181.062
2026-09-03 20:20:00+09:00,181.062,181.165,181.039,181.138
2026-09-03 20:25:00+09:00,181.138,181.239,181.124,181.239
2026-09-03 20:30:00+09:00,181.238,181.341,181.216,181.217
2026-09-03 20:35:00+09:00,181.216,181.29,181.206,181.288
2026-09-03 20:40:00+09:00,181.288,181.366,181.288,181.343
2026-09-03 20:45:00+09:00,181.342,181.419,181.329,181.33
2026-09-03 20:50:00+09:00,181.33,181.394,181.313,181.314
2026-09-03 20:55:00+09:00,181.314,181.314,181.245,181.27
2026-09-03 21:00:00+09:00,181.27,181.336,181.177,181.217
2026-09-03 21:05:00+09:00,181.216,181.25,181.184,181.213
2026-09-03 21:10:00+09:00,181.214,181.225,181.082,181.105
2026-09-03 21:15:00+09:00,181.105,181.127,180.958,180.975
2026-09-03 21:20:00+09:00,180.975,180.977,180.8,180.848
2026-09-03 21:25:00+09:00,180.848,180.951,180.848,180.882
2026-09-03 21:30:00+09:00,180.887,180.938,180.776,180.937
2026-09-03 21:35:00+09:00,180.938,181.032,180.816,180.82
2026-09-03 21:40:00+09:00,180.815,180.914,180.743,180.752
2026-09-03 21:45:00+09:00,180.752,180.821,180.719,180.821
2026-09-03 21:50:00+09:00,180.822,180.868,180.676,180.758
2026-09-03 21:55:00+09:00,180.757,180.873,180.733,180.856
2026-09-03 22:00:00+09:00,180.856,180.984,180.848,180.971
2026-09-03 22:05:00+09:00,180.971,181.014,180.853,180.931
2026-09-03 22:10:00+09:00,180.934,181.021,180.933,180.979
2026-09-03 22:15:00+09:00,180.978,180.985,180.72,180.86
2026-09-03 22:20:00+09:00,180.86,180.952,180.83,180.873
2026-09-03 22:25:00+09:00,180.878,180.927,180.851,180.873
2026-09-03 22:30:00+09:00,180.873,180.928,180.832,180.888
2026-09-03 22:35:00+09:00,180.888,180.956,180.858,180.865
2026-09-03 22:40:00+09:00,180.865,180.973,180.86,180.887
2026-09-03 22:45:00+09:00,180.889,180.901,180.837,180.873
2026-09-03 22:50:00+09:00,180.872,180.888,180.688,180.721
2026-09-03 22:55:00+09:00,180.721,180.784,180.675,180.679
2026-09-03 23:00:00+09:00,180.678,180.77,180.677,180.722
2026-09-03 23:05:00+09:00,180.722,180.761,180.653,180.741
2026-09-03 23:10:00+09:00,180.741,180.743,180.623,180.654
2026-09-03 23:15:00+09:00,180.655,180.725,180.626,180.712
2026-09-03 23:20:00+09:00,180.713,180.814,180.689,180.707
2026-09-03 23:25:00+09:00,180.705,180.794,180.694,180.787
2026-09-03 23:30:00+09:00,180.787,180.831,180.716,180.819
2026-09-03 23:35:00+09:00,180.819,180.952,180.778,180.917
2026-09-03 23:40:00+09:00,180.917,180.939,180.849,180.86
2026-09-03 23:45:00+09:00,180.86,180.861,180.734,180.736
2026-09-03 23:50:00+09:00,180.736,180.76,180.677,180.696
2026-09-03 23:55:00+09:00,180.682,180.714,180.558,180.577
2026-09-04 00:00:00+09:00,180.576,180.68,180.53,180.661
2026-09-04 00:05:00+09:00,180.659,180.854,180.658,180.803
2026-09-04 00:10:00+09:00,180.803,180.928,180.798,180.881
2026-09-04 00:15:00+09:00,180.881,180.918,180.817,180.89
2026-09-04 00:20:00+09:00,180.89,181.017,180.833,180.878
2026-09-04 00:25:00+09:00,180.878,180.936,180.848,180.86
2026-09-04 00:30:00+09:00,180.86,180.869,180.715,180.73
2026-09-04 00:35:00+09:00,180.73,180.797,180.708,180.716
2026-09-04 00:40:00+09:00,180.716,180.739,180.614,180.619
2026-09-04 00:45:00+09:00,180.618,180.668,180.595,180.636
2026-09-04 00:50:00+09:00,180.636,180.695,180.591,180.626
2026-09-04 00:55:00+09:00,180.626,180.652,180.603,180.612
2026-09-04 01:00:00+09:00,180.612,180.666,180.574,180.619
2026-09-04 01:05:00+09:00,180.619,180.675,180.617,180.668
2026-09-04 01:10:00+09:00,180.668,180.69,180.614,180.618
2026-09-04 01:15:00+09:00,180.618,180.731,180.616,180.714
2026-09-04 01:20:00+09:00,180.714,180.753,180.695,180.707
2026-09-04 01:25:00+09:00,180.707,180.826,180.706,180.81
2026-09-04 01:30:00+09:00,180.81,180.81,180.74,180.755
2026-09-04 01:35:00+09:00,180.755,180.785,180.748,180.775
2026-09-04 01:40:00+09:00,180.775,180.782,180.721,180.761
2026-09-04 01:45:00+09:00,180.761,180.776,180.752,180.772
2026-09-04 01:50:00+09:00,180.772,180.843,180.768,180.812
2026-09-04 01:55:00+09:00,180.812,180.812,180.78,180.791
2026-09-04 02:00:00+09:00,180.791,180.899,180.791,180.896
2026-09-04 02:05:00+09:00,180.896,180.936,180.842,180.9
2026-09-04 02:10:00+09:00,180.9,180.934,180.872,180.872
2026-09-04 02:15:00+09:00,180.872,180.884,180.842,180.861
2026-09-04 02:20:00+09:00,180.861,180.907,180.854,180.897
2026-09-04 02:25:00+09:00,180.897,180.914,180.848,180.849
2026-09-04 02:30:00+09:00,180.849,180.876,180.825,180.873
2026-09-04 02:35:00+09:00,180.873,180.902,180.851,180.859
2026-09-04 02:40:00+09:00,180.859,180.872,180.852,180.855
2026-09-04 02:45:00+09:00,180.855,180.858,180.84,180.85
2026-09-04 02:50:00+09:00,180.85,180.868,180.846,180.853
2026-09-04 02:55:00+09:00,180.853,180.871,180.842,180.856
2026-09-04 03:00:00+09:00,180.856,180.861,180.798,180.799
2026-09-04 03:05:00+09:00,180.799,180.813,180.784,180.807
2026-09-04 03:10:00+09:00,180.807,180.842,180.804,180.839
2026-09-04 03:15:00+09:00,180.839,180.85,180.824,180.833
2026-09-04 03:20:00+09:00,180.833,180.844,180.824,180.841
