timestamp,open,high,low,close
2026-08-17 07:00:00+09:00,112.873,112.964,112.873,112.961
2026-08-17 07:05:00+09:00,112.961,112.963,112.95,112.955
2026-08-17 07:10:00+09:00,112.955,112.966,112.943,112.944
2026-08-17 07:15:00+09:00,112.943,112.951,112.928,112.929
2026-08-17 07:20:00+09:00,112.929,112.932,112.902,112.907
2026-08-17 07:25:00+09:00,112.907,112.917,112.902,112.911
2026-08-17 07:30:00+09:00,112.911,112.918,112.893,112.904
2026-08-17 07:35:00+09:00,112.904,112.908,112.874,112.889
2026-08-17 07:40:00+09:00,112.889,112.909,112.887,112.904
2026-08-17 07:45:00+09:00,112.904,112.904,112.881,112.887
2026-08-17 07:50:00+09:00,112.887,112.899,112.88,112.887
2026-08-17 07:55:00+09:00,112.887,112.902,112.848,112.848
2026-08-17 08:00:00+09:00,112.848,112.849,112.826,112.837
2026-08-17 08:05:00+09:00,112.837,112.849,112.833,112.845
2026-08-17 08:10:00+09:00,112.845,112.866,112.837,112.861
2026-08-17 08:15:00+09:00,112.861,112.886,112.859,112.886
2026-08-17 08:20:00+09:00,112.886,112.89,112.87,112.877
2026-08-17 08:25:00+09:00,112.877,112.878,112.86,112.863
2026-08-17 08:30:00+09:00,112.863,112.869,112.853,112.859
2026-08-17 08:35:00+09:00,112.858,112.859,112.837,112.856
2026-08-17 08:40:00+09:00,112.856,112.856,112.832,112.845
2026-08-17 08:45:00+09:00,112.845,112.85,112.839,112.843
2026-08-17 08:50:00+09:00,112.843,112.871,112.83,112.845
2026-08-17 08:55:00+09:00,112.845,112.845,112.827,112.829
2026-08-17 09:00:00+09:00,112.829,112.874,112.802,112.836
2026-08-17 09:05:00+09:00,112.836,112.874,112.834,112.865
2026-08-17 09:10:00+09:00,112.865,112.874,112.845,112.873
2026-08-17 09:15:00+09:00,112.873,112.879,112.848,112.851
2026-08-17 09:20:00+09:00,112.851,112.854,112.818,112.834
2026-08-17 09:25:00+09:00,112.834,112.867,112.815,112.86
2026-08-17 09:30:00+09:00,112.86,112.869,112.835,112.853
2026-08-17 09:35:00+09:00,112.853,112.862,112.846,112.847
2026-08-17 09:40:00+09:00,112.847,112.849,112.833,112.84
2026-08-17 09:45:00+09:00,112.84,112.841,112.818,112.819
2026-08-17 09:50:00+09:00,112.819,112.832,112.785,112.795
2026-08-17 09:55:00+09:00,112.795,112.803,112.761,112.786
2026-08-17 10:00:00+09:00,112.786,112.804,112.769,112.789
2026-08-17 10:05:00+09:00,112.789,112.794,112.775,112.786
2026-08-17 10:10:00+09:00,112.786,112.786,112.753,112.765
2026-08-17 10:15:00+09:00,112.765,112.792,112.753,112.786
2026-08-17 10:20:00+09:00,112.786,112.827,112.786,112.806
2026-08-17 10:25:00+09:00,112.806,112.834,112.802,112.82
2026-08-17 10:30:00+09:00,112.82,112.829,112.803,112.819
2026-08-17 10:35:00+09:00,112.819,112.842,112.816,112.836
2026-08-17 10:40:00+09:00,112.836,112.895,112.835,112.892
2026-08-17 10:45:00+09:00,112.892,112.912,112.888,112.89
2026-08-17 10:50:00+09:00,112.89,112.907,112.887,112.905
2026-08-17 10:55:00+09:00,112.905,112.905,112.881,112.882
2026-08-17 11:00:00+09:00,112.882,112.891,112.869,112.874
2026-08-17 11:05:00+09:00,112.874,112.875,112.85,112.853
2026-08-17 11:10:00+09:00,112.853,112.858,112.833,112.836
2026-08-17 11:15:00+09:00,112.836,112.836,112.781,112.784
2026-08-17 11:20:00+09:00,112.784,112.82,112.782,112.813
2026-08-17 11:25:00+09:00,112.813,112.831,112.791,112.824
2026-08-17 11:30:00+09:00,112.824,112.848,112.821,112.824
2026-08-17 11:35:00+09:00,112.824,112.84,112.815,112.833
2026-08-17 11:40:00+09:00,112.833,112.845,112.806,112.81
2026-08-17 11:45:00+09:00,112.81,112.814,112.801,112.807
2026-08-17 11:50:00+09:00,112.807,112.813,112.789,112.802
2026-08-17 11:55:00+09:00,112.802,112.802,112.783,112.799
2026-08-17 12:00:00+09:00,112.799,112.85,112.798,112.836
2026-08-17 12:05:00+09:00,112.836,112.843,112.821,112.829
2026-08-17 12:10:00+09:00,112.829,112.843,112.825,112.835
2026-08-17 12:15:00+09:00,112.835,112.849,112.83,112.848
2026-08-17 12:20:00+09:00,112.848,112.863,112.836,112.858
2026-08-17 12:25:00+09:00,112.858,112.887,112.857,112.886
2026-08-17 12:30:00+09:00,112.886,112.904,112.884,112.9
2026-08-17 12:35:00+09:00,112.9,112.909,112.884,112.908
2026-08-17 12:40:00+09:00,112.908,112.936,112.908,112.928
2026-08-17 12:45:00+09:00,112.928,112.947,112.925,112.941
2026-08-17 12:50:00+09:00,112.941,112.953,112.934,112.949
2026-08-17 12:55:00+09:00,112.949,112.973,112.937,112.967
2026-08-17 13:00:00+09:00,112.967,112.974,112.959,112.962
2026-08-17 13:05:00+09:00,112.962,112.992,112.961,112.978
2026-08-17 13:10:00+09:00,112.978,113.011,112.977,112.999
2026-08-17 13:15:00+09:00,112.999,113.014,112.993,113.012
2026-08-17 13:20:00+09:00,113.012,113.059,113.012,113.048
2026-08-17 13:25:00+09:00,113.048,113.051,113.015,113.023
2026-08-17 13:30:00+09:00,113.024,113.033,113.001,113.002
2026-08-17 13:35:00+09:00,113.002,113.003,112.969,112.972
2026-08-17 13:40:00+09:00,112.972,113.004,112.972,113.0
2026-08-17 13:45:00+09:00,113.0,113.004,112.98,112.991
2026-08-17 13:50:00+09:00,112.991,112.999,112.987,112.996
2026-08-17 13:55:00+09:00,112.996,113.018,112.991,113.006
2026-08-17 14:00:00+09:00,113.006,113.008,112.994,112.998
2026-08-17 14:05:00+09:00,112.998,113.017,112.995,113.016
2026-08-17 14:10:00+09:00,113.016,113.017,112.991,113.002
2026-08-17 14:15:00+09:00,113.002,113.012,112.992,112.998
2026-08-17 14:20:00+09:00,112.998,113.004,112.986,113.002
2026-08-17 14:25:00+09:00,113.002,113.026,112.989,113.019
2026-08-17 14:30:00+09:00,113.019,113.046,113.015,113.035
2026-08-17 14:35:00+09:00,113.035,113.081,113.031,113.073
2026-08-17 14:40:00+09:00,113.073,113.127,113.029,113.11
2026-08-17 14:45:00+09:00,113.109,113.14,113.092,113.139
2026-08-17 14:50:00+09:00,113.139,113.178,113.138,113.156
2026-08-17 14:55:00+09:00,113.155,113.195,113.154,113.156
2026-08-17 15:00:00+09:00,113.156,113.183,113.154,113.157
2026-08-17 15:05:00+09:00,113.157,113.172,113.143,113.148
2026-08-17 15:10:00+09:00,113.148,113.155,113.128,113.13
2026-08-17 15:15:00+09:00,113.13,113.144,113.119,113.13
2026-08-17 15:20:00+09:00,113.13,113.157,113.104,113.155
2026-08-17 15:25:00+09:00,113.155,113.184,113.152,113.176
2026-08-17 15:30:00+09:00,113.176,113.188,113.159,113.16
2026-08-17 15:35:00+09:00,113.16,113.186,113.158,113.169
2026-08-17 15:40:00+09:00,113.168,113.186,113.163,113.181
2026-08-17 15:45:00+09:00,113.181,113.199,113.179,113.184
2026-08-17 15:50:00+09:00,113.184,113.201,113.17,113.17
2026-08-17 15:55:00+09:00,113.171,113.23,113.168,113.218
2026-08-17 16:00:00+09:00,113.218,113.24,113.199,113.22
2026-08-17 16:05:00+09:00,113.22,113.224,113.17,113.174
2026-08-17 16:10:00+09:00,113.174,113.179,113.15,113.162
2026-08-17 16:15:00+09:00,113.161,113.181,113.143,113.152
2026-08-17 16:20:00+09:00,113.152,113.168,113.146,113.16
2026-08-17 16:25:00+09:00,113.16,113.207,113.154,113.189
2026-08-17 16:30:00+09:00,113.189,113.201,113.173,113.175
2026-08-17 16:35:00+09:00,113.175,113.194,113.161,113.175
2026-08-17 16:40:00+09:00,113.175,113.177,113.143,113.161
2026-08-17 16:45:00+09:00,113.161,113.199,113.16,113.191
2026-08-17 16:50:00+09:00,113.191,113.216,113.187,113.207
2026-08-17 16:55:00+09:00,113.207,113.216,113.184,113.187
2026-08-17 17:00:00+09:00,113.187,113.192,113.138,113.148
2026-08-17 17:05:00+09:00,113.148,113.168,113.138,113.148
2026-08-17 17:10:00+09:00,113.148,113.174,113.148,113.163
2026-08-17 17:15:00+09:00,113.163,113.209,113.162,113.187
2026-08-17 17:20:00+09:00,113.187,113.213,113.177,113.207
2026-08-17 17:25:00+09:00,113.207,113.217,113.201,113.206
2026-08-17 17:30:00+09:00,113.206,113.238,113.205,113.236
2026-08-17 17:35:00+09:00,113.236,113.309,113.226,113.308
2026-08-17 17:40:00+09:00,113.308,113.313,113.284,113.297
2026-08-17 17:45:00+09:00,113.297,113.326,113.275,113.279
2026-08-17 17:50:00+09:00,113.279,113.292,113.243,113.282
2026-08-17 17:55:00+09:00,113.282,113.311,113.271,113.303
2026-08-17 18:00:00+09:00,113.302,113.351,113.302,113.351
2026-08-17 18:05:00+09:00,113.35,113.358,113.318,113.342
2026-08-17 18:10:00+09:00,113.342,113.355,113.322,113.324
2026-08-17 18:15:00+09:00,113.324,113.336,113.321,113.328
2026-08-17 18:20:00+09:00,113.328,113.328,113.305,113.322
2026-08-17 18:25:00+09:00,113.322,113.348,113.319,113.334
2026-08-17 18:30:00+09:00,113.334,113.371,113.334,113.358
2026-08-17 18:35:00+09:00,113.358,113.386,113.343,113.384
2026-08-17 18:40:00+09:00,113.384,113.413,113.376,113.408
2026-08-17 18:45:00+09:00,113.408,113.425,113.4,113.425
2026-08-17 18:50:00+09:00,113.425,113.437,113.409,113.437
2026-08-17 18:55:00+09:00,113.437,113.441,113.416,113.425
2026-08-17 19:00:00+09:00,113.425,113.429,113.406,113.416
2026-08-17 19:05:00+09:00,113.416,113.441,113.414,113.416
2026-08-17 19:10:00+09:00,113.416,113.433,113.412,113.426
2026-08-17 19:15:00+09:00,113.426,113.433,113.406,113.406
2026-08-17 19:20:00+09:00,113.406,113.435,113.406,113.434
2026-08-17 19:25:00+09:00,113.434,113.442,113.428,113.437
2026-08-17 19:30:00+09:00,113.436,113.442,113.392,113.406
2026-08-17 19:35:00+09:00,113.406,113.423,113.399,113.412
2026-08-17 19:40:00+09:00,113.412,113.418,113.397,113.407
2026-08-17 19:45:00+09:00,113.407,113.417,113.398,113.399
2026-08-17 19:50:00+09:00,113.399,113.415,113.39,113.409
2026-08-17 19:55:00+09:00,113.409,113.433,113.408,113.419
2026-08-17 20:00:00+09:00,113.419,113.435,113.413,113.429
2026-08-17 20:05:00+09:00,113.429,113.471,113.429,113.465
2026-08-17 20:10:00+09:00,113.465,113.466,113.446,113.446
2026-08-17 20:15:00+09:00,113.447,113.464,113.443,113.462
2026-08-17 20:20:00+09:00,113.463,113.477,113.458,113.47
2026-08-17 20:25:00+09:00,113.47,113.489,113.464,113.477
2026-08-17 20:30:00+09:00,113.476,113.479,113.449,113.449
2026-08-17 20:35:00+09:00,113.449,113.459,113.444,113.448
2026-08-17 20:40:00+09:00,113.448,113.45,113.436,113.446
2026-08-17 20:45:00+09:00,113.446,113.453,113.438,113.448
2026-08-17 20:50:00+09:00,113.448,113.464,113.443,113.454
2026-08-17 20:55:00+09:00,113.454,113.475,113.447,113.466
2026-08-17 21:00:00+09:00,113.466,113.468,113.441,113.455
2026-08-17 21:05:00+09:00,113.455,113.465,113.444,113.452
2026-08-17 21:10:00+09:00,113.451,113.459,113.446,113.448
2026-08-17 21:15:00+09:00,113.449,113.453,113.423,113.428
2026-08-17 21:20:00+09:00,113.428,113.442,113.426,113.44
2026-08-17 21:25:00+09:00,113.44,113.448,113.389,113.416
2026-08-17 21:30:00+09:00,113.416,113.431,113.382,113.386
2026-08-17 21:35:00+09:00,113.386,113.394,113.356,113.369
2026-08-17 21:40:00+09:00,113.369,113.405,113.369,113.399
2026-08-17 21:45:00+09:00,113.399,113.403,113.357,113.36
2026-08-17 21:50:00+09:00,113.36,113.396,113.355,113.394
2026-08-17 21:55:00+09:00,113.394,113.419,113.388,113.417
2026-08-17 22:00:00+09:00,113.417,113.43,113.383,113.384
2026-08-17 22:05:00+09:00,113.384,113.393,113.349,113.362
2026-08-17 22:10:00+09:00,113.362,113.389,113.355,113.362
2026-08-17 22:15:00+09:00,113.362,113.381,113.351,113.372
2026-08-17 22:20:00+09:00,113.372,113.384,113.345,113.347
2026-08-17 22:25:00+09:00,113.347,113.357,113.332,113.344
2026-08-17 22:30:00+09:00,113.344,113.389,113.344,113.382
2026-08-17 22:35:00+09:00,113.381,113.384,113.337,113.346
2026-08-17 22:40:00+09:00,113.346,113.346,113.309,113.316
2026-08-17 22:45:00+09:00,113.316,113.355,113.299,113.35
2026-08-17 22:50:00+09:00,113.35,113.364,113.326,113.338
2026-08-17 22:55:00+09:00,113.34,113.351,113.325,113.333
2026-08-17 23:00:00+09:00,113.333,113.35,113.311,113.321
2026-08-17 23:05:00+09:00,113.321,113.345,113.31,113.344
2026-08-17 23:10:00+09:00,113.344,113.399,113.341,113.399
2026-08-17 23:15:00+09:00,113.399,113.44,113.371,113.435
2026-08-17 23:20:00+09:00,113.434,113.447,113.364,113.38
2026-08-17 23:25:00+09:00,113.38,113.408,113.375,113.388
2026-08-17 23:30:00+09:00,113.388,113.41,113.379,113.393
2026-08-17 23:35:00+09:00,113.393,113.399,113.357,113.358
2026-08-17 23:40:00+09:00,113.358,113.37,113.335,113.362
2026-08-17 23:45:00+09:00,113.362,113.368,113.344,113.35
2026-08-17 23:50:00+09:00,113.35,113.351,113.292,113.307
2026-08-17 23:55:00+09:00,113.307,113.326,113.271,113.288
2026-08-18 00:00:00+09:00,113.288,113.314,113.281,113.299
2026-08-18 00:05:00+09:00,113.299,113.322,113.299,113.321
2026-08-18 00:10:00+09:00,113.32,113.324,113.308,113.314
2026-08-18 00:15:00+09:00,113.314,113.323,113.304,113.319
2026-08-18 00:20:00+09:00,113.318,113.326,113.31,113.318
2026-08-18 00:25:00+09:00,113.318,113.335,113.315,113.33
2026-08-18 00:30:00+09:00,113.33,113.343,113.311,113.324
2026-08-18 00:35:00+09:00,113.324,113.33,113.302,113.303
2026-08-18 00:40:00+09:00,113.303,113.316,113.292,113.299
2026-08-18 00:45:00+09:00,113.299,113.327,113.297,113.326
2026-08-18 00:50:00+09:00,113.326,113.337,113.317,113.33
2026-08-18 00:55:00+09:00,113.33,113.337,113.323,113.336
2026-08-18 01:00:00+09:00,113.335,113.347,113.331,113.342
2026-08-18 01:05:00+09:00,113.342,113.352,113.338,113.345
2026-08-18 01:10:00+09:00,113.345,113.357,113.342,113.345
2026-08-18 01:15:00+09:00,113.345,113.363,113.344,113.353
2026-08-18 01:20:00+09:00,113.353,113.356,113.34,113.354
2026-08-18 01:25:00+09:00,113.354,113.375,113.354,113.367
2026-08-18 01:30:00+09:00,113.367,113.375,113.359,113.368
2026-08-18 01:35:00+09:00,113.368,113.38,113.365,113.374
2026-08-18 01:40:00+09:00,113.373,113.39,113.37,113.371
2026-08-18 01:45:00+09:00,113.371,113.378,113.363,113.367
2026-08-18 01:50:00+09:00,113.367,113.371,113.339,113.344
2026-08-18 01:55:00+09:00,113.344,113.36,113.341,113.343
2026-08-18 02:00:00+09:00,113.343,113.354,113.342,113.344
2026-08-18 02:05:00+09:00,113.344,113.348,113.332,113.338
2026-08-18 02:10:00+09:00,113.338,113.348,113.331,113.336
2026-08-18 02:15:00+09:00,113.336,113.348,113.333,113.344
2026-08-18 02:20:00+09:00,113.344,113.357,113.332,113.336
2026-08-18 02:25:00+09:00,113.336,113.345,113.332,113.34
2026-08-18 02:30:00+09:00,113.34,113.356,113.34,113.345
2026-08-18 02:35:00+09:00,113.345,113.345,113.302,113.304
2026-08-18 02:40:00+09:00,113.304,113.319,113.293,113.318
2026-08-18 02:45:00+09:00,113.318,113.324,113.305,113.314
2026-08-18 02:50:00+09:00,113.314,113.332,113.314,113.329
2026-08-18 02:55:00+09:00,113.329,113.336,113.316,113.318
2026-08-18 03:00:00+09:00,113.318,113.331,113.316,113.322
2026-08-18 03:05:00+09:00,113.322,113.33,113.308,113.319
2026-08-18 03:10:00+09:00,113.319,113.329,113.314,113.325
2026-08-18 03:15:00+09:00,113.325,113.342,113.324,113.338
2026-08-18 03:20:00+09:00,113.336,113.356,113.334,113.34
2026-08-18 03:25:00+09:00,113.34,113.359,113.33,113.346
2026-08-18 03:30:00+09:00,113.347,113.355,113.323,113.327
2026-08-18 03:35:00+09:00,113.327,113.336,113.323,113.331
2026-08-18 03:40:00+09:00,113.33,113.333,113.31,113.321
2026-08-18 03:45:00+09:00,113.321,113.349,113.315,113.348
2026-08-18 03:50:00+09:00,113.348,113.362,113.348,113.352
2026-08-18 03:55:00+09:00,113.352,113.359,113.336,113.347
2026-08-18 04:00:00+09:00,113.346,113.347,113.325,113.327
2026-08-18 04:05:00+09:00,113.328,113.33,113.315,113.325
2026-08-18 04:10:00+09:00,113.325,113.327,113.293,113.301
2026-08-18 04:15:00+09:00,113.301,113.312,113.298,113.301
2026-08-18 04:20:00+09:00,113.301,113.308,113.287,113.298
2026-08-18 04:25:00+09:00,113.298,113.31,113.294,113.297
2026-08-18 04:30:00+09:00,113.297,113.302,113.274,113.278
2026-08-18 04:35:00+09:00,113.278,113.285,113.272,113.279
2026-08-18 04:40:00+09:00,113.278,113.294,113.276,113.294
2026-08-18 04:45:00+09:00,113.294,113.301,113.285,113.292
2026-08-18 04:50:00+09:00,113.292,113.294,113.275,113.289
2026-08-18 04:55:00+09:00,113.289,113.305,113.289,113.296
2026-08-18 05:00:00+09:00,113.297,113.308,113.29,113.299
2026-08-18 05:05:00+09:00,113.298,113.315,113.297,113.315
2026-08-18 05:10:00+09:00,113.315,113.319,113.307,113.315
2026-08-18 05:15:00+09:00,113.315,113.317,113.299,113.302
2026-08-18 05:20:00+09:00,113.302,113.307,113.302,113.307
2026-08-18 05:25:00+09:00,113.307,113.307,113.296,113.303
2026-08-18 05:30:00+09:00,113.303,113.312,113.294,113.295
2026-08-18 05:35:00+09:00,113.295,113.298,113.29,113.291
2026-08-18 05:40:00+09:00,113.291,113.295,113.288,113.292
2026-08-18 05:45:00+09:00,113.292,113.334,113.292,113.312
2026-08-18 05:50:00+09:00,113.312,113.324,113.304,113.324
2026-08-18 05:55:00+09:00,113.324,113.344,113.314,113.344
2026-08-18 06:00:00+09:00,113.336,113.355,113.327,113.345
2026-08-18 06:05:00+09:00,113.345,113.397,113.343,113.378
2026-08-18 06:10:00+09:00,113.378,113.382,113.341,113.341
2026-08-18 06:15:00+09:00,113.341,113.341,113.299,113.325
2026-08-18 06:20:00+09:00,113.325,113.328,113.274,113.307
2026-08-18 06:25:00+09:00,113.307,113.312,113.3,113.306
2026-08-18 06:30:00+09:00,113.306,113.311,113.302,113.305
2026-08-18 06:35:00+09:00,113.305,113.312,113.301,113.307
2026-08-18 06:40:00+09:00,113.307,113.316,113.302,113.305
2026-08-18 06:45:00+09:00,113.305,113.307,113.283,113.293
2026-08-18 06:50:00+09:00,113.293,113.302,113.277,113.288
2026-08-18 06:55:00+09:00,113.288,113.29,113.276,113.286
2026-08-18 07:00:00+09:00,113.283,113.343,113.283,113.332
2026-08-18 07:05:00+09:00,113.332,113.332,113.318,113.321
2026-08-18 07:10:00+09:00,113.321,113.322,113.304,113.317
2026-08-18 07:15:00+09:00,113.317,113.317,113.302,113.303
2026-08-18 07:20:00+09:00,113.303,113.305,113.294,113.296
2026-08-18 07:25:00+09:00,113.296,113.304,113.289,113.297
2026-08-18 07:30:00+09:00,113.297,113.301,113.291,113.299
2026-08-18 07:35:00+09:00,113.299,113.31,113.299,113.306
2026-08-18 07:40:00+09:00,113.306,113.313,113.302,113.308
2026-08-18 07:45:00+09:00,113.308,113.308,113.298,113.303
2026-08-18 07:50:00+09:00,113.303,113.305,113.289,113.293
2026-08-18 07:55:00+09:00,113.293,113.302,113.291,113.302
2026-08-18 08:00:00+09:00,113.301,113.302,113.269,113.28
2026-08-18 08:05:00+09:00,113.28,113.285,113.273,113.275
2026-08-18 08:10:00+09:00,113.275,113.291,113.275,113.288
2026-08-18 08:15:00+09:00,113.288,113.291,113.28,113.287
2026-08-18 08:20:00+09:00,113.287,113.291,113.276,113.289
2026-08-18 08:25:00+09:00,113.289,113.29,113.278,113.284
2026-08-18 08:30:00+09:00,113.284,113.289,113.269,113.273
2026-08-18 08:35:00+09:00,113.273,113.277,113.269,113.273
2026-08-18 08:40:00+09:00,113.273,113.274,113.254,113.257
2026-08-18 08:45:00+09:00,113.257,113.264,113.251,113.263
2026-08-18 08:50:00+09:00,113.263,113.28,113.259,113.278
2026-08-18 08:55:00+09:00,113.277,113.283,113.27,113.277
2026-08-18 09:00:00+09:00,113.277,113.29,113.259,113.267
2026-08-18 09:05:00+09:00,113.267,113.306,113.262,113.306
2026-08-18 09:10:00+09:00,113.306,113.306,113.293,113.298
2026-08-18 09:15:00+09:00,113.298,113.335,113.292,113.328
2026-08-18 09:20:00+09:00,113.327,113.343,113.32,113.327
2026-08-18 09:25:00+09:00,113.327,113.34,113.317,113.322
2026-08-18 09:30:00+09:00,113.322,113.366,113.322,113.352
2026-08-18 09:35:00+09:00,113.352,113.379,113.352,113.379
2026-08-18 09:40:00+09:00,113.379,113.416,113.373,113.416
2026-08-18 09:45:00+09:00,113.416,113.419,113.393,113.404
2026-08-18 09:50:00+09:00,113.404,113.408,113.353,113.358
2026-08-18 09:55:00+09:00,113.358,113.377,113.335,113.347
2026-08-18 10:00:00+09:00,113.347,113.409,113.343,113.395
2026-08-18 10:05:00+09:00,113.395,113.408,113.372,113.383
2026-08-18 10:10:00+09:00,113.383,113.398,113.374,113.398
2026-08-18 10:15:00+09:00,113.398,113.409,113.355,113.369
2026-08-18 10:20:00+09:00,113.369,113.385,113.363,113.381
2026-08-18 10:25:00+09:00,113.381,113.383,113.356,113.375
2026-08-18 10:30:00+09:00,113.375,113.388,113.366,113.384
2026-08-18 10:35:00+09:00,113.384,113.397,113.37,113.371
2026-08-18 10:40:00+09:00,113.371,113.379,113.34,113.341
2026-08-18 10:45:00+09:00,113.341,113.366,113.323,113.36
2026-08-18 10:50:00+09:00,113.36,113.375,113.343,113.366
2026-08-18 10:55:00+09:00,113.366,113.371,113.351,113.365
2026-08-18 11:00:00+09:00,113.365,113.39,113.356,113.375
2026-08-18 11:05:00+09:00,113.375,113.376,113.355,113.36
2026-08-18 11:10:00+09:00,113.36,113.372,113.344,113.352
2026-08-18 11:15:00+09:00,113.352,113.357,113.331,113.354
2026-08-18 11:20:00+09:00,113.354,113.362,113.33,113.358
2026-08-18 11:25:00+09:00,113.358,113.364,113.348,113.353
2026-08-18 11:30:00+09:00,113.353,113.36,113.344,113.356
2026-08-18 11:35:00+09:00,113.356,113.382,113.355,113.379
2026-08-18 11:40:00+09:00,113.372,113.396,113.368,113.387
2026-08-18 11:45:00+09:00,113.387,113.411,113.385,113.409
2026-08-18 11:50:00+09:00,113.409,113.419,113.397,113.412
2026-08-18 11:55:00+09:00,113.412,113.413,113.392,113.398
2026-08-18 12:00:00+09:00,113.398,113.417,113.396,113.412
2026-08-18 12:05:00+09:00,113.412,113.414,113.392,113.399
2026-08-18 12:10:00+09:00,113.399,113.409,113.396,113.399
2026-08-18 12:15:00+09:00,113.399,113.404,113.377,113.378
2026-08-18 12:20:00+09:00,113.378,113.382,113.349,113.36
2026-08-18 12:25:00+09:00,113.36,113.365,113.347,113.362
2026-08-18 12:30:00+09:00,113.362,113.367,113.332,113.338
2026-08-18 12:35:00+09:00,113.338,113.341,113.321,113.332
2026-08-18 12:40:00+09:00,113.332,113.344,113.323,113.341
2026-08-18 12:45:00+09:00,113.341,113.342,113.318,113.323
2026-08-18 12:50:00+09:00,113.323,113.337,113.311,113.314
2026-08-18 12:55:00+09:00,113.314,113.333,113.311,113.33
2026-08-18 13:00:00+09:00,113.33,113.367,113.327,113.356
2026-08-18 13:05:00+09:00,113.356,113.401,113.356,113.374
2026-08-18 13:10:00+09:00,113.375,113.419,113.375,113.402
2026-08-18 13:15:00+09:00,113.402,113.408,113.372,113.392
2026-08-18 13:20:00+09:00,113.392,113.418,113.387,113.401
2026-08-18 13:25:00+09:00,113.401,113.422,113.385,113.421
2026-08-18 13:30:00+09:00,113.421,113.446,113.421,113.434
2026-08-18 13:35:00+09:00,113.434,113.445,113.428,113.428
2026-08-18 13:40:00+09:00,113.428,113.431,113.412,113.419
2026-08-18 13:45:00+09:00,113.419,113.421,113.377,113.4
2026-08-18 13:50:00+09:00,113.4,113.422,113.4,113.414
2026-08-18 13:55:00+09:00,113.414,113.415,113.387,113.392
2026-08-18 14:00:00+09:00,113.392,113.392,113.352,113.359
2026-08-18 14:05:00+09:00,113.359,113.365,113.349,113.358
2026-08-18 14:10:00+09:00,113.358,113.358,113.339,113.348
2026-08-18 14:15:00+09:00,113.348,113.361,113.342,113.349
2026-08-18 14:20:00+09:00,113.349,113.366,113.347,113.363
2026-08-18 14:25:00+09:00,113.363,113.368,113.329,113.333
2026-08-18 14:30:00+09:00,113.333,113.356,113.328,113.349
2026-08-18 14:35:00+09:00,113.348,113.359,113.343,113.354
2026-08-18 14:40:00+09:00,113.354,113.365,113.348,113.353
2026-08-18 14:45:00+09:00,113.353,113.376,113.348,113.376
2026-08-18 14:50:00+09:00,113.376,113.377,113.344,113.351
2026-08-18 14:55:00+09:00,113.351,113.384,113.335,113.372
2026-08-18 15:00:00+09:00,113.372,113.375,113.333,113.341
2026-08-18 15:05:00+09:00,113.341,113.366,113.332,113.361
2026-08-18 15:10:00+09:00,113.361,113.39,113.353,113.382
2026-08-18 15:15:00+09:00,113.382,113.398,113.379,113.395
2026-08-18 15:20:00+09:00,113.395,113.41,113.376,113.376
2026-08-18 15:25:00+09:00,113.376,113.391,113.37,113.387
2026-08-18 15:30:00+09:00,113.386,113.421,113.384,113.42
2026-08-18 15:35:00+09:00,113.419,113.431,113.39,113.407
2026-08-18 15:40:00+09:00,113.407,113.414,113.394,113.402
2026-08-18 15:45:00+09:00,113.401,113.419,113.373,113.388
2026-08-18 15:50:00+09:00,113.388,113.392,113.361,113.382
2026-08-18 15:55:00+09:00,113.382,113.415,113.382,113.415
2026-08-18 16:00:00+09:00,113.415,113.443,113.402,113.443
2026-08-18 16:05:00+09:00,113.443,113.445,113.418,113.424
2026-08-18 16:10:00+09:00,113.424,113.44,113.417,113.432
2026-08-18 16:15:00+09:00,113.432,113.448,113.409,113.422
2026-08-18 16:20:00+09:00,113.422,113.442,113.42,113.426
2026-08-18 16:25:00+09:00,113.426,113.463,113.425,113.444
2026-08-18 16:30:00+09:00,113.444,113.456,113.421,113.422
2026-08-18 16:35:00+09:00,113.422,113.458,113.422,113.448
2026-08-18 16:40:00+09:00,113.448,113.463,113.444,113.453
2026-08-18 16:45:00+09:00,113.453,113.464,113.444,113.447
2026-08-18 16:50:00+09:00,113.447,113.468,113.44,113.44
2026-08-18 16:55:00+09:00,113.44,113.457,113.439,113.446
2026-08-18 17:00:00+09:00,113.446,113.45,113.421,113.426
2026-08-18 17:05:00+09:00,113.426,113.439,113.394,113.417
2026-08-18 17:10:00+09:00,113.417,113.457,113.4,113.451
2026-08-18 17:15:00+09:00,113.451,113.459,113.431,113.433
2026-08-18 17:20:00+09:00,113.433,113.433,113.405,113.417
2026-08-18 17:25:00+09:00,113.417,113.445,113.412,113.44
2026-08-18 17:30:00+09:00,113.44,113.447,113.429,113.436
2026-08-18 17:35:00+09:00,113.436,113.441,113.421,113.433
2026-08-18 17:40:00+09:00,113.433,113.436,113.423,113.425
2026-08-18 17:45:00+09:00,113.425,113.428,113.395,113.409
2026-08-18 17:50:00+09:00,113.409,113.418,113.392,113.414
2026-08-18 17:55:00+09:00,113.414,113.432,113.406,113.43
2026-08-18 18:00:00+09:00,113.429,113.442,113.423,113.433
2026-08-18 18:05:00+09:00,113.433,113.435,113.413,113.418
2026-08-18 18:10:00+09:00,113.418,113.421,113.409,113.41
2026-08-18 18:15:00+09:00,113.41,113.411,113.381,113.386
2026-08-18 18:20:00+09:00,113.386,113.401,113.383,113.397
2026-08-18 18:25:00+09:00,113.397,113.434,113.396,113.429
2026-08-18 18:30:00+09:00,113.429,113.452,113.416,113.451
2026-08-18 18:35:00+09:00,113.451,113.461,113.436,113.439
2026-08-18 18:40:00+09:00,113.439,113.443,113.4,113.422
2026-08-18 18:45:00+09:00,113.422,113.454,113.422,113.447
2026-08-18 18:50:00+09:00,113.447,113.457,113.44,113.45
2026-08-18 18:55:00+09:00,113.45,113.477,113.449,113.473
2026-08-18 19:00:00+09:00,113.473,113.487,113.467,113.469
2026-08-18 19:05:00+09:00,113.469,113.476,113.459,113.47
2026-08-18 19:10:00+09:00,113.47,113.49,113.465,113.49
2026-08-18 19:15:00+09:00,113.49,113.491,113.466,113.468
2026-08-18 19:20:00+09:00,113.468,113.49,113.467,113.49
2026-08-18 19:25:00+09:00,113.49,113.499,113.487,113.491
2026-08-18 19:30:00+09:00,113.491,113.494,113.482,113.485
2026-08-18 19:35:00+09:00,113.485,113.486,113.473,113.476
2026-08-18 19:40:00+09:00,113.476,113.491,113.472,113.486
2026-08-18 19:45:00+09:00,113.486,113.491,113.48,113.488
2026-08-18 19:50:00+09:00,113.488,113.501,113.487,113.49
2026-08-18 19:55:00+09:00,113.49,113.504,113.488,113.501
2026-08-18 20:00:00+09:00,113.501,113.512,113.494,113.495
2026-08-18 20:05:00+09:00,113.495,113.519,113.494,113.514
2026-08-18 20:10:00+09:00,113.514,113.518,113.506,113.51
2026-08-18 20:15:00+09:00,113.51,113.518,113.506,113.511
2026-08-18 20:20:00+09:00,113.511,113.538,113.511,113.524
2026-08-18 20:25:00+09:00,113.524,113.525,113.504,113.506
2026-08-18 20:30:00+09:00,113.506,113.519,113.505,113.512
2026-08-18 20:35:00+09:00,113.512,113.519,113.499,113.513
2026-08-18 20:40:00+09:00,113.515,113.536,113.513,113.52
2026-08-18 20:45:00+09:00,113.52,113.531,113.519,113.524
2026-08-18 20:50:00+09:00,113.524,113.541,113.52,113.534
2026-08-18 20:55:00+09:00,113.534,113.558,113.534,113.557
2026-08-18 21:00:00+09:00,113.557,113.585,113.545,113.579
2026-08-18 21:05:00+09:00,113.58,113.58,113.558,113.571
2026-08-18 21:10:00+09:00,113.571,113.572,113.55,113.563
2026-08-18 21:15:00+09:00,113.563,113.569,113.543,113.562
2026-08-18 21:20:00+09:00,113.562,113.573,113.561,113.564
2026-08-18 21:25:00+09:00,113.564,113.568,113.546,113.552
2026-08-18 21:30:00+09:00,113.548,113.563,113.538,113.549
2026-08-18 21:35:00+09:00,113.549,113.563,113.539,113.556
2026-08-18 21:40:00+09:00,113.556,113.566,113.542,113.556
2026-08-18 21:45:00+09:00,113.556,113.572,113.541,113.563
2026-08-18 21:50:00+09:00,113.563,113.568,113.552,113.565
2026-08-18 21:55:00+09:00,113.565,113.571,113.541,113.546
2026-08-18 22:00:00+09:00,113.546,113.564,113.533,113.563
2026-08-18 22:05:00+09:00,113.563,113.573,113.552,113.561
2026-08-18 22:10:00+09:00,113.561,113.576,113.555,113.571
2026-08-18 22:15:00+09:00,113.571,113.587,113.562,113.577
2026-08-18 22:20:00+09:00,113.577,113.579,113.558,113.567
2026-08-18 22:25:00+09:00,113.566,113.575,113.54,113.544
2026-08-18 22:30:00+09:00,113.544,113.593,113.519,113.576
2026-08-18 22:35:00+09:00,113.576,113.617,113.574,113.613
2026-08-18 22:40:00+09:00,113.613,113.617,113.57,113.578
2026-08-18 22:45:00+09:00,113.578,113.579,113.5,113.508
2026-08-18 22:50:00+09:00,113.508,113.522,113.497,113.507
2026-08-18 22:55:00+09:00,113.507,113.541,113.5,113.54
2026-08-18 23:00:00+09:00,113.541,113.544,113.497,113.508
2026-08-18 23:05:00+09:00,113.508,113.509,113.457,113.463
2026-08-18 23:10:00+09:00,113.463,113.476,113.446,113.456
2026-08-18 23:15:00+09:00,113.456,113.465,113.437,113.445
2026-08-18 23:20:00+09:00,113.444,113.453,113.398,113.404
2026-08-18 23:25:00+09:00,113.404,113.404,113.384,113.384
2026-08-18 23:30:00+09:00,113.384,113.397,113.361,113.377
2026-08-18 23:35:00+09:00,113.379,113.401,113.353,113.364
2026-08-18 23:40:00+09:00,113.364,113.369,113.333,113.333
2026-08-18 23:45:00+09:00,113.333,113.352,113.33,113.332
2026-08-18 23:50:00+09:00,113.332,113.339,113.267,113.287
2026-08-18 23:55:00+09:00,113.286,113.311,113.255,113.27
2026-08-19 00:00:00+09:00,113.271,113.305,113.233,113.302
2026-08-19 00:05:00+09:00,113.302,113.319,113.254,113.255
2026-08-19 00:10:00+09:00,113.255,113.278,113.245,113.258
2026-08-19 00:15:00+09:00,113.257,113.276,113.238,113.24
2026-08-19 00:20:00+09:00,113.239,113.256,113.223,113.25
2026-08-19 00:25:00+09:00,113.25,113.279,113.244,113.266
2026-08-19 00:30:00+09:00,113.266,113.281,113.253,113.267
2026-08-19 00:35:00+09:00,113.267,113.279,113.252,113.266
2026-08-19 00:40:00+09:00,113.266,113.27,113.247,113.259
2026-08-19 00:45:00+09:00,113.259,113.272,113.25,113.26
2026-08-19 00:50:00+09:00,113.261,113.265,113.242,113.261
2026-08-19 00:55:00+09:00,113.261,113.27,113.242,113.253
2026-08-19 01:00:00+09:00,113.253,113.261,113.244,113.253
2026-08-19 01:05:00+09:00,113.253,113.253,113.234,113.245
2026-08-19 01:10:00+09:00,113.245,113.258,113.215,113.221
2026-08-19 01:15:00+09:00,113.221,113.229,113.211,113.214
2026-08-19 01:20:00+09:00,113.214,113.235,113.214,113.228
2026-08-19 01:25:00+09:00,113.228,113.232,113.188,113.196
2026-08-19 01:30:00+09:00,113.196,113.215,113.176,113.215
2026-08-19 01:35:00+09:00,113.215,113.215,113.186,113.187
2026-08-19 01:40:00+09:00,113.187,113.187,113.166,113.169
2026-08-19 01:45:00+09:00,113.169,113.191,113.165,113.184
2026-08-19 01:50:00+09:00,113.184,113.191,113.175,113.179
2026-08-19 01:55:00+09:00,113.179,113.191,113.179,113.18
2026-08-19 02:00:00+09:00,113.18,113.181,113.145,113.155
2026-08-19 02:05:00+09:00,113.155,113.156,113.138,113.141
2026-08-19 02:10:00+09:00,113.141,113.169,113.129,113.166
2026-08-19 02:15:00+09:00,113.166,113.174,113.156,113.16
2026-08-19 02:20:00+09:00,113.16,113.171,113.153,113.157
2026-08-19 02:25:00+09:00,113.157,113.162,113.144,113.146
2026-08-19 02:30:00+09:00,113.146,113.15,113.134,113.141
2026-08-19 02:35:00+09:00,113.141,113.147,113.12,113.142
2026-08-19 02:40:00+09:00,113.142,113.15,113.136,113.138
2026-08-19 02:45:00+09:00,113.138,113.142,113.122,113.127
2026-08-19 02:50:00+09:00,113.127,113.134,113.124,113.126
2026-08-19 02:55:00+09:00,113.126,113.126,113.112,113.112
2026-08-19 03:00:00+09:00,113.112,113.112,113.086,113.087
2026-08-19 03:05:00+09:00,113.087,113.088,113.07,113.081
2026-08-19 03:10:00+09:00,113.081,113.088,113.066,113.086
2026-08-19 03:15:00+09:00,113.087,113.096,113.087,113.094
2026-08-19 03:20:00+09:00,113.094,113.102,113.064,113.065
2026-08-19 03:25:00+09:00,113.065,113.073,113.04,113.066
2026-08-19 03:30:00+09:00,113.066,113.087,113.066,113.08
2026-08-19 03:35:00+09:00,113.08,113.089,113.077,113.078
2026-08-19 03:40:00+09:00,113.078,113.078,113.066,113.074
2026-08-19 03:45:00+09:00,113.075,113.077,113.062,113.065
2026-08-19 03:50:00+09:00,113.065,113.072,113.062,113.065
2026-08-19 03:55:00+09:00,113.065,113.085,113.056,113.077
2026-08-19 04:00:00+09:00,113.077,113.082,113.06,113.074
2026-08-19 04:05:00+09:00,113.074,113.085,113.072,113.084
2026-08-19 04:10:00+09:00,113.084,113.107,113.082,113.101
2026-08-19 04:15:00+09:00,113.101,113.104,113.079,113.081
2026-08-19 04:20:00+09:00,113.081,113.092,113.078,113.082
2026-08-19 04:25:00+09:00,113.082,113.106,113.079,113.102
2026-08-19 04:30:00+09:00,113.102,113.11,113.095,113.105
2026-08-19 04:35:00+09:00,113.106,113.123,113.102,113.123
2026-08-19 04:40:00+09:00,113.123,113.135,113.119,113.119
2026-08-19 04:45:00+09:00,113.119,113.121,113.098,113.109
2026-08-19 04:50:00+09:00,113.107,113.118,113.106,113.11
2026-08-19 04:55:00+09:00,113.11,113.122,113.096,113.099
2026-08-19 05:00:00+09:00,113.099,113.117,113.095,113.099
2026-08-19 05:05:00+09:00,113.099,113.102,113.09,113.1
2026-08-19 05:10:00+09:00,113.1,113.113,113.091,113.1
2026-08-19 05:15:00+09:00,113.1,113.103,113.093,113.096
2026-08-19 05:20:00+09:00,113.096,113.097,113.083,113.089
2026-08-19 05:25:00+09:00,113.089,113.096,113.086,113.095
2026-08-19 05:30:00+09:00,113.095,113.115,113.093,113.115
2026-08-19 05:35:00+09:00,113.115,113.118,113.104,113.107
2026-08-19 05:40:00+09:00,113.107,113.111,113.104,113.111
2026-08-19 05:45:00+09:00,113.111,113.151,113.111,113.137
2026-08-19 05:50:00+09:00,113.137,113.148,113.134,113.148
2026-08-19 05:55:00+09:00,113.148,113.186,113.138,113.186
2026-08-19 06:00:00+09:00,113.187,113.187,113.138,113.152
2026-08-19 06:05:00+09:00,113.152,113.154,113.111,113.112
2026-08-19 06:10:00+09:00,113.112,113.116,113.106,113.11
2026-08-19 06:15:00+09:00,113.11,113.123,113.107,113.122
2026-08-19 06:20:00+09:00,113.122,113.122,113.109,113.111
2026-08-19 06:25:00+09:00,113.111,113.135,113.106,113.134
2026-08-19 06:30:00+09:00,113.134,113.197,113.133,113.183
2026-08-19 06:35:00+09:00,113.183,113.184,113.149,113.149
2026-08-19 06:40:00+09:00,113.149,113.16,113.102,113.11
2026-08-19 06:45:00+09:00,113.11,113.119,113.091,113.115
2026-08-19 06:50:00+09:00,113.115,113.12,113.113,113.115
2026-08-19 06:55:00+09:00,113.115,113.12,113.103,113.116
2026-08-19 07:00:00+09:00,113.116,113.16,113.109,113.12
2026-08-19 07:05:00+09:00,113.12,113.125,113.116,113.124
2026-08-19 07:10:00+09:00,113.124,113.129,113.099,113.121
2026-08-19 07:15:00+09:00,113.121,113.133,113.118,113.129
2026-08-19 07:20:00+09:00,113.129,113.133,113.12,113.12
2026-08-19 07:25:00+09:00,113.12,113.123,113.113,113.119
2026-08-19 07:30:00+09:00,113.119,113.119,113.084,113.105
2026-08-19 07:35:00+09:00,113.105,113.109,113.092,113.094
2026-08-19 07:40:00+09:00,113.094,113.095,113.083,113.092
2026-08-19 07:45:00+09:00,113.092,113.104,113.09,113.091
2026-08-19 07:50:00+09:00,113.091,113.097,113.082,113.082
2026-08-19 07:55:00+09:00,113.082,113.082,113.072,113.073
2026-08-19 08:00:00+09:00,113.073,113.076,113.044,113.051
2026-08-19 08:05:00+09:00,113.051,113.062,113.047,113.048
2026-08-19 08:10:00+09:00,113.048,113.048,113.019,113.025
2026-08-19 08:15:00+09:00,113.025,113.026,113.008,113.013
2026-08-19 08:20:00+09:00,113.013,113.022,113.006,113.008
2026-08-19 08:25:00+09:00,113.007,113.021,113.005,113.015
2026-08-19 08:30:00+09:00,113.015,113.03,113.012,113.024
2026-08-19 08:35:00+09:00,113.024,113.035,113.011,113.034
2026-08-19 08:40:00+09:00,113.034,113.035,113.004,113.011
2026-08-19 08:45:00+09:00,113.011,113.036,113.009,113.031
2026-08-19 08:50:00+09:00,113.031,113.031,113.0,113.002
2026-08-19 08:55:00+09:00,113.002,113.005,112.979,113.002
2026-08-19 09:00:00+09:00,113.002,113.002,112.895,112.935
2026-08-19 09:05:00+09:00,112.935,112.965,112.918,112.959
2026-08-19 09:10:00+09:00,112.959,112.982,112.954,112.955
2026-08-19 09:15:00+09:00,112.955,112.987,112.937,112.973
2026-08-19 09:20:00+09:00,112.973,113.007,112.969,113.0
2026-08-19 09:25:00+09:00,113.0,113.013,112.981,113.007
2026-08-19 09:30:00+09:00,113.007,113.008,112.957,112.963
2026-08-19 09:35:00+09:00,112.964,112.972,112.95,112.952
2026-08-19 09:40:00+09:00,112.952,112.952,112.899,112.923
2026-08-19 09:45:00+09:00,112.923,112.925,112.875,112.88
2026-08-19 09:50:00+09:00,112.88,112.883,112.827,112.845
2026-08-19 09:55:00+09:00,112.845,112.865,112.81,112.81
2026-08-19 10:00:00+09:00,112.81,112.871,112.81,112.869
2026-08-19 10:05:00+09:00,112.869,112.884,112.852,112.858
2026-08-19 10:10:00+09:00,112.858,112.867,112.827,112.846
2026-08-19 10:15:00+09:00,112.846,112.855,112.752,112.769
2026-08-19 10:20:00+09:00,112.768,112.856,112.765,112.852
2026-08-19 10:25:00+09:00,112.852,112.864,112.816,112.846
2026-08-19 10:30:00+09:00,112.845,112.861,112.807,112.821
2026-08-19 10:35:00+09:00,112.821,112.844,112.821,112.828
2026-08-19 10:40:00+09:00,112.828,112.849,112.827,112.845
2026-08-19 10:45:00+09:00,112.845,112.845,112.805,112.818
2026-08-19 10:50:00+09:00,112.818,112.844,112.808,112.834
2026-08-19 10:55:00+09:00,112.834,112.867,112.829,112.83
2026-08-19 11:00:00+09:00,112.83,112.855,112.824,112.845
2026-08-19 11:05:00+09:00,112.845,112.845,112.818,112.826
2026-08-19 11:10:00+09:00,112.826,112.832,112.805,112.816
2026-08-19 11:15:00+09:00,112.816,112.846,112.785,112.789
2026-08-19 11:20:00+09:00,112.789,112.809,112.78,112.792
2026-08-19 11:25:00+09:00,112.792,112.806,112.782,112.792
2026-08-19 11:30:00+09:00,112.792,112.797,112.781,112.785
2026-08-19 11:35:00+09:00,112.786,112.797,112.772,112.787
2026-08-19 11:40:00+09:00,112.787,112.816,112.779,112.815
2026-08-19 11:45:00+09:00,112.815,112.874,112.805,112.85
2026-08-19 11:50:00+09:00,112.85,112.851,112.798,112.825
2026-08-19 11:55:00+09:00,112.824,112.827,112.808,112.815
2026-08-19 12:00:00+09:00,112.815,112.818,112.788,112.797
2026-08-19 12:05:00+09:00,112.797,112.797,112.771,112.781
2026-08-19 12:10:00+09:00,112.781,112.803,112.781,112.8
2026-08-19 12:15:00+09:00,112.8,112.804,112.791,112.798
2026-08-19 12:20:00+09:00,112.798,112.805,112.784,112.784
2026-08-19 12:25:00+09:00,112.784,112.79,112.772,112.785
2026-08-19 12:30:00+09:00,112.785,112.817,112.782,112.793
2026-08-19 12:35:00+09:00,112.793,112.829,112.791,112.819
2026-08-19 12:40:00+09:00,112.819,112.82,112.784,112.784
2026-08-19 12:45:00+09:00,112.784,112.793,112.775,112.79
2026-08-19 12:50:00+09:00,112.79,112.793,112.777,112.777
2026-08-19 12:55:00+09:00,112.777,112.78,112.762,112.763
2026-08-19 13:00:00+09:00,112.763,112.777,112.739,112.75
2026-08-19 13:05:00+09:00,112.75,112.756,112.737,112.739
2026-08-19 13:10:00+09:00,112.739,112.753,112.727,112.744
2026-08-19 13:15:00+09:00,112.744,112.755,112.732,112.749
2026-08-19 13:20:00+09:00,112.749,112.749,112.695,112.707
2026-08-19 13:25:00+09:00,112.707,112.719,112.693,112.697
2026-08-19 13:30:00+09:00,112.697,112.701,112.642,112.655
2026-08-19 13:35:00+09:00,112.655,112.684,112.655,112.669
2026-08-19 13:40:00+09:00,112.669,112.671,112.658,112.659
2026-08-19 13:45:00+09:00,112.659,112.66,112.608,112.61
2026-08-19 13:50:00+09:00,112.609,112.61,112.597,112.602
2026-08-19 13:55:00+09:00,112.602,112.702,112.602,112.696
2026-08-19 14:00:00+09:00,112.696,112.706,112.665,112.682
2026-08-19 14:05:00+09:00,112.682,112.684,112.633,112.636
2026-08-19 14:10:00+09:00,112.636,112.652,112.614,112.617
2026-08-19 14:15:00+09:00,112.617,112.62,112.575,112.588
2026-08-19 14:20:00+09:00,112.588,112.603,112.575,112.584
2026-08-19 14:25:00+09:00,112.584,112.635,112.583,112.63
2026-08-19 14:30:00+09:00,112.63,112.631,112.584,112.59
2026-08-19 14:35:00+09:00,112.59,112.6,112.56,112.586
2026-08-19 14:40:00+09:00,112.586,112.589,112.564,112.583
2026-08-19 14:45:00+09:00,112.583,112.599,112.572,112.598
2026-08-19 14:50:00+09:00,112.598,112.622,112.594,112.604
2026-08-19 14:55:00+09:00,112.604,112.623,112.596,112.611
2026-08-19 15:00:00+09:00,112.611,112.62,112.585,112.611
2026-08-19 15:05:00+09:00,112.611,112.617,112.56,112.564
2026-08-19 15:10:00+09:00,112.564,112.566,112.537,112.544
2026-08-19 15:15:00+09:00,112.545,112.642,112.54,112.626
2026-08-19 15:20:00+09:00,112.626,112.649,112.613,112.646
2026-08-19 15:25:00+09:00,112.646,112.669,112.627,112.636
2026-08-19 15:30:00+09:00,112.635,112.639,112.58,112.581
2026-08-19 15:35:00+09:00,112.581,112.608,112.569,112.606
2026-08-19 15:40:00+09:00,112.606,112.62,112.585,112.62
2026-08-19 15:45:00+09:00,112.62,112.638,112.586,112.609
2026-08-19 15:50:00+09:00,112.609,112.65,112.599,112.645
2026-08-19 15:55:00+09:00,112.644,112.664,112.632,112.656
2026-08-19 16:00:00+09:00,112.655,112.704,112.652,112.657
2026-08-19 16:05:00+09:00,112.657,112.661,112.617,112.63
2026-08-19 16:10:00+09:00,112.63,112.644,112.598,112.6
2026-08-19 16:15:00+09:00,112.6,112.615,112.58,112.593
2026-08-19 16:20:00+09:00,112.593,112.596,112.556,112.557
2026-08-19 16:25:00+09:00,112.557,112.567,112.547,112.561
2026-08-19 16:30:00+09:00,112.561,112.579,112.54,112.551
2026-08-19 16:35:00+09:00,112.551,112.561,112.541,112.556
2026-08-19 16:40:00+09:00,112.556,112.564,112.517,112.537
2026-08-19 16:45:00+09:00,112.537,112.564,112.531,112.564
2026-08-19 16:50:00+09:00,112.564,112.569,112.532,112.536
2026-08-19 16:55:00+09:00,112.536,112.56,112.53,112.548
2026-08-19 17:00:00+09:00,112.548,112.561,112.522,112.56
2026-08-19 17:05:00+09:00,112.559,112.612,112.558,112.612
2026-08-19 17:10:00+09:00,112.612,112.65,112.608,112.64
2026-08-19 17:15:00+09:00,112.64,112.65,112.624,112.639
2026-08-19 17:20:00+09:00,112.639,112.645,112.613,112.631
2026-08-19 17:25:00+09:00,112.631,112.641,112.611,112.626
2026-08-19 17:30:00+09:00,112.625,112.629,112.585,112.59
2026-08-19 17:35:00+09:00,112.59,112.626,112.582,112.613
2026-08-19 17:40:00+09:00,112.613,112.636,112.612,112.621
2026-08-19 17:45:00+09:00,112.621,112.635,112.614,112.624
2026-08-19 17:50:00+09:00,112.624,112.653,112.612,112.648
2026-08-19 17:55:00+09:00,112.648,112.659,112.631,112.657
2026-08-19 18:00:00+09:00,112.657,112.712,112.654,112.71
2026-08-19 18:05:00+09:00,112.71,112.73,112.707,112.717
2026-08-19 18:10:00+09:00,112.717,112.756,112.715,112.743
2026-08-19 18:15:00+09:00,112.743,112.754,112.719,112.725
2026-08-19 18:20:00+09:00,112.725,112.73,112.702,112.72
2026-08-19 18:25:00+09:00,112.72,112.74,112.71,112.713
2026-08-19 18:30:00+09:00,112.713,112.713,112.652,112.665
2026-08-19 18:35:00+09:00,112.665,112.696,112.661,112.667
2026-08-19 18:40:00+09:00,112.666,112.674,112.657,112.662
2026-08-19 18:45:00+09:00,112.662,112.681,112.659,112.661
2026-08-19 18:50:00+09:00,112.661,112.662,112.634,112.648
2026-08-19 18:55:00+09:00,112.648,112.656,112.63,112.63
2026-08-19 19:00:00+09:00,112.631,112.631,112.576,112.581
2026-08-19 19:05:00+09:00,112.581,112.612,112.576,112.591
2026-08-19 19:10:00+09:00,112.592,112.615,112.59,112.615
2026-08-19 19:15:00+09:00,112.615,112.616,112.593,112.598
2026-08-19 19:20:00+09:00,112.598,112.603,112.561,112.581
2026-08-19 19:25:00+09:00,112.58,112.605,112.557,112.599
2026-08-19 19:30:00+09:00,112.599,112.606,112.571,112.596
2026-08-19 19:35:00+09:00,112.596,112.621,112.594,112.608
2026-08-19 19:40:00+09:00,112.608,112.617,112.595,112.606
2026-08-19 19:45:00+09:00,112.606,112.611,112.592,112.6
2026-08-19 19:50:00+09:00,112.6,112.605,112.578,112.586
2026-08-19 19:55:00+09:00,112.586,112.599,112.581,112.586
2026-08-19 20:00:00+09:00,112.587,112.605,112.58,112.581
2026-08-19 20:05:00+09:00,112.581,112.606,112.577,112.585
2026-08-19 20:10:00+09:00,112.585,112.621,112.583,112.615
2026-08-19 20:15:00+09:00,112.615,112.618,112.56,112.561
2026-08-19 20:20:00+09:00,112.561,112.579,112.56,112.579
2026-08-19 20:25:00+09:00,112.58,112.583,112.556,112.558
2026-08-19 20:30:00+09:00,112.558,112.57,112.543,112.562
2026-08-19 20:35:00+09:00,112.562,112.58,112.546,112.578
2026-08-19 20:40:00+09:00,112.578,112.588,112.544,112.547
2026-08-19 20:45:00+09:00,112.547,112.571,112.531,112.562
2026-08-19 20:50:00+09:00,112.562,112.567,112.546,112.565
2026-08-19 20:55:00+09:00,112.565,112.587,112.551,112.581
2026-08-19 21:00:00+09:00,112.581,112.585,112.547,112.555
2026-08-19 21:05:00+09:00,112.554,112.585,112.552,112.574
2026-08-19 21:10:00+09:00,112.573,112.613,112.573,112.613
2026-08-19 21:15:00+09:00,112.613,112.624,112.6,112.604
2026-08-19 21:20:00+09:00,112.604,112.628,112.564,112.604
2026-08-19 21:25:00+09:00,112.603,112.618,112.582,112.609
2026-08-19 21:30:00+09:00,112.609,112.614,112.497,112.535
2026-08-19 21:35:00+09:00,112.535,112.586,112.236,112.282
2026-08-19 21:40:00+09:00,112.281,112.45,112.273,112.426
2026-08-19 21:45:00+09:00,112.426,112.529,112.397,112.487
2026-08-19 21:50:00+09:00,112.487,112.531,112.482,112.52
2026-08-19 21:55:00+09:00,112.52,112.597,112.509,112.594
2026-08-19 22:00:00+09:00,112.595,112.686,112.58,112.668
2026-08-19 22:05:00+09:00,112.668,112.719,112.658,112.702
2026-08-19 22:10:00+09:00,112.701,112.797,112.693,112.768
2026-08-19 22:15:00+09:00,112.768,112.77,112.72,112.724
2026-08-19 22:20:00+09:00,112.724,112.783,112.724,112.783
2026-08-19 22:25:00+09:00,112.783,112.82,112.773,112.802
2026-08-19 22:30:00+09:00,112.801,112.859,112.786,112.854
2026-08-19 22:35:00+09:00,112.854,112.86,112.761,112.793
2026-08-19 22:40:00+09:00,112.793,112.878,112.785,112.874
2026-08-19 22:45:00+09:00,112.874,112.893,112.808,112.812
2026-08-19 22:50:00+09:00,112.812,112.83,112.78,112.804
2026-08-19 22:55:00+09:00,112.804,112.813,112.777,112.789
2026-08-19 23:00:00+09:00,112.789,112.814,112.768,112.813
2026-08-19 23:05:00+09:00,112.813,112.847,112.798,112.829
2026-08-19 23:10:00+09:00,112.829,112.847,112.771,112.772
2026-08-19 23:15:00+09:00,112.772,112.776,112.722,112.722
2026-08-19 23:20:00+09:00,112.721,112.732,112.693,112.725
2026-08-19 23:25:00+09:00,112.725,112.799,112.724,112.793
2026-08-19 23:30:00+09:00,112.792,112.793,112.663,112.672
2026-08-19 23:35:00+09:00,112.674,112.689,112.642,112.674
2026-08-19 23:40:00+09:00,112.675,112.738,112.673,112.737
2026-08-19 23:45:00+09:00,112.738,112.746,112.692,112.705
2026-08-19 23:50:00+09:00,112.705,112.762,112.693,112.747
2026-08-19 23:55:00+09:00,112.747,112.794,112.725,112.75
2026-08-20 00:00:00+09:00,112.75,112.805,112.744,112.799
2026-08-20 00:05:00+09:00,112.799,112.859,112.795,112.849
2026-08-20 00:10:00+09:00,112.849,112.885,112.825,112.847
2026-08-20 00:15:00+09:00,112.844,112.873,112.832,112.867
2026-08-20 00:20:00+09:00,112.867,112.889,112.838,112.839
2026-08-20 00:25:00+09:00,112.839,112.892,112.828,112.89
2026-08-20 00:30:00+09:00,112.89,112.904,112.864,112.883
2026-08-20 00:35:00+09:00,112.882,112.901,112.873,112.897
2026-08-20 00:40:00+09:00,112.896,112.896,112.857,112.868
2026-08-20 00:45:00+09:00,112.868,112.873,112.847,112.847
2026-08-20 00:50:00+09:00,112.847,112.849,112.818,112.819
2026-08-20 00:55:00+09:00,112.819,112.862,112.817,112.852
2026-08-20 01:00:00+09:00,112.852,112.892,112.847,112.855
2026-08-20 01:05:00+09:00,112.856,112.907,112.855,112.896
2026-08-20 01:10:00+09:00,112.896,112.909,112.885,112.898
2026-08-20 01:15:00+09:00,112.898,112.901,112.887,112.897
2026-08-20 01:20:00+09:00,112.897,112.91,112.873,112.878
2026-08-20 01:25:00+09:00,112.878,112.881,112.852,112.856
2026-08-20 01:30:00+09:00,112.856,112.868,112.842,112.86
2026-08-20 01:35:00+09:00,112.86,112.871,112.853,112.866
2026-08-20 01:40:00+09:00,112.866,112.873,112.847,112.851
2026-08-20 01:45:00+09:00,112.85,112.854,112.828,112.83
2026-08-20 01:50:00+09:00,112.83,112.831,112.807,112.814
2026-08-20 01:55:00+09:00,112.814,112.826,112.802,112.821
2026-08-20 02:00:00+09:00,112.821,112.855,112.821,112.844
2026-08-20 02:05:00+09:00,112.844,112.847,112.831,112.84
2026-08-20 02:10:00+09:00,112.84,112.855,112.836,112.843
2026-08-20 02:15:00+09:00,112.843,112.846,112.792,112.795
2026-08-20 02:20:00+09:00,112.795,112.818,112.794,112.818
2026-08-20 02:25:00+09:00,112.818,112.825,112.81,112.825
2026-08-20 02:30:00+09:00,112.825,112.829,112.813,112.824
2026-08-20 02:35:00+09:00,112.824,112.849,112.823,112.835
2026-08-20 02:40:00+09:00,112.835,112.836,112.816,112.824
2026-08-20 02:45:00+09:00,112.824,112.842,112.796,112.819
2026-08-20 02:50:00+09:00,112.819,112.846,112.812,112.834
2026-08-20 02:55:00+09:00,112.834,112.838,112.811,112.818
2026-08-20 03:00:00+09:00,112.82,112.837,112.789,112.799
2026-08-20 03:05:00+09:00,112.801,112.803,112.756,112.76
2026-08-20 03:10:00+09:00,112.76,112.764,112.74,112.752
2026-08-20 03:15:00+09:00,112.752,112.766,112.74,112.742
2026-08-20 03:20:00+09:00,112.743,112.755,112.732,112.743
2026-08-20 03:25:00+09:00,112.743,112.748,112.726,112.745
2026-08-20 03:30:00+09:00,112.743,112.757,112.741,112.751
2026-08-20 03:35:00+09:00,112.751,112.752,112.715,112.725
2026-08-20 03:40:00+09:00,112.725,112.732,112.698,112.732
2026-08-20 03:45:00+09:00,112.732,112.743,112.711,112.725
2026-08-20 03:50:00+09:00,112.725,112.753,112.725,112.75
2026-08-20 03:55:00+09:00,112.751,112.769,112.74,112.764
2026-08-20 04:00:00+09:00,112.764,112.805,112.764,112.777
2026-08-20 04:05:00+09:00,112.777,112.786,112.763,112.778
2026-08-20 04:10:00+09:00,112.778,112.798,112.76,112.762
2026-08-20 04:15:00+09:00,112.761,112.776,112.75,112.751
2026-08-20 04:20:00+09:00,112.752,112.76,112.742,112.745
2026-08-20 04:25:00+09:00,112.745,112.748,112.69,112.701
2026-08-20 04:30:00+09:00,112.699,112.731,112.694,112.726
2026-08-20 04:35:00+09:00,112.726,112.748,112.718,112.731
2026-08-20 04:40:00+09:00,112.731,112.772,112.725,112.771
2026-08-20 04:45:00+09:00,112.771,112.775,112.757,112.77
2026-08-20 04:50:00+09:00,112.77,112.774,112.742,112.743
2026-08-20 04:55:00+09:00,112.743,112.743,112.629,112.671
2026-08-20 05:00:00+09:00,112.671,112.674,112.643,112.659
2026-08-20 05:05:00+09:00,112.66,112.679,112.659,112.663
2026-08-20 05:10:00+09:00,112.663,112.676,112.653,112.657
2026-08-20 05:15:00+09:00,112.657,112.672,112.655,112.669
2026-08-20 05:20:00+09:00,112.669,112.683,112.667,112.682
2026-08-20 05:25:00+09:00,112.682,112.707,112.68,112.701
2026-08-20 05:30:00+09:00,112.701,112.714,112.701,112.708
2026-08-20 05:35:00+09:00,112.708,112.711,112.686,112.7
2026-08-20 05:40:00+09:00,112.7,112.705,112.681,112.688
2026-08-20 05:45:00+09:00,112.688,112.731,112.687,112.717
2026-08-20 05:50:00+09:00,112.717,112.734,112.717,112.732
2026-08-20 05:55:00+09:00,112.732,112.741,112.712,112.733
2026-08-20 06:00:00+09:00,112.733,112.733,112.707,112.709
2026-08-20 06:05:00+09:00,112.709,112.715,112.649,112.67
2026-08-20 06:10:00+09:00,112.67,112.69,112.652,112.687
2026-08-20 06:15:00+09:00,112.687,112.698,112.678,112.678
2026-08-20 06:20:00+09:00,112.678,112.678,112.65,112.654
2026-08-20 06:25:00+09:00,112.654,112.664,112.65,112.662
2026-08-20 06:30:00+09:00,112.662,112.671,112.652,112.669
2026-08-20 06:35:00+09:00,112.669,112.679,112.665,112.668
2026-08-20 06:40:00+09:00,112.668,112.691,112.667,112.691
2026-08-20 06:45:00+09:00,112.691,112.702,112.673,112.701
2026-08-20 06:50:00+09:00,112.701,112.713,112.688,112.689
2026-08-20 06:55:00+09:00,112.689,112.691,112.652,112.666
2026-08-20 07:00:00+09:00,112.666,112.698,112.634,112.648
2026-08-20 07:05:00+09:00,112.648,112.667,112.638,112.667
2026-08-20 07:10:00+09:00,112.667,112.667,112.636,112.645
2026-08-20 07:15:00+09:00,112.646,112.658,112.631,112.656
2026-08-20 07:20:00+09:00,112.656,112.656,112.642,112.651
2026-08-20 07:25:00+09:00,112.651,112.665,112.651,112.665
2026-08-20 07:30:00+09:00,112.665,112.694,112.665,112.683
2026-08-20 07:35:00+09:00,112.683,112.699,112.682,112.698
2026-08-20 07:40:00+09:00,112.698,112.722,112.695,112.709
2026-08-20 07:45:00+09:00,112.709,112.72,112.705,112.72
2026-08-20 07:50:00+09:00,112.72,112.745,112.718,112.742
2026-08-20 07:55:00+09:00,112.742,112.746,112.722,112.731
2026-08-20 08:00:00+09:00,112.731,112.776,112.727,112.776
2026-08-20 08:05:00+09:00,112.776,112.791,112.763,112.787
2026-08-20 08:10:00+09:00,112.787,112.789,112.768,112.777
2026-08-20 08:15:00+09:00,112.776,112.783,112.757,112.76
2026-08-20 08:20:00+09:00,112.76,112.767,112.745,112.749
2026-08-20 08:25:00+09:00,112.749,112.773,112.748,112.761
2026-08-20 08:30:00+09:00,112.761,112.766,112.753,112.759
2026-08-20 08:35:00+09:00,112.76,112.766,112.725,112.734
2026-08-20 08:40:00+09:00,112.734,112.752,112.732,112.752
2026-08-20 08:45:00+09:00,112.752,112.757,112.735,112.749
2026-08-20 08:50:00+09:00,112.749,112.757,112.735,112.737
2026-08-20 08:55:00+09:00,112.737,112.754,112.726,112.747
2026-08-20 09:00:00+09:00,112.747,112.762,112.706,112.733
2026-08-20 09:05:00+09:00,112.732,112.784,112.732,112.778
2026-08-20 09:10:00+09:00,112.778,112.816,112.773,112.815
2026-08-20 09:15:00+09:00,112.813,112.819,112.772,112.787
2026-08-20 09:20:00+09:00,112.787,112.817,112.771,112.813
2026-08-20 09:25:00+09:00,112.813,112.823,112.783,112.799
2026-08-20 09:30:00+09:00,112.799,112.799,112.765,112.786
2026-08-20 09:35:00+09:00,112.786,112.793,112.774,112.787
2026-08-20 09:40:00+09:00,112.787,112.795,112.775,112.795
2026-08-20 09:45:00+09:00,112.795,112.797,112.749,112.758
2026-08-20 09:50:00+09:00,112.758,112.769,112.735,112.752
2026-08-20 09:55:00+09:00,112.754,112.756,112.7,112.736
2026-08-20 10:00:00+09:00,112.737,112.774,112.732,112.754
2026-08-20 10:05:00+09:00,112.755,112.785,112.747,112.784
2026-08-20 10:10:00+09:00,112.784,112.811,112.773,112.793
2026-08-20 10:15:00+09:00,112.793,112.843,112.789,112.831
2026-08-20 10:20:00+09:00,112.831,112.838,112.797,112.8
2026-08-20 10:25:00+09:00,112.799,112.862,112.791,112.853
2026-08-20 10:30:00+09:00,112.853,112.853,112.534,112.587
2026-08-20 10:35:00+09:00,112.587,112.698,112.587,112.676
2026-08-20 10:40:00+09:00,112.676,112.792,112.67,112.743
2026-08-20 10:45:00+09:00,112.743,112.785,112.703,112.769
2026-08-20 10:50:00+09:00,112.769,112.774,112.699,112.734
2026-08-20 10:55:00+09:00,112.732,112.801,112.726,112.801
2026-08-20 11:00:00+09:00,112.8,112.804,112.711,112.801
2026-08-20 11:05:00+09:00,112.802,112.82,112.777,112.778
2026-08-20 11:10:00+09:00,112.778,112.796,112.74,112.747
2026-08-20 11:15:00+09:00,112.747,112.749,112.72,112.737
2026-08-20 11:20:00+09:00,112.737,112.746,112.694,112.724
2026-08-20 11:25:00+09:00,112.727,112.734,112.694,112.701
2026-08-20 11:30:00+09:00,112.701,112.702,112.664,112.685
2026-08-20 11:35:00+09:00,112.685,112.699,112.679,112.698
2026-08-20 11:40:00+09:00,112.698,112.702,112.675,112.7
2026-08-20 11:45:00+09:00,112.7,112.701,112.673,112.69
2026-08-20 11:50:00+09:00,112.69,112.748,112.688,112.744
2026-08-20 11:55:00+09:00,112.743,112.745,112.721,112.721
2026-08-20 12:00:00+09:00,112.721,112.74,112.71,112.719
2026-08-20 12:05:00+09:00,112.719,112.762,112.719,112.74
2026-08-20 12:10:00+09:00,112.74,112.74,112.706,112.72
2026-08-20 12:15:00+09:00,112.72,112.733,112.712,112.723
2026-08-20 12:20:00+09:00,112.723,112.752,112.72,112.748
2026-08-20 12:25:00+09:00,112.748,112.781,112.746,112.766
2026-08-20 12:30:00+09:00,112.766,112.767,112.747,112.767
2026-08-20 12:35:00+09:00,112.766,112.782,112.762,112.769
2026-08-20 12:40:00+09:00,112.769,112.78,112.751,112.777
2026-08-20 12:45:00+09:00,112.777,112.802,112.771,112.801
2026-08-20 12:50:00+09:00,112.801,112.819,112.787,112.795
2026-08-20 12:55:00+09:00,112.795,112.808,112.792,112.799
2026-08-20 13:00:00+09:00,112.799,112.808,112.794,112.803
2026-08-20 13:05:00+09:00,112.803,112.853,112.802,112.853
2026-08-20 13:10:00+09:00,112.853,112.864,112.843,112.855
2026-08-20 13:15:00+09:00,112.855,112.86,112.842,112.849
2026-08-20 13:20:00+09:00,112.849,112.854,112.826,112.831
2026-08-20 13:25:00+09:00,112.831,112.842,112.821,112.833
2026-08-20 13:30:00+09:00,112.833,112.846,112.818,112.839
2026-08-20 13:35:00+09:00,112.839,112.848,112.817,112.835
2026-08-20 13:40:00+09:00,112.836,112.84,112.827,112.828
2026-08-20 13:45:00+09:00,112.828,112.84,112.816,112.823
2026-08-20 13:50:00+09:00,112.823,112.857,112.807,112.847
2026-08-20 13:55:00+09:00,112.847,112.855,112.774,112.811
2026-08-20 14:00:00+09:00,112.811,112.824,112.801,112.818
2026-08-20 14:05:00+09:00,112.818,112.847,112.816,112.84
2026-08-20 14:10:00+09:00,112.84,112.846,112.81,112.821
2026-08-20 14:15:00+09:00,112.821,112.843,112.813,112.82
2026-08-20 14:20:00+09:00,112.82,112.877,112.815,112.874
2026-08-20 14:25:00+09:00,112.874,112.898,112.872,112.876
2026-08-20 14:30:00+09:00,112.876,112.91,112.872,112.898
2026-08-20 14:35:00+09:00,112.898,112.905,112.874,112.878
2026-08-20 14:40:00+09:00,112.878,112.907,112.869,112.903
2026-08-20 14:45:00+09:00,112.903,112.923,112.892,112.905
2026-08-20 14:50:00+09:00,112.905,112.912,112.853,112.86
2026-08-20 14:55:00+09:00,112.86,112.885,112.853,112.871
2026-08-20 15:00:00+09:00,112.871,112.889,112.855,112.884
2026-08-20 15:05:00+09:00,112.884,112.907,112.878,112.881
2026-08-20 15:10:00+09:00,112.881,112.883,112.839,112.852
2026-08-20 15:15:00+09:00,112.852,112.852,112.814,112.816
2026-08-20 15:20:00+09:00,112.816,112.818,112.771,112.79
2026-08-20 15:25:00+09:00,112.79,112.835,112.79,112.816
2026-08-20 15:30:00+09:00,112.816,112.837,112.81,112.834
2026-08-20 15:35:00+09:00,112.834,112.843,112.805,112.817
2026-08-20 15:40:00+09:00,112.816,112.836,112.812,112.816
2026-08-20 15:45:00+09:00,112.816,112.849,112.813,112.845
2026-08-20 15:50:00+09:00,112.845,112.852,112.817,112.833
2026-08-20 15:55:00+09:00,112.833,112.844,112.797,112.801
2026-08-20 16:00:00+09:00,112.801,112.801,112.76,112.776
2026-08-20 16:05:00+09:00,112.776,112.803,112.748,112.797
2026-08-20 16:10:00+09:00,112.797,112.809,112.778,112.797
2026-08-20 16:15:00+09:00,112.797,112.821,112.788,112.813
2026-08-20 16:20:00+09:00,112.813,112.845,112.808,112.837
2026-08-20 16:25:00+09:00,112.836,112.878,112.832,112.876
2026-08-20 16:30:00+09:00,112.876,112.899,112.856,112.856
2026-08-20 16:35:00+09:00,112.856,112.876,112.84,112.866
2026-08-20 16:40:00+09:00,112.866,112.879,112.857,112.868
2026-08-20 16:45:00+09:00,112.868,112.873,112.852,112.867
2026-08-20 16:50:00+09:00,112.867,112.875,112.849,112.873
2026-08-20 16:55:00+09:00,112.873,112.902,112.865,112.869
2026-08-20 17:00:00+09:00,112.869,112.904,112.86,112.878
2026-08-20 17:05:00+09:00,112.878,112.892,112.851,112.871
2026-08-20 17:10:00+09:00,112.871,112.881,112.865,112.875
2026-08-20 17:15:00+09:00,112.875,112.896,112.861,112.883
2026-08-20 17:20:00+09:00,112.883,112.897,112.875,112.892
2026-08-20 17:25:00+09:00,112.892,112.924,112.891,112.922
2026-08-20 17:30:00+09:00,112.922,112.924,112.882,112.888
2026-08-20 17:35:00+09:00,112.888,112.918,112.886,112.918
2026-08-20 17:40:00+09:00,112.918,112.962,112.918,112.936
2026-08-20 17:45:00+09:00,112.936,112.939,112.91,112.915
2026-08-20 17:50:00+09:00,112.915,112.958,112.915,112.926
2026-08-20 17:55:00+09:00,112.926,112.934,112.91,112.916
2026-08-20 18:00:00+09:00,112.916,112.919,112.881,112.889
2026-08-20 18:05:00+09:00,112.889,112.909,112.877,112.902
2026-08-20 18:10:00+09:00,112.902,112.93,112.896,112.916
2026-08-20 18:15:00+09:00,112.916,112.916,112.84,112.85
2026-08-20 18:20:00+09:00,112.85,112.866,112.826,112.844
2026-08-20 18:25:00+09:00,112.845,112.884,112.841,112.878
2026-08-20 18:30:00+09:00,112.878,112.883,112.831,112.844
2026-08-20 18:35:00+09:00,112.845,112.856,112.817,112.833
2026-08-20 18:40:00+09:00,112.833,112.857,112.83,112.837
2026-08-20 18:45:00+09:00,112.837,112.859,112.832,112.856
2026-08-20 18:50:00+09:00,112.856,112.865,112.845,112.862
2026-08-20 18:55:00+09:00,112.862,112.889,112.858,112.878
2026-08-20 19:00:00+09:00,112.879,112.885,112.856,112.863
2026-08-20 19:05:00+09:00,112.863,112.863,112.828,112.853
2026-08-20 19:10:00+09:00,112.852,112.882,112.841,112.859
2026-08-20 19:15:00+09:00,112.859,112.872,112.854,112.86
2026-08-20 19:20:00+09:00,112.86,112.863,112.843,112.849
2026-08-20 19:25:00+09:00,112.849,112.885,112.849,112.881
2026-08-20 19:30:00+09:00,112.881,112.898,112.878,112.894
2026-08-20 19:35:00+09:00,112.894,112.899,112.861,112.862
2026-08-20 19:40:00+09:00,112.862,112.882,112.861,112.876
2026-08-20 19:45:00+09:00,112.876,112.901,112.87,112.895
2026-08-20 19:50:00+09:00,112.895,112.897,112.863,112.877
2026-08-20 19:55:00+09:00,112.877,112.898,112.87,112.888
2026-08-20 20:00:00+09:00,112.889,112.939,112.889,112.934
2026-08-20 20:05:00+09:00,112.935,112.946,112.874,112.882
2026-08-20 20:10:00+09:00,112.882,112.894,112.869,112.883
2026-08-20 20:15:00+09:00,112.883,112.905,112.873,112.894
2026-08-20 20:20:00+09:00,112.894,112.894,112.876,112.886
2026-08-20 20:25:00+09:00,112.887,112.902,112.862,112.864
2026-08-20 20:30:00+09:00,112.864,112.891,112.849,112.883
2026-08-20 20:35:00+09:00,112.883,112.897,112.876,112.879
2026-08-20 20:40:00+09:00,112.879,112.891,112.856,112.868
2026-08-20 20:45:00+09:00,112.868,112.886,112.833,112.836
2026-08-20 20:50:00+09:00,112.836,112.844,112.819,112.832
2026-08-20 20:55:00+09:00,112.832,112.835,112.792,112.796
2026-08-20 21:00:00+09:00,112.796,112.833,112.791,112.803
2026-08-20 21:05:00+09:00,112.802,112.823,112.785,112.821
2026-08-20 21:10:00+09:00,112.822,112.844,112.801,112.803
2026-08-20 21:15:00+09:00,112.803,112.805,112.752,112.765
2026-08-20 21:20:00+09:00,112.765,112.817,112.764,112.811
2026-08-20 21:25:00+09:00,112.811,112.813,112.776,112.813
2026-08-20 21:30:00+09:00,112.813,112.865,112.804,112.852
2026-08-20 21:35:00+09:00,112.852,112.862,112.834,112.854
2026-08-20 21:40:00+09:00,112.854,112.874,112.847,112.861
2026-08-20 21:45:00+09:00,112.861,112.907,112.846,112.881
2026-08-20 21:50:00+09:00,112.882,112.911,112.878,112.898
2026-08-20 21:55:00+09:00,112.898,112.912,112.885,112.907
2026-08-20 22:00:00+09:00,112.906,112.928,112.901,112.916
2026-08-20 22:05:00+09:00,112.916,112.941,112.909,112.914
2026-08-20 22:10:00+09:00,112.914,112.947,112.912,112.938
2026-08-20 22:15:00+09:00,112.938,112.956,112.926,112.936
2026-08-20 22:20:00+09:00,112.936,112.94,112.915,112.934
2026-08-20 22:25:00+09:00,112.934,112.975,112.933,112.96
2026-08-20 22:30:00+09:00,112.96,113.022,112.96,113.015
2026-08-20 22:35:00+09:00,113.015,113.015,112.96,113.002
2026-08-20 22:40:00+09:00,113.002,113.042,112.995,113.033
2026-08-20 22:45:00+09:00,113.033,113.044,113.007,113.038
2026-08-20 22:50:00+09:00,113.039,113.041,112.98,112.993
2026-08-20 22:55:00+09:00,112.993,113.036,112.992,113.033
2026-08-20 23:00:00+09:00,113.033,113.082,113.033,113.054
2026-08-20 23:05:00+09:00,113.054,113.095,113.049,113.095
2026-08-20 23:10:00+09:00,113.095,113.108,113.065,113.066
2026-08-20 23:15:00+09:00,113.066,113.076,113.017,113.043
2026-08-20 23:20:00+09:00,113.043,113.07,113.03,113.048
2026-08-20 23:25:00+09:00,113.048,113.061,113.026,113.049
2026-08-20 23:30:00+09:00,113.049,113.08,113.049,113.061
2026-08-20 23:35:00+09:00,113.061,113.084,113.043,113.083
2026-08-20 23:40:00+09:00,113.083,113.119,113.075,113.081
2026-08-20 23:45:00+09:00,113.081,113.103,113.069,113.084
2026-08-20 23:50:00+09:00,113.084,113.092,113.055,113.083
2026-08-20 23:55:00+09:00,113.083,113.085,113.033,113.035
2026-08-21 00:00:00+09:00,113.034,113.133,113.017,113.127
2026-08-21 00:05:00+09:00,113.126,113.132,112.995,113.072
2026-08-21 00:10:00+09:00,113.073,113.097,113.063,113.066
2026-08-21 00:15:00+09:00,113.066,113.104,113.064,113.1
2026-08-21 00:20:00+09:00,113.099,113.105,113.079,113.086
2026-08-21 00:25:00+09:00,113.085,113.157,113.084,113.152
2026-08-21 00:30:00+09:00,113.153,113.158,113.118,113.121
2026-08-21 00:35:00+09:00,113.121,113.137,113.103,113.109
2026-08-21 00:40:00+09:00,113.109,113.112,113.083,113.107
2026-08-21 00:45:00+09:00,113.107,113.118,113.087,113.117
2026-08-21 00:50:00+09:00,113.116,113.127,113.1,113.115
2026-08-21 00:55:00+09:00,113.114,113.126,113.092,113.099
2026-08-21 01:00:00+09:00,113.099,113.106,113.083,113.09
2026-08-21 01:05:00+09:00,113.09,113.114,113.082,113.114
2026-08-21 01:10:00+09:00,113.114,113.124,113.104,113.115
2026-08-21 01:15:00+09:00,113.115,113.129,113.104,113.124
2026-08-21 01:20:00+09:00,113.124,113.152,113.12,113.146
2026-08-21 01:25:00+09:00,113.146,113.171,113.128,113.165
2026-08-21 01:30:00+09:00,113.165,113.167,113.136,113.138
2026-08-21 01:35:00+09:00,113.138,113.138,113.114,113.123
2026-08-21 01:40:00+09:00,113.123,113.131,113.112,113.117
2026-08-21 01:45:00+09:00,113.117,113.135,113.105,113.105
2026-08-21 01:50:00+09:00,113.105,113.107,113.091,113.105
2026-08-21 01:55:00+09:00,113.104,113.114,113.094,113.097
2026-08-21 02:00:00+09:00,113.097,113.099,113.077,113.086
2026-08-21 02:05:00+09:00,113.086,113.086,113.065,113.068
2026-08-21 02:10:00+09:00,113.068,113.091,113.063,113.089
2026-08-21 02:15:00+09:00,113.089,113.099,113.077,113.095
2026-08-21 02:20:00+09:00,113.095,113.117,113.092,113.106
2026-08-21 02:25:00+09:00,113.106,113.118,113.104,113.104
2026-08-21 02:30:00+09:00,113.105,113.141,113.105,113.136
2026-08-21 02:35:00+09:00,113.136,113.136,113.113,113.125
2026-08-21 02:40:00+09:00,113.124,113.139,113.123,113.13
2026-08-21 02:45:00+09:00,113.13,113.137,113.126,113.128
2026-08-21 02:50:00+09:00,113.128,113.135,113.119,113.123
2026-08-21 02:55:00+09:00,113.123,113.145,113.122,113.131
2026-08-21 03:00:00+09:00,113.131,113.131,113.108,113.108
2026-08-21 03:05:00+09:00,113.108,113.117,113.095,113.101
2026-08-21 03:10:00+09:00,113.101,113.125,113.094,113.11
2026-08-21 03:15:00+09:00,113.11,113.119,113.095,113.113
2026-08-21 03:20:00+09:00,113.113,113.127,113.109,113.123
2026-08-21 03:25:00+09:00,113.123,113.133,113.111,113.132
2026-08-21 03:30:00+09:00,113.132,113.139,113.117,113.118
2026-08-21 03:35:00+09:00,113.118,113.145,113.116,113.139
2026-08-21 03:40:00+09:00,113.139,113.146,113.133,113.138
2026-08-21 03:45:00+09:00,113.138,113.162,113.137,113.16
2026-08-21 03:50:00+09:00,113.16,113.167,113.143,113.154
2026-08-21 03:55:00+09:00,113.154,113.178,113.152,113.17
2026-08-21 04:00:00+09:00,113.17,113.183,113.154,113.163
2026-08-21 04:05:00+09:00,113.163,113.171,113.158,113.166
2026-08-21 04:10:00+09:00,113.166,113.168,113.159,113.166
2026-08-21 04:15:00+09:00,113.166,113.172,113.157,113.158
2026-08-21 04:20:00+09:00,113.158,113.165,113.152,113.165
2026-08-21 04:25:00+09:00,113.165,113.181,113.164,113.181
2026-08-21 04:30:00+09:00,113.181,113.185,113.143,113.144
2026-08-21 04:35:00+09:00,113.144,113.167,113.138,113.166
2026-08-21 04:40:00+09:00,113.166,113.172,113.162,113.165
2026-08-21 04:45:00+09:00,113.165,113.187,113.162,113.184
2026-08-21 04:50:00+09:00,113.184,113.194,113.178,113.184
2026-08-21 04:55:00+09:00,113.184,113.191,113.173,113.178
2026-08-21 05:00:00+09:00,113.178,113.194,113.169,113.175
2026-08-21 05:05:00+09:00,113.175,113.184,113.171,113.176
2026-08-21 05:10:00+09:00,113.176,113.18,113.168,113.177
2026-08-21 05:15:00+09:00,113.177,113.182,113.172,113.179
2026-08-21 05:20:00+09:00,113.179,113.188,113.176,113.186
2026-08-21 05:25:00+09:00,113.186,113.187,113.171,113.172
2026-08-21 05:30:00+09:00,113.172,113.176,113.162,113.165
2026-08-21 05:35:00+09:00,113.165,113.171,113.161,113.166
2026-08-21 05:40:00+09:00,113.166,113.172,113.164,113.167
2026-08-21 05:45:00+09:00,113.167,113.202,113.166,113.197
2026-08-21 05:50:00+09:00,113.197,113.202,113.189,113.189
2026-08-21 05:55:00+09:00,113.189,113.201,113.173,113.177
2026-08-21 06:00:00+09:00,113.177,113.188,113.169,113.179
2026-08-21 06:05:00+09:00,113.179,113.214,113.169,113.2
2026-08-21 06:10:00+09:00,113.2,113.2,113.16,113.164
2026-08-21 06:15:00+09:00,113.164,113.168,113.145,113.145
2026-08-21 06:20:00+09:00,113.145,113.147,113.13,113.141
2026-08-21 06:25:00+09:00,113.141,113.155,113.135,113.154
2026-08-21 06:30:00+09:00,113.154,113.161,113.145,113.149
2026-08-21 06:35:00+09:00,113.149,113.151,113.125,113.131
2026-08-21 06:40:00+09:00,113.131,113.159,113.119,113.138
2026-08-21 06:45:00+09:00,113.138,113.14,113.125,113.134
2026-08-21 06:50:00+09:00,113.134,113.158,113.128,113.136
2026-08-21 06:55:00+09:00,113.142,113.147,113.121,113.147
2026-08-21 07:00:00+09:00,113.147,113.191,113.142,113.154
2026-08-21 07:05:00+09:00,113.154,113.169,113.15,113.159
2026-08-21 07:10:00+09:00,113.159,113.159,113.137,113.143
2026-08-21 07:15:00+09:00,113.143,113.156,113.143,113.155
2026-08-21 07:20:00+09:00,113.155,113.157,113.144,113.147
2026-08-21 07:25:00+09:00,113.147,113.156,113.118,113.132
2026-08-21 07:30:00+09:00,113.132,113.158,113.131,113.149
2026-08-21 07:35:00+09:00,113.149,113.154,113.145,113.146
2026-08-21 07:40:00+09:00,113.146,113.149,113.132,113.149
2026-08-21 07:45:00+09:00,113.149,113.156,113.143,113.154
2026-08-21 07:50:00+09:00,113.154,113.154,113.129,113.137
2026-08-21 07:55:00+09:00,113.137,113.145,113.123,113.127
2026-08-21 08:00:00+09:00,113.127,113.137,113.112,113.123
2026-08-21 08:05:00+09:00,113.123,113.131,113.115,113.117
2026-08-21 08:10:00+09:00,113.117,113.119,113.096,113.101
2026-08-21 08:15:00+09:00,113.101,113.108,113.089,113.106
2026-08-21 08:20:00+09:00,113.106,113.107,113.098,113.1
2026-08-21 08:25:00+09:00,113.1,113.121,113.092,113.119
2026-08-21 08:30:00+09:00,113.119,113.142,113.096,113.134
2026-08-21 08:35:00+09:00,113.134,113.144,113.129,113.129
2026-08-21 08:40:00+09:00,113.129,113.136,113.105,113.119
2026-08-21 08:45:00+09:00,113.118,113.131,113.111,113.126
2026-08-21 08:50:00+09:00,113.126,113.163,113.124,113.161
2026-08-21 08:55:00+09:00,113.161,113.161,113.132,113.133
2026-08-21 09:00:00+09:00,113.133,113.208,113.113,113.197
2026-08-21 09:05:00+09:00,113.197,113.248,113.197,113.233
2026-08-21 09:10:00+09:00,113.233,113.266,113.229,113.261
2026-08-21 09:15:00+09:00,113.261,113.264,113.226,113.235
2026-08-21 09:20:00+09:00,113.235,113.266,113.227,113.254
2026-08-21 09:25:00+09:00,113.254,113.274,113.25,113.265
2026-08-21 09:30:00+09:00,113.265,113.326,113.257,113.324
2026-08-21 09:35:00+09:00,113.325,113.339,113.303,113.331
2026-08-21 09:40:00+09:00,113.331,113.335,113.311,113.328
2026-08-21 09:45:00+09:00,113.328,113.364,113.324,113.357
2026-08-21 09:50:00+09:00,113.357,113.357,113.304,113.311
2026-08-21 09:55:00+09:00,113.309,113.317,113.289,113.3
2026-08-21 10:00:00+09:00,113.3,113.334,113.291,113.316
2026-08-21 10:05:00+09:00,113.316,113.33,113.303,113.314
2026-08-21 10:10:00+09:00,113.315,113.334,113.306,113.332
2026-08-21 10:15:00+09:00,113.332,113.357,113.325,113.354
2026-08-21 10:20:00+09:00,113.354,113.359,113.307,113.324
2026-08-21 10:25:00+09:00,113.325,113.353,113.306,113.348
2026-08-21 10:30:00+09:00,113.348,113.363,113.331,113.34
2026-08-21 10:35:00+09:00,113.34,113.342,113.302,113.316
2026-08-21 10:40:00+09:00,113.316,113.355,113.312,113.355
2026-08-21 10:45:00+09:00,113.355,113.403,113.338,113.4
2026-08-21 10:50:00+09:00,113.399,113.399,113.373,113.388
2026-08-21 10:55:00+09:00,113.388,113.407,113.382,113.394
2026-08-21 11:00:00+09:00,113.394,113.411,113.385,113.411
2026-08-21 11:05:00+09:00,113.412,113.438,113.4,113.433
2026-08-21 11:10:00+09:00,113.433,113.445,113.421,113.44
2026-08-21 11:15:00+09:00,113.44,113.466,113.44,113.46
2026-08-21 11:20:00+09:00,113.46,113.533,113.456,113.497
2026-08-21 11:25:00+09:00,113.496,113.513,113.481,113.513
2026-08-21 11:30:00+09:00,113.513,113.519,113.46,113.461
2026-08-21 11:35:00+09:00,113.461,113.476,113.447,113.448
2026-08-21 11:40:00+09:00,113.448,113.472,113.431,113.465
2026-08-21 11:45:00+09:00,113.465,113.488,113.452,113.486
2026-08-21 11:50:00+09:00,113.486,113.53,113.482,113.522
2026-08-21 11:55:00+09:00,113.522,113.537,113.488,113.497
2026-08-21 12:00:00+09:00,113.497,113.524,113.489,113.522
2026-08-21 12:05:00+09:00,113.522,113.523,113.503,113.519
2026-08-21 12:10:00+09:00,113.518,113.53,113.514,113.515
2026-08-21 12:15:00+09:00,113.515,113.531,113.515,113.53
2026-08-21 12:20:00+09:00,113.53,113.555,113.529,113.554
2026-08-21 12:25:00+09:00,113.554,113.56,113.53,113.531
2026-08-21 12:30:00+09:00,113.531,113.572,113.525,113.563
2026-08-21 12:35:00+09:00,113.563,113.585,113.561,113.565
2026-08-21 12:40:00+09:00,113.565,113.599,113.559,113.587
2026-08-21 12:45:00+09:00,113.587,113.603,113.58,113.591
2026-08-21 12:50:00+09:00,113.591,113.594,113.56,113.563
2026-08-21 12:55:00+09:00,113.563,113.563,113.541,113.549
2026-08-21 13:00:00+09:00,113.549,113.55,113.522,113.529
2026-08-21 13:05:00+09:00,113.529,113.544,113.519,113.542
2026-08-21 13:10:00+09:00,113.542,113.557,113.535,113.541
2026-08-21 13:15:00+09:00,113.541,113.55,113.534,113.542
2026-08-21 13:20:00+09:00,113.542,113.548,113.532,113.541
2026-08-21 13:25:00+09:00,113.541,113.556,113.536,113.537
2026-08-21 13:30:00+09:00,113.537,113.549,113.532,113.543
2026-08-21 13:35:00+09:00,113.543,113.552,113.529,113.531
2026-08-21 13:40:00+09:00,113.531,113.555,113.53,113.552
2026-08-21 13:45:00+09:00,113.552,113.584,113.548,113.576
2026-08-21 13:50:00+09:00,113.576,113.585,113.56,113.561
2026-08-21 13:55:00+09:00,113.561,113.561,113.529,113.542
2026-08-21 14:00:00+09:00,113.542,113.547,113.517,113.528
2026-08-21 14:05:00+09:00,113.528,113.537,113.524,113.527
2026-08-21 14:10:00+09:00,113.527,113.534,113.515,113.531
2026-08-21 14:15:00+09:00,113.531,113.546,113.526,113.533
2026-08-21 14:20:00+09:00,113.533,113.538,113.524,113.533
2026-08-21 14:25:00+09:00,113.533,113.542,113.527,113.533
2026-08-21 14:30:00+09:00,113.533,113.533,113.513,113.52
2026-08-21 14:35:00+09:00,113.52,113.524,113.478,113.5
2026-08-21 14:40:00+09:00,113.499,113.528,113.486,113.486
2026-08-21 14:45:00+09:00,113.486,113.499,113.458,113.459
2026-08-21 14:50:00+09:00,113.459,113.504,113.455,113.488
2026-08-21 14:55:00+09:00,113.489,113.504,113.483,113.491
2026-08-21 15:00:00+09:00,113.491,113.494,113.451,113.481
2026-08-21 15:05:00+09:00,113.481,113.507,113.476,113.496
2026-08-21 15:10:00+09:00,113.496,113.527,113.495,113.524
2026-08-21 15:15:00+09:00,113.524,113.565,113.521,113.559
2026-08-21 15:20:00+09:00,113.559,113.562,113.51,113.52
2026-08-21 15:25:00+09:00,113.52,113.582,113.514,113.577
2026-08-21 15:30:00+09:00,113.577,113.6,113.564,113.59
2026-08-21 15:35:00+09:00,113.589,113.597,113.557,113.578
2026-08-21 15:40:00+09:00,113.578,113.579,113.543,113.55
2026-08-21 15:45:00+09:00,113.55,113.561,113.527,113.545
2026-08-21 15:50:00+09:00,113.545,113.545,113.523,113.54
2026-08-21 15:55:00+09:00,113.54,113.555,113.53,113.538
2026-08-21 16:00:00+09:00,113.539,113.57,113.531,113.555
2026-08-21 16:05:00+09:00,113.555,113.555,113.527,113.539
2026-08-21 16:10:00+09:00,113.539,113.569,113.538,113.554
2026-08-21 16:15:00+09:00,113.554,113.56,113.534,113.539
2026-08-21 16:20:00+09:00,113.539,113.572,113.533,113.565
2026-08-21 16:25:00+09:00,113.565,113.576,113.543,113.547
2026-08-21 16:30:00+09:00,113.547,113.566,113.521,113.532
2026-08-21 16:35:00+09:00,113.532,113.556,113.515,113.53
2026-08-21 16:40:00+09:00,113.53,113.547,113.481,113.525
2026-08-21 16:45:00+09:00,113.525,113.554,113.52,113.526
2026-08-21 16:50:00+09:00,113.526,113.553,113.509,113.54
2026-08-21 16:55:00+09:00,113.54,113.575,113.539,113.573
2026-08-21 17:00:00+09:00,113.572,113.575,113.549,113.559
2026-08-21 17:05:00+09:00,113.558,113.588,113.547,113.581
2026-08-21 17:10:00+09:00,113.581,113.624,113.58,113.615
2026-08-21 17:15:00+09:00,113.615,113.672,113.613,113.668
2026-08-21 17:20:00+09:00,113.668,113.687,113.659,113.66
2026-08-21 17:25:00+09:00,113.659,113.679,113.631,113.639
2026-08-21 17:30:00+09:00,113.639,113.645,113.586,113.586
2026-08-21 17:35:00+09:00,113.585,113.605,113.551,113.559
2026-08-21 17:40:00+09:00,113.559,113.605,113.55,113.581
2026-08-21 17:45:00+09:00,113.582,113.603,113.556,113.556
2026-08-21 17:50:00+09:00,113.556,113.557,113.528,113.541
2026-08-21 17:55:00+09:00,113.541,113.558,113.512,113.531
2026-08-21 18:00:00+09:00,113.531,113.55,113.491,113.513
2026-08-21 18:05:00+09:00,113.513,113.54,113.491,113.498
2026-08-21 18:10:00+09:00,113.498,113.518,113.471,113.513
2026-08-21 18:15:00+09:00,113.514,113.534,113.496,113.498
2026-08-21 18:20:00+09:00,113.498,113.501,113.453,113.453
2026-08-21 18:25:00+09:00,113.453,113.475,113.447,113.463
2026-08-21 18:30:00+09:00,113.463,113.477,113.438,113.448
2026-08-21 18:35:00+09:00,113.448,113.503,113.44,113.501
2026-08-21 18:40:00+09:00,113.501,113.532,113.501,113.524
2026-08-21 18:45:00+09:00,113.524,113.567,113.522,113.565
2026-08-21 18:50:00+09:00,113.565,113.586,113.56,113.577
2026-08-21 18:55:00+09:00,113.577,113.578,113.539,113.543
2026-08-21 19:00:00+09:00,113.543,113.603,113.543,113.597
2026-08-21 19:05:00+09:00,113.597,113.606,113.582,113.599
2026-08-21 19:10:00+09:00,113.599,113.611,113.59,113.6
2026-08-21 19:15:00+09:00,113.6,113.6,113.579,113.579
2026-08-21 19:20:00+09:00,113.579,113.597,113.563,113.584
2026-08-21 19:25:00+09:00,113.584,113.593,113.571,113.576
2026-08-21 19:30:00+09:00,113.575,113.606,113.574,113.6
2026-08-21 19:35:00+09:00,113.6,113.602,113.584,113.594
2026-08-21 19:40:00+09:00,113.595,113.616,113.591,113.603
2026-08-21 19:45:00+09:00,113.603,113.613,113.595,113.608
2026-08-21 19:50:00+09:00,113.608,113.636,113.601,113.635
2026-08-21 19:55:00+09:00,113.635,113.641,113.617,113.627
2026-08-21 20:00:00+09:00,113.627,113.64,113.611,113.64
2026-08-21 20:05:00+09:00,113.64,113.665,113.636,113.661
2026-08-21 20:10:00+09:00,113.661,113.669,113.653,113.666
2026-08-21 20:15:00+09:00,113.666,113.671,113.65,113.666
2026-08-21 20:20:00+09:00,113.666,113.674,113.642,113.65
2026-08-21 20:25:00+09:00,113.651,113.664,113.623,113.643
2026-08-21 20:30:00+09:00,113.643,113.649,113.622,113.631
2026-08-21 20:35:00+09:00,113.632,113.67,113.63,113.646
2026-08-21 20:40:00+09:00,113.646,113.678,113.643,113.661
2026-08-21 20:45:00+09:00,113.66,113.679,113.652,113.672
2026-08-21 20:50:00+09:00,113.672,113.683,113.665,113.668
2026-08-21 20:55:00+09:00,113.668,113.685,113.666,113.683
2026-08-21 21:00:00+09:00,113.683,113.738,113.681,113.735
2026-08-21 21:05:00+09:00,113.735,113.757,113.729,113.753
2026-08-21 21:10:00+09:00,113.753,113.768,113.743,113.768
2026-08-21 21:15:00+09:00,113.767,113.777,113.753,113.762
2026-08-21 21:20:00+09:00,113.763,113.779,113.749,113.759
2026-08-21 21:25:00+09:00,113.758,113.773,113.758,113.767
2026-08-21 21:30:00+09:00,113.767,113.772,113.728,113.739
2026-08-21 21:35:00+09:00,113.739,113.742,113.711,113.735
2026-08-21 21:40:00+09:00,113.735,113.757,113.725,113.757
2026-08-21 21:45:00+09:00,113.757,113.781,113.753,113.768
2026-08-21 21:50:00+09:00,113.768,113.782,113.76,113.76
2026-08-21 21:55:00+09:00,113.76,113.775,113.753,113.764
2026-08-21 22:00:00+09:00,113.764,113.788,113.755,113.785
2026-08-21 22:05:00+09:00,113.785,113.793,113.769,113.784
2026-08-21 22:10:00+09:00,113.784,113.798,113.775,113.792
2026-08-21 22:15:00+09:00,113.793,113.809,113.783,113.797
2026-08-21 22:20:00+09:00,113.797,113.806,113.784,113.797
2026-08-21 22:25:00+09:00,113.797,113.827,113.792,113.821
2026-08-21 22:30:00+09:00,113.822,113.843,113.765,113.766
2026-08-21 22:35:00+09:00,113.766,113.804,113.762,113.781
2026-08-21 22:40:00+09:00,113.781,113.816,113.765,113.813
2026-08-21 22:45:00+09:00,113.811,113.854,113.803,113.843
2026-08-21 22:50:00+09:00,113.843,113.853,113.797,113.837
2026-08-21 22:55:00+09:00,113.837,113.894,113.835,113.858
2026-08-21 23:00:00+09:00,113.858,113.875,113.827,113.867
2026-08-21 23:05:00+09:00,113.867,113.874,113.842,113.869
2026-08-21 23:10:00+09:00,113.869,113.882,113.849,113.859
2026-08-21 23:15:00+09:00,113.859,113.871,113.849,113.867
2026-08-21 23:20:00+09:00,113.867,113.882,113.844,113.858
2026-08-21 23:25:00+09:00,113.859,113.904,113.859,113.891
2026-08-21 23:30:00+09:00,113.891,113.928,113.886,113.901
2026-08-21 23:35:00+09:00,113.9,113.914,113.85,113.857
2026-08-21 23:40:00+09:00,113.857,113.872,113.831,113.854
2026-08-21 23:45:00+09:00,113.854,113.883,113.833,113.883
2026-08-21 23:50:00+09:00,113.883,113.887,113.853,113.854
2026-08-21 23:55:00+09:00,113.854,113.913,113.843,113.878
2026-08-22 00:00:00+09:00,113.878,113.945,113.866,113.944
2026-08-22 00:05:00+09:00,113.944,113.953,113.906,113.919
2026-08-22 00:10:00+09:00,113.919,113.971,113.919,113.949
2026-08-22 00:15:00+09:00,113.949,113.975,113.935,113.958
2026-08-22 00:20:00+09:00,113.958,113.998,113.937,113.997
2026-08-22 00:25:00+09:00,113.997,114.013,113.986,113.997
2026-08-22 00:30:00+09:00,113.997,114.013,113.992,114.008
2026-08-22 00:35:00+09:00,114.009,114.017,113.996,114.014
2026-08-22 00:40:00+09:00,114.014,114.06,114.009,114.046
2026-08-22 00:45:00+09:00,114.046,114.061,114.028,114.031
2026-08-22 00:50:00+09:00,114.031,114.06,114.026,114.052
2026-08-22 00:55:00+09:00,114.051,114.063,114.026,114.036
2026-08-22 01:00:00+09:00,114.036,114.062,114.034,114.054
2026-08-22 01:05:00+09:00,114.054,114.057,114.031,114.039
2026-08-22 01:10:00+09:00,114.039,114.041,114.021,114.021
2026-08-22 01:15:00+09:00,114.021,114.03,113.987,114.001
2026-08-22 01:20:00+09:00,114.001,114.013,113.978,113.996
2026-08-22 01:25:00+09:00,113.996,114.01,113.993,114.009
2026-08-22 01:30:00+09:00,114.009,114.015,113.988,114.009
2026-08-22 01:35:00+09:00,114.009,114.017,113.999,114.015
2026-08-22 01:40:00+09:00,114.015,114.017,113.998,114.006
2026-08-22 01:45:00+09:00,114.006,114.014,113.994,114.005
2026-08-22 01:50:00+09:00,114.005,114.009,113.995,113.998
2026-08-22 01:55:00+09:00,113.998,114.023,113.993,114.021
2026-08-22 02:00:00+09:00,114.022,114.064,114.022,114.063
2026-08-22 02:05:00+09:00,114.063,114.093,114.059,114.091
2026-08-22 02:10:00+09:00,114.091,114.105,114.079,114.081
2026-08-22 02:15:00+09:00,114.081,114.106,114.079,114.1
2026-08-22 02:20:00+09:00,114.1,114.1,114.085,114.089
2026-08-22 02:25:00+09:00,114.089,114.101,114.073,114.087
2026-08-22 02:30:00+09:00,114.087,114.104,114.082,114.103
2026-08-22 02:35:00+09:00,114.103,114.135,114.102,114.112
2026-08-22 02:40:00+09:00,114.112,114.126,114.107,114.121
2026-08-22 02:45:00+09:00,114.121,114.132,114.114,114.129
2026-08-22 02:50:00+09:00,114.129,114.139,114.115,114.121
2026-08-22 02:55:00+09:00,114.121,114.141,114.119,114.139
2026-08-22 03:00:00+09:00,114.14,114.163,114.138,114.159
2026-08-22 03:05:00+09:00,114.159,114.167,114.156,114.156
2026-08-22 03:10:00+09:00,114.156,114.157,114.14,114.143
2026-08-22 03:15:00+09:00,114.144,114.148,114.139,114.14
2026-08-22 03:20:00+09:00,114.14,114.162,114.139,114.158
2026-08-22 03:25:00+09:00,114.158,114.163,114.141,114.144
2026-08-22 03:30:00+09:00,114.144,114.153,114.139,114.15
2026-08-22 03:35:00+09:00,114.15,114.158,114.142,114.149
2026-08-22 03:40:00+09:00,114.149,114.152,114.141,114.149
2026-08-22 03:45:00+09:00,114.149,114.162,114.142,114.158
2026-08-22 03:50:00+09:00,114.158,114.168,114.153,114.16
2026-08-22 03:55:00+09:00,114.16,114.169,114.148,114.155
2026-08-22 04:00:00+09:00,114.155,114.165,114.13,114.131
2026-08-22 04:05:00+09:00,114.131,114.135,114.107,114.107
2026-08-22 04:10:00+09:00,114.107,114.13,114.107,114.128
2026-08-22 04:15:00+09:00,114.128,114.128,114.099,114.106
2026-08-22 04:20:00+09:00,114.106,114.107,114.094,114.098
2026-08-22 04:25:00+09:00,114.098,114.098,114.091,114.095
2026-08-22 04:30:00+09:00,114.095,114.095,114.073,114.077
2026-08-22 04:35:00+09:00,114.077,114.08,114.058,114.064
2026-08-22 04:40:00+09:00,114.064,114.068,114.053,114.067
2026-08-22 04:45:00+09:00,114.067,114.079,114.066,114.07
2026-08-22 04:50:00+09:00,114.07,114.077,114.048,114.048
2026-08-22 04:55:00+09:00,114.048,114.062,114.047,114.052
2026-08-22 05:00:00+09:00,114.052,114.063,114.044,114.06
2026-08-22 05:05:00+09:00,114.06,114.06,114.038,114.041
2026-08-22 05:10:00+09:00,114.041,114.056,114.036,114.052
2026-08-22 05:15:00+09:00,114.052,114.053,114.038,114.04
2026-08-22 05:20:00+09:00,114.04,114.052,114.039,114.048
2026-08-22 05:25:00+09:00,114.049,114.05,114.036,114.043
2026-08-22 05:30:00+09:00,114.043,114.046,114.022,114.026
2026-08-22 05:35:00+09:00,114.026,114.038,114.025,114.032
2026-08-22 05:40:00+09:00,114.032,114.033,114.008,114.008
2026-08-22 05:45:00+09:00,114.008,114.05,114.008,114.031
2026-08-22 05:50:00+09:00,114.031,114.046,114.022,114.029
2026-08-22 05:55:00+09:00,114.029,114.044,114.021,114.044
2026-08-24 07:00:00+09:00,113.885,113.966,113.884,113.945
2026-08-24 07:05:00+09:00,113.945,113.948,113.92,113.929
2026-08-24 07:10:00+09:00,113.929,113.974,113.929,113.974
2026-08-24 07:15:00+09:00,113.974,113.988,113.972,113.987
2026-08-24 07:20:00+09:00,113.987,114.003,113.985,113.997
2026-08-24 07:25:00+09:00,113.997,114.0,113.988,113.988
2026-08-24 07:30:00+09:00,113.988,114.019,113.988,114.005
2026-08-24 07:35:00+09:00,114.005,114.008,113.992,113.999
2026-08-24 07:40:00+09:00,113.999,114.015,113.997,114.013
2026-08-24 07:45:00+09:00,114.013,114.016,114.005,114.009
2026-08-24 07:50:00+09:00,114.009,114.012,113.998,114.005
2026-08-24 07:55:00+09:00,114.004,114.006,113.994,114.003
2026-08-24 08:00:00+09:00,114.003,114.005,113.952,113.962
2026-08-24 08:05:00+09:00,113.962,113.967,113.951,113.967
2026-08-24 08:10:00+09:00,113.967,113.975,113.955,113.971
2026-08-24 08:15:00+09:00,113.971,113.973,113.962,113.964
2026-08-24 08:20:00+09:00,113.964,113.977,113.963,113.969
2026-08-24 08:25:00+09:00,113.969,113.98,113.96,113.968
2026-08-24 08:30:00+09:00,113.968,113.985,113.967,113.984
2026-08-24 08:35:00+09:00,113.984,114.001,113.983,113.988
2026-08-24 08:40:00+09:00,113.988,113.995,113.972,113.975
2026-08-24 08:45:00+09:00,113.975,113.999,113.973,113.998
2026-08-24 08:50:00+09:00,113.998,114.0,113.964,113.964
2026-08-24 08:55:00+09:00,113.965,113.987,113.951,113.956
2026-08-24 09:00:00+09:00,113.956,113.97,113.927,113.966
2026-08-24 09:05:00+09:00,113.966,113.989,113.949,113.957
2026-08-24 09:10:00+09:00,113.957,113.972,113.947,113.951
2026-08-24 09:15:00+09:00,113.951,113.956,113.918,113.922
2026-08-24 09:20:00+09:00,113.922,113.922,113.866,113.874
2026-08-24 09:25:00+09:00,113.874,113.874,113.837,113.873
2026-08-24 09:30:00+09:00,113.873,113.897,113.856,113.856
2026-08-24 09:35:00+09:00,113.856,113.866,113.823,113.828
2026-08-24 09:40:00+09:00,113.828,113.849,113.826,113.842
2026-08-24 09:45:00+09:00,113.842,113.917,113.831,113.916
2026-08-24 09:50:00+09:00,113.916,113.931,113.867,113.872
2026-08-24 09:55:00+09:00,113.871,113.908,113.871,113.906
2026-08-24 10:00:00+09:00,113.906,113.937,113.887,113.919
2026-08-24 10:05:00+09:00,113.919,113.96,113.919,113.937
2026-08-24 10:10:00+09:00,113.937,113.965,113.932,113.934
2026-08-24 10:15:00+09:00,113.934,113.952,113.921,113.925
2026-08-24 10:20:00+09:00,113.925,113.928,113.889,113.909
2026-08-24 10:25:00+09:00,113.909,113.935,113.902,113.928
2026-08-24 10:30:00+09:00,113.929,113.929,113.902,113.917
2026-08-24 10:35:00+09:00,113.918,113.923,113.907,113.91
2026-08-24 10:40:00+09:00,113.91,113.912,113.868,113.871
2026-08-24 10:45:00+09:00,113.871,113.871,113.854,113.869
2026-08-24 10:50:00+09:00,113.869,113.907,113.868,113.879
2026-08-24 10:55:00+09:00,113.879,113.88,113.85,113.858
2026-08-24 11:00:00+09:00,113.858,113.858,113.821,113.855
2026-08-24 11:05:00+09:00,113.855,113.888,113.846,113.888
2026-08-24 11:10:00+09:00,113.888,113.91,113.88,113.903
2026-08-24 11:15:00+09:00,113.904,113.919,113.889,113.904
2026-08-24 11:20:00+09:00,113.904,113.911,113.898,113.899
2026-08-24 11:25:00+09:00,113.898,113.902,113.876,113.893
2026-08-24 11:30:00+09:00,113.893,113.91,113.89,113.903
2026-08-24 11:35:00+09:00,113.903,113.922,113.897,113.898
2026-08-24 11:40:00+09:00,113.898,113.906,113.89,113.902
2026-08-24 11:45:00+09:00,113.902,113.902,113.832,113.836
2026-08-24 11:50:00+09:00,113.836,113.858,113.835,113.85
2026-08-24 11:55:00+09:00,113.85,113.872,113.846,113.854
2026-08-24 12:00:00+09:00,113.854,113.874,113.841,113.867
2026-08-24 12:05:00+09:00,113.867,113.87,113.851,113.858
2026-08-24 12:10:00+09:00,113.855,113.867,113.834,113.865
2026-08-24 12:15:00+09:00,113.865,113.878,113.862,113.869
2026-08-24 12:20:00+09:00,113.869,113.885,113.866,113.876
2026-08-24 12:25:00+09:00,113.876,113.882,113.863,113.865
2026-08-24 12:30:00+09:00,113.864,113.89,113.864,113.889
2026-08-24 12:35:00+09:00,113.889,113.902,113.875,113.888
2026-08-24 12:40:00+09:00,113.888,113.895,113.872,113.873
2026-08-24 12:45:00+09:00,113.873,113.885,113.864,113.879
2026-08-24 12:50:00+09:00,113.879,113.889,113.867,113.867
2026-08-24 12:55:00+09:00,113.867,113.878,113.861,113.868
2026-08-24 13:00:00+09:00,113.868,113.89,113.864,113.877
2026-08-24 13:05:00+09:00,113.877,113.885,113.855,113.855
2026-08-24 13:10:00+09:00,113.855,113.862,113.8,113.846
2026-08-24 13:15:00+09:00,113.846,113.855,113.838,113.841
2026-08-24 13:20:00+09:00,113.841,113.867,113.826,113.842
2026-08-24 13:25:00+09:00,113.842,113.849,113.789,113.847
2026-08-24 13:30:00+09:00,113.847,113.851,113.823,113.836
2026-08-24 13:35:00+09:00,113.836,113.857,113.824,113.845
2026-08-24 13:40:00+09:00,113.845,113.871,113.843,113.866
2026-08-24 13:45:00+09:00,113.866,113.898,113.861,113.889
2026-08-24 13:50:00+09:00,113.889,113.902,113.864,113.867
2026-08-24 13:55:00+09:00,113.867,113.872,113.858,113.861
2026-08-24 14:00:00+09:00,113.861,113.893,113.86,113.872
2026-08-24 14:05:00+09:00,113.872,113.921,113.871,113.911
2026-08-24 14:10:00+09:00,113.911,113.922,113.89,113.922
2026-08-24 14:15:00+09:00,113.922,113.927,113.909,113.92
2026-08-24 14:20:00+09:00,113.919,113.926,113.902,113.91
2026-08-24 14:25:00+09:00,113.91,113.924,113.91,113.911
2026-08-24 14:30:00+09:00,113.911,113.919,113.88,113.892
2026-08-24 14:35:00+09:00,113.891,113.91,113.887,113.9
2026-08-24 14:40:00+09:00,113.9,113.928,113.9,113.919
2026-08-24 14:45:00+09:00,113.919,113.933,113.918,113.932
2026-08-24 14:50:00+09:00,113.932,113.954,113.925,113.945
2026-08-24 14:55:00+09:00,113.945,113.946,113.92,113.926
2026-08-24 15:00:00+09:00,113.926,113.932,113.887,113.894
2026-08-24 15:05:00+09:00,113.894,113.904,113.874,113.902
2026-08-24 15:10:00+09:00,113.902,113.902,113.879,113.888
2026-08-24 15:15:00+09:00,113.888,113.903,113.871,113.881
2026-08-24 15:20:00+09:00,113.881,113.888,113.861,113.883
2026-08-24 15:25:00+09:00,113.883,113.89,113.862,113.871
2026-08-24 15:30:00+09:00,113.871,113.926,113.871,113.926
2026-08-24 15:35:00+09:00,113.926,113.953,113.921,113.949
2026-08-24 15:40:00+09:00,113.949,113.951,113.931,113.931
2026-08-24 15:45:00+09:00,113.931,113.959,113.918,113.959
2026-08-24 15:50:00+09:00,113.959,113.994,113.959,113.989
2026-08-24 15:55:00+09:00,113.989,114.011,113.98,114.01
2026-08-24 16:00:00+09:00,114.011,114.024,113.998,113.999
2026-08-24 16:05:00+09:00,113.999,114.04,113.986,114.033
2026-08-24 16:10:00+09:00,114.033,114.046,114.023,114.042
2026-08-24 16:15:00+09:00,114.041,114.047,113.997,114.018
2026-08-24 16:20:00+09:00,114.018,114.045,114.013,114.028
2026-08-24 16:25:00+09:00,114.028,114.048,114.025,114.042
2026-08-24 16:30:00+09:00,114.042,114.044,114.003,114.022
2026-08-24 16:35:00+09:00,114.022,114.036,114.013,114.024
2026-08-24 16:40:00+09:00,114.024,114.032,114.004,114.01
2026-08-24 16:45:00+09:00,114.01,114.026,114.0,114.021
2026-08-24 16:50:00+09:00,114.022,114.047,114.017,114.044
2026-08-24 16:55:00+09:00,114.044,114.044,114.016,114.032
2026-08-24 17:00:00+09:00,114.032,114.044,114.016,114.043
2026-08-24 17:05:00+09:00,114.043,114.059,114.034,114.046
2026-08-24 17:10:00+09:00,114.046,114.071,114.044,114.052
2026-08-24 17:15:00+09:00,114.052,114.059,114.028,114.042
2026-08-24 17:20:00+09:00,114.042,114.048,114.015,114.02
2026-08-24 17:25:00+09:00,114.02,114.034,114.01,114.028
2026-08-24 17:30:00+09:00,114.028,114.06,114.021,114.059
2026-08-24 17:35:00+09:00,114.059,114.059,114.026,114.036
2026-08-24 17:40:00+09:00,114.036,114.058,114.03,114.033
2026-08-24 17:45:00+09:00,114.033,114.035,114.008,114.027
2026-08-24 17:50:00+09:00,114.028,114.029,114.01,114.011
2026-08-24 17:55:00+09:00,114.011,114.02,113.993,113.995
2026-08-24 18:00:00+09:00,113.995,114.009,113.979,113.998
2026-08-24 18:05:00+09:00,113.998,114.022,113.995,114.014
2026-08-24 18:10:00+09:00,114.014,114.018,114.005,114.006
2026-08-24 18:15:00+09:00,114.006,114.007,113.986,113.999
2026-08-24 18:20:00+09:00,113.999,114.033,113.996,114.029
2026-08-24 18:25:00+09:00,114.029,114.034,114.011,114.017
2026-08-24 18:30:00+09:00,114.017,114.024,113.998,114.002
2026-08-24 18:35:00+09:00,114.001,114.006,113.988,114.003
2026-08-24 18:40:00+09:00,114.003,114.027,113.995,114.027
2026-08-24 18:45:00+09:00,114.027,114.056,114.026,114.054
2026-08-24 18:50:00+09:00,114.053,114.061,114.044,114.054
2026-08-24 18:55:00+09:00,114.053,114.056,114.032,114.05
2026-08-24 19:00:00+09:00,114.05,114.073,114.041,114.067
2026-08-24 19:05:00+09:00,114.067,114.069,114.036,114.068
2026-08-24 19:10:00+09:00,114.068,114.073,114.048,114.062
2026-08-24 19:15:00+09:00,114.062,114.065,114.028,114.041
2026-08-24 19:20:00+09:00,114.041,114.043,114.02,114.041
2026-08-24 19:25:00+09:00,114.041,114.051,114.028,114.041
2026-08-24 19:30:00+09:00,114.042,114.044,114.002,114.009
2026-08-24 19:35:00+09:00,114.008,114.015,114.0,114.005
2026-08-24 19:40:00+09:00,114.005,114.007,113.967,113.987
2026-08-24 19:45:00+09:00,113.987,113.995,113.973,113.992
2026-08-24 19:50:00+09:00,113.992,113.998,113.982,113.989
2026-08-24 19:55:00+09:00,113.989,114.002,113.981,113.995
2026-08-24 20:00:00+09:00,113.994,114.013,113.973,113.983
2026-08-24 20:05:00+09:00,113.983,113.989,113.971,113.981
2026-08-24 20:10:00+09:00,113.981,113.986,113.965,113.968
2026-08-24 20:15:00+09:00,113.969,113.982,113.965,113.98
2026-08-24 20:20:00+09:00,113.98,113.997,113.971,113.992
2026-08-24 20:25:00+09:00,113.992,114.006,113.985,113.986
2026-08-24 20:30:00+09:00,113.986,114.018,113.981,114.012
2026-08-24 20:35:00+09:00,114.011,114.041,113.971,113.994
2026-08-24 20:40:00+09:00,113.994,114.023,113.946,113.947
2026-08-24 20:45:00+09:00,113.947,113.964,113.934,113.946
2026-08-24 20:50:00+09:00,113.946,113.987,113.945,113.987
2026-08-24 20:55:00+09:00,113.987,113.992,113.969,113.971
2026-08-24 21:00:00+09:00,113.971,113.975,113.917,113.924
2026-08-24 21:05:00+09:00,113.924,113.962,113.924,113.957
2026-08-24 21:10:00+09:00,113.957,113.959,113.922,113.922
2026-08-24 21:15:00+09:00,113.922,113.923,113.892,113.897
2026-08-24 21:20:00+09:00,113.896,113.904,113.873,113.898
2026-08-24 21:25:00+09:00,113.898,113.927,113.887,113.927
2026-08-24 21:30:00+09:00,113.927,113.927,113.883,113.896
2026-08-24 21:35:00+09:00,113.896,113.909,113.874,113.874
2026-08-24 21:40:00+09:00,113.874,113.908,113.873,113.882
2026-08-24 21:45:00+09:00,113.881,113.911,113.877,113.91
2026-08-24 21:50:00+09:00,113.91,113.916,113.891,113.905
2026-08-24 21:55:00+09:00,113.905,113.923,113.903,113.917
2026-08-24 22:00:00+09:00,113.918,113.945,113.912,113.942
2026-08-24 22:05:00+09:00,113.942,113.976,113.942,113.961
2026-08-24 22:10:00+09:00,113.961,114.006,113.961,113.996
2026-08-24 22:15:00+09:00,113.996,114.024,113.99,114.022
2026-08-24 22:20:00+09:00,114.022,114.048,114.019,114.046
2026-08-24 22:25:00+09:00,114.046,114.068,114.043,114.049
2026-08-24 22:30:00+09:00,114.049,114.061,114.029,114.056
2026-08-24 22:35:00+09:00,114.056,114.056,113.996,114.027
2026-08-24 22:40:00+09:00,114.026,114.044,113.982,113.985
2026-08-24 22:45:00+09:00,113.985,114.023,113.972,113.975
2026-08-24 22:50:00+09:00,113.974,113.994,113.936,113.961
2026-08-24 22:55:00+09:00,113.961,113.996,113.957,113.994
2026-08-24 23:00:00+09:00,113.994,113.998,113.943,113.959
2026-08-24 23:05:00+09:00,113.959,113.966,113.941,113.965
2026-08-24 23:10:00+09:00,113.965,113.987,113.962,113.985
2026-08-24 23:15:00+09:00,113.985,113.985,113.951,113.973
2026-08-24 23:20:00+09:00,113.973,113.989,113.971,113.973
2026-08-24 23:25:00+09:00,113.973,113.981,113.95,113.951
2026-08-24 23:30:00+09:00,113.951,113.966,113.933,113.938
2026-08-24 23:35:00+09:00,113.938,113.949,113.914,113.923
2026-08-24 23:40:00+09:00,113.923,113.929,113.892,113.894
2026-08-24 23:45:00+09:00,113.894,113.932,113.893,113.903
2026-08-24 23:50:00+09:00,113.903,113.91,113.868,113.88
2026-08-24 23:55:00+09:00,113.88,113.919,113.876,113.889
2026-08-25 00:00:00+09:00,113.889,113.897,113.873,113.89
2026-08-25 00:05:00+09:00,113.891,113.897,113.852,113.852
2026-08-25 00:10:00+09:00,113.852,113.858,113.833,113.842
2026-08-25 00:15:00+09:00,113.842,113.847,113.824,113.831
2026-08-25 00:20:00+09:00,113.831,113.859,113.826,113.858
2026-08-25 00:25:00+09:00,113.858,113.868,113.843,113.846
2026-08-25 00:30:00+09:00,113.846,113.854,113.83,113.842
2026-08-25 00:35:00+09:00,113.842,113.87,113.834,113.851
2026-08-25 00:40:00+09:00,113.851,113.883,113.848,113.854
2026-08-25 00:45:00+09:00,113.854,113.866,113.817,113.821
2026-08-25 00:50:00+09:00,113.821,113.837,113.812,113.825
2026-08-25 00:55:00+09:00,113.825,113.829,113.806,113.822
2026-08-25 01:00:00+09:00,113.822,113.833,113.785,113.789
2026-08-25 01:05:00+09:00,113.789,113.798,113.773,113.782
2026-08-25 01:10:00+09:00,113.782,113.784,113.764,113.768
2026-08-25 01:15:00+09:00,113.768,113.778,113.748,113.763
2026-08-25 01:20:00+09:00,113.763,113.771,113.751,113.761
2026-08-25 01:25:00+09:00,113.761,113.771,113.759,113.766
2026-08-25 01:30:00+09:00,113.766,113.774,113.745,113.749
2026-08-25 01:35:00+09:00,113.749,113.751,113.721,113.723
2026-08-25 01:40:00+09:00,113.723,113.756,113.72,113.753
2026-08-25 01:45:00+09:00,113.753,113.757,113.746,113.753
2026-08-25 01:50:00+09:00,113.753,113.774,113.747,113.764
2026-08-25 01:55:00+09:00,113.764,113.773,113.73,113.733
2026-08-25 02:00:00+09:00,113.733,113.736,113.715,113.721
2026-08-25 02:05:00+09:00,113.721,113.753,113.698,113.729
2026-08-25 02:10:00+09:00,113.729,113.743,113.721,113.733
2026-08-25 02:15:00+09:00,113.732,113.74,113.725,113.733
2026-08-25 02:20:00+09:00,113.733,113.735,113.704,113.708
2026-08-25 02:25:00+09:00,113.708,113.721,113.7,113.703
2026-08-25 02:30:00+09:00,113.703,113.725,113.703,113.715
2026-08-25 02:35:00+09:00,113.715,113.72,113.705,113.707
2026-08-25 02:40:00+09:00,113.706,113.718,113.699,113.701
2026-08-25 02:45:00+09:00,113.701,113.702,113.684,113.692
2026-08-25 02:50:00+09:00,113.692,113.706,113.68,113.686
2026-08-25 02:55:00+09:00,113.686,113.695,113.666,113.692
2026-08-25 03:00:00+09:00,113.692,113.713,113.683,113.711
2026-08-25 03:05:00+09:00,113.711,113.728,113.704,113.727
2026-08-25 03:10:00+09:00,113.727,113.747,113.725,113.733
2026-08-25 03:15:00+09:00,113.735,113.765,113.735,113.761
2026-08-25 03:20:00+09:00,113.761,113.788,113.76,113.783
2026-08-25 03:25:00+09:00,113.783,113.8,113.782,113.799
2026-08-25 03:30:00+09:00,113.799,113.808,113.793,113.799
2026-08-25 03:35:00+09:00,113.799,113.806,113.78,113.786
2026-08-25 03:40:00+09:00,113.786,113.805,113.786,113.805
2026-08-25 03:45:00+09:00,113.805,113.807,113.79,113.806
2026-08-25 03:50:00+09:00,113.806,113.808,113.784,113.796
2026-08-25 03:55:00+09:00,113.796,113.796,113.764,113.78
2026-08-25 04:00:00+09:00,113.78,113.792,113.775,113.777
2026-08-25 04:05:00+09:00,113.777,113.777,113.763,113.767
2026-08-25 04:10:00+09:00,113.767,113.779,113.766,113.775
2026-08-25 04:15:00+09:00,113.775,113.795,113.775,113.795
2026-08-25 04:20:00+09:00,113.795,113.798,113.786,113.786
2026-08-25 04:25:00+09:00,113.786,113.792,113.779,113.788
2026-08-25 04:30:00+09:00,113.788,113.789,113.771,113.775
2026-08-25 04:35:00+09:00,113.775,113.779,113.767,113.767
2026-08-25 04:40:00+09:00,113.767,113.772,113.763,113.769
2026-08-25 04:45:00+09:00,113.769,113.776,113.758,113.774
2026-08-25 04:50:00+09:00,113.774,113.777,113.755,113.761
2026-08-25 04:55:00+09:00,113.761,113.788,113.754,113.778
2026-08-25 05:00:00+09:00,113.778,113.796,113.777,113.795
2026-08-25 05:05:00+09:00,113.795,113.796,113.781,113.784
2026-08-25 05:10:00+09:00,113.783,113.788,113.776,113.786
2026-08-25 05:15:00+09:00,113.786,113.787,113.78,113.78
2026-08-25 05:20:00+09:00,113.78,113.783,113.777,113.777
2026-08-25 05:25:00+09:00,113.777,113.787,113.772,113.78
2026-08-25 05:30:00+09:00,113.78,113.78,113.775,113.775
2026-08-25 05:35:00+09:00,113.775,113.78,113.766,113.778
2026-08-25 05:40:00+09:00,113.778,113.779,113.764,113.764
2026-08-25 05:45:00+09:00,113.764,113.806,113.764,113.793
2026-08-25 05:50:00+09:00,113.793,113.795,113.778,113.79
2026-08-25 05:55:00+09:00,113.79,113.801,113.788,113.795
2026-08-25 06:00:00+09:00,113.795,113.795,113.783,113.783
2026-08-25 06:05:00+09:00,113.783,113.795,113.779,113.779
2026-08-25 06:10:00+09:00,113.779,113.784,113.777,113.777
2026-08-25 06:15:00+09:00,113.777,113.794,113.749,113.781
2026-08-25 06:20:00+09:00,113.781,113.786,113.761,113.762
2026-08-25 06:25:00+09:00,113.762,113.787,113.761,113.784
2026-08-25 06:30:00+09:00,113.784,113.788,113.779,113.783
2026-08-25 06:35:00+09:00,113.783,113.783,113.772,113.774
2026-08-25 06:40:00+09:00,113.774,113.805,113.765,113.797
2026-08-25 06:45:00+09:00,113.796,113.801,113.777,113.789
2026-08-25 06:50:00+09:00,113.789,113.818,113.768,113.789
2026-08-25 06:55:00+09:00,113.789,113.793,113.763,113.769
2026-08-25 07:00:00+09:00,113.77,113.806,113.755,113.755
2026-08-25 07:05:00+09:00,113.755,113.786,113.755,113.785
2026-08-25 07:10:00+09:00,113.785,113.786,113.764,113.771
2026-08-25 07:15:00+09:00,113.771,113.782,113.771,113.782
2026-08-25 07:20:00+09:00,113.782,113.79,113.775,113.788
2026-08-25 07:25:00+09:00,113.788,113.791,113.785,113.788
2026-08-25 07:30:00+09:00,113.788,113.792,113.782,113.792
2026-08-25 07:35:00+09:00,113.792,113.796,113.791,113.794
2026-08-25 07:40:00+09:00,113.794,113.796,113.78,113.788
2026-08-25 07:45:00+09:00,113.788,113.789,113.78,113.781
2026-08-25 07:50:00+09:00,113.781,113.782,113.779,113.78
2026-08-25 07:55:00+09:00,113.78,113.784,113.779,113.781
2026-08-25 08:00:00+09:00,113.782,113.784,113.74,113.74
2026-08-25 08:05:00+09:00,113.74,113.749,113.736,113.737
2026-08-25 08:10:00+09:00,113.737,113.749,113.736,113.748
2026-08-25 08:15:00+09:00,113.748,113.759,113.747,113.751
2026-08-25 08:20:00+09:00,113.751,113.771,113.751,113.769
2026-08-25 08:25:00+09:00,113.769,113.776,113.769,113.77
2026-08-25 08:30:00+09:00,113.77,113.802,113.769,113.801
2026-08-25 08:35:00+09:00,113.801,113.809,113.797,113.809
2026-08-25 08:40:00+09:00,113.809,113.835,113.807,113.834
2026-08-25 08:45:00+09:00,113.834,113.852,113.831,113.832
2026-08-25 08:50:00+09:00,113.832,113.877,113.826,113.86
2026-08-25 08:55:00+09:00,113.86,113.877,113.854,113.864
2026-08-25 09:00:00+09:00,113.863,113.878,113.834,113.835
2026-08-25 09:05:00+09:00,113.835,113.869,113.835,113.861
2026-08-25 09:10:00+09:00,113.861,113.886,113.859,113.878
2026-08-25 09:15:00+09:00,113.88,113.881,113.852,113.87
2026-08-25 09:20:00+09:00,113.87,113.896,113.859,113.883
2026-08-25 09:25:00+09:00,113.883,113.901,113.875,113.89
2026-08-25 09:30:00+09:00,113.89,113.911,113.88,113.909
2026-08-25 09:35:00+09:00,113.909,113.924,113.904,113.917
2026-08-25 09:40:00+09:00,113.917,113.92,113.888,113.912
2026-08-25 09:45:00+09:00,113.912,113.915,113.879,113.886
2026-08-25 09:50:00+09:00,113.886,113.908,113.865,113.903
2026-08-25 09:55:00+09:00,113.904,113.951,113.888,113.95
2026-08-25 10:00:00+09:00,113.95,113.953,113.922,113.927
2026-08-25 10:05:00+09:00,113.927,113.927,113.879,113.897
2026-08-25 10:10:00+09:00,113.897,113.928,113.892,113.919
2026-08-25 10:15:00+09:00,113.919,113.921,113.884,113.908
2026-08-25 10:20:00+09:00,113.908,113.913,113.875,113.878
2026-08-25 10:25:00+09:00,113.878,113.905,113.865,113.898
2026-08-25 10:30:00+09:00,113.898,113.91,113.872,113.878
2026-08-25 10:35:00+09:00,113.878,113.938,113.871,113.928
2026-08-25 10:40:00+09:00,113.928,113.944,113.905,113.908
2026-08-25 10:45:00+09:00,113.908,113.937,113.906,113.936
2026-08-25 10:50:00+09:00,113.936,113.939,113.914,113.928
2026-08-25 10:55:00+09:00,113.928,113.957,113.909,113.915
2026-08-25 11:00:00+09:00,113.915,113.955,113.905,113.944
2026-08-25 11:05:00+09:00,113.944,113.958,113.928,113.95
2026-08-25 11:10:00+09:00,113.95,113.96,113.938,113.947
2026-08-25 11:15:00+09:00,113.947,113.949,113.929,113.947
2026-08-25 11:20:00+09:00,113.947,113.954,113.936,113.948
2026-08-25 11:25:00+09:00,113.948,113.961,113.947,113.954
2026-08-25 11:30:00+09:00,113.954,113.967,113.931,113.942
2026-08-25 11:35:00+09:00,113.942,113.96,113.928,113.959
2026-08-25 11:40:00+09:00,113.959,114.001,113.957,113.975
2026-08-25 11:45:00+09:00,113.975,114.02,113.973,113.994
2026-08-25 11:50:00+09:00,113.994,114.023,113.987,114.021
2026-08-25 11:55:00+09:00,114.021,114.035,113.979,113.992
2026-08-25 12:00:00+09:00,113.992,114.009,113.975,113.983
2026-08-25 12:05:00+09:00,113.983,114.041,113.976,114.041
2026-08-25 12:10:00+09:00,114.041,114.051,114.013,114.016
2026-08-25 12:15:00+09:00,114.016,114.048,114.015,114.046
2026-08-25 12:20:00+09:00,114.046,114.046,114.026,114.029
2026-08-25 12:25:00+09:00,114.029,114.049,114.025,114.035
2026-08-25 12:30:00+09:00,114.035,114.043,114.022,114.042
2026-08-25 12:35:00+09:00,114.042,114.054,113.995,113.996
2026-08-25 12:40:00+09:00,113.996,114.017,113.991,113.991
2026-08-25 12:45:00+09:00,113.991,113.992,113.97,113.971
2026-08-25 12:50:00+09:00,113.971,113.971,113.953,113.962
2026-08-25 12:55:00+09:00,113.962,113.962,113.94,113.94
2026-08-25 13:00:00+09:00,113.94,113.944,113.92,113.936
2026-08-25 13:05:00+09:00,113.936,113.938,113.903,113.905
2026-08-25 13:10:00+09:00,113.905,113.935,113.903,113.932
2026-08-25 13:15:00+09:00,113.932,113.932,113.909,113.91
2026-08-25 13:20:00+09:00,113.909,113.913,113.879,113.882
2026-08-25 13:25:00+09:00,113.882,113.888,113.864,113.881
2026-08-25 13:30:00+09:00,113.881,113.881,113.84,113.853
2026-08-25 13:35:00+09:00,113.853,113.879,113.853,113.871
2026-08-25 13:40:00+09:00,113.871,113.873,113.835,113.84
2026-08-25 13:45:00+09:00,113.839,113.84,113.807,113.816
2026-08-25 13:50:00+09:00,113.816,113.86,113.809,113.855
2026-08-25 13:55:00+09:00,113.855,113.891,113.851,113.891
2026-08-25 14:00:00+09:00,113.891,113.914,113.882,113.896
2026-08-25 14:05:00+09:00,113.896,113.928,113.892,113.922
2026-08-25 14:10:00+09:00,113.922,113.948,113.921,113.927
2026-08-25 14:15:00+09:00,113.927,113.942,113.924,113.936
2026-08-25 14:20:00+09:00,113.936,113.944,113.921,113.93
2026-08-25 14:25:00+09:00,113.93,113.978,113.928,113.962
2026-08-25 14:30:00+09:00,113.962,113.975,113.953,113.975
2026-08-25 14:35:00+09:00,113.975,113.982,113.966,113.97
2026-08-25 14:40:00+09:00,113.97,113.973,113.925,113.931
2026-08-25 14:45:00+09:00,113.931,113.948,113.916,113.923
2026-08-25 14:50:00+09:00,113.923,113.931,113.91,113.928
2026-08-25 14:55:00+09:00,113.928,113.934,113.877,113.906
2026-08-25 15:00:00+09:00,113.906,113.943,113.901,113.909
2026-08-25 15:05:00+09:00,113.909,113.912,113.88,113.881
2026-08-25 15:10:00+09:00,113.881,113.906,113.862,113.898
2026-08-25 15:15:00+09:00,113.897,113.91,113.891,113.895
2026-08-25 15:20:00+09:00,113.895,113.92,113.88,113.913
2026-08-25 15:25:00+09:00,113.913,113.916,113.896,113.898
2026-08-25 15:30:00+09:00,113.898,113.924,113.886,113.886
2026-08-25 15:35:00+09:00,113.886,113.888,113.867,113.874
2026-08-25 15:40:00+09:00,113.874,113.874,113.855,113.87
2026-08-25 15:45:00+09:00,113.871,113.878,113.866,113.873
2026-08-25 15:50:00+09:00,113.873,113.874,113.834,113.842
2026-08-25 15:55:00+09:00,113.841,113.897,113.839,113.895
2026-08-25 16:00:00+09:00,113.895,113.914,113.866,113.888
2026-08-25 16:05:00+09:00,113.888,113.893,113.846,113.88
2026-08-25 16:10:00+09:00,113.88,113.889,113.86,113.873
2026-08-25 16:15:00+09:00,113.873,113.894,113.865,113.878
2026-08-25 16:20:00+09:00,113.878,113.911,113.868,113.899
2026-08-25 16:25:00+09:00,113.899,113.947,113.892,113.918
2026-08-25 16:30:00+09:00,113.918,113.938,113.904,113.915
2026-08-25 16:35:00+09:00,113.915,113.918,113.872,113.892
2026-08-25 16:40:00+09:00,113.892,113.909,113.881,113.898
2026-08-25 16:45:00+09:00,113.898,113.917,113.885,113.902
2026-08-25 16:50:00+09:00,113.902,113.918,113.892,113.915
2026-08-25 16:55:00+09:00,113.915,113.92,113.9,113.904
2026-08-25 17:00:00+09:00,113.904,113.922,113.875,113.875
2026-08-25 17:05:00+09:00,113.876,113.902,113.874,113.881
2026-08-25 17:10:00+09:00,113.881,113.887,113.844,113.871
2026-08-25 17:15:00+09:00,113.871,113.922,113.869,113.919
2026-08-25 17:20:00+09:00,113.919,113.966,113.901,113.958
2026-08-25 17:25:00+09:00,113.96,113.965,113.896,113.936
2026-08-25 17:30:00+09:00,113.934,113.937,113.881,113.896
2026-08-25 17:35:00+09:00,113.895,113.91,113.884,113.89
2026-08-25 17:40:00+09:00,113.89,113.899,113.878,113.887
2026-08-25 17:45:00+09:00,113.887,113.897,113.882,113.889
2026-08-25 17:50:00+09:00,113.889,113.923,113.889,113.909
2026-08-25 17:55:00+09:00,113.909,113.936,113.908,113.916
2026-08-25 18:00:00+09:00,113.916,113.921,113.883,113.888
2026-08-25 18:05:00+09:00,113.888,113.907,113.882,113.904
2026-08-25 18:10:00+09:00,113.904,113.908,113.863,113.877
2026-08-25 18:15:00+09:00,113.878,113.911,113.871,113.91
2026-08-25 18:20:00+09:00,113.91,113.938,113.903,113.927
2026-08-25 18:25:00+09:00,113.927,113.939,113.9,113.902
2026-08-25 18:30:00+09:00,113.902,113.959,113.892,113.955
2026-08-25 18:35:00+09:00,113.955,113.958,113.915,113.919
2026-08-25 18:40:00+09:00,113.919,113.956,113.914,113.952
2026-08-25 18:45:00+09:00,113.952,113.992,113.936,113.989
2026-08-25 18:50:00+09:00,113.989,113.998,113.974,113.976
2026-08-25 18:55:00+09:00,113.976,113.98,113.957,113.96
2026-08-25 19:00:00+09:00,113.96,113.962,113.927,113.931
2026-08-25 19:05:00+09:00,113.931,113.949,113.93,113.942
2026-08-25 19:10:00+09:00,113.942,113.954,113.919,113.927
2026-08-25 19:15:00+09:00,113.927,113.935,113.916,113.92
2026-08-25 19:20:00+09:00,113.92,113.926,113.899,113.899
2026-08-25 19:25:00+09:00,113.899,113.924,113.898,113.915
2026-08-25 19:30:00+09:00,113.915,113.926,113.905,113.909
2026-08-25 19:35:00+09:00,113.909,113.915,113.902,113.908
2026-08-25 19:40:00+09:00,113.908,113.925,113.908,113.921
2026-08-25 19:45:00+09:00,113.921,113.926,113.914,113.923
2026-08-25 19:50:00+09:00,113.923,113.94,113.92,113.928
2026-08-25 19:55:00+09:00,113.928,113.943,113.925,113.938
2026-08-25 20:00:00+09:00,113.938,113.938,113.911,113.934
2026-08-25 20:05:00+09:00,113.934,113.934,113.915,113.926
2026-08-25 20:10:00+09:00,113.927,113.946,113.915,113.937
2026-08-25 20:15:00+09:00,113.937,113.945,113.932,113.941
2026-08-25 20:20:00+09:00,113.941,113.969,113.939,113.963
2026-08-25 20:25:00+09:00,113.963,113.975,113.957,113.975
2026-08-25 20:30:00+09:00,113.975,113.976,113.958,113.971
2026-08-25 20:35:00+09:00,113.971,113.98,113.961,113.975
2026-08-25 20:40:00+09:00,113.974,113.982,113.968,113.973
2026-08-25 20:45:00+09:00,113.973,113.985,113.967,113.974
2026-08-25 20:50:00+09:00,113.974,113.985,113.964,113.964
2026-08-25 20:55:00+09:00,113.964,113.965,113.92,113.929
2026-08-25 21:00:00+09:00,113.929,113.936,113.891,113.916
2026-08-25 21:05:00+09:00,113.916,113.928,113.912,113.914
2026-08-25 21:10:00+09:00,113.914,113.935,113.91,113.93
2026-08-25 21:15:00+09:00,113.93,113.939,113.915,113.922
2026-08-25 21:20:00+09:00,113.922,113.929,113.89,113.904
2026-08-25 21:25:00+09:00,113.904,113.919,113.903,113.915
2026-08-25 21:30:00+09:00,113.915,113.915,113.895,113.897
2026-08-25 21:35:00+09:00,113.897,113.913,113.885,113.89
2026-08-25 21:40:00+09:00,113.89,113.931,113.888,113.922
2026-08-25 21:45:00+09:00,113.922,113.927,113.908,113.919
2026-08-25 21:50:00+09:00,113.919,113.936,113.918,113.926
2026-08-25 21:55:00+09:00,113.927,113.975,113.926,113.971
2026-08-25 22:00:00+09:00,113.972,113.973,113.936,113.955
2026-08-25 22:05:00+09:00,113.954,113.99,113.953,113.982
2026-08-25 22:10:00+09:00,113.982,113.997,113.966,113.975
2026-08-25 22:15:00+09:00,113.975,114.011,113.963,114.005
2026-08-25 22:20:00+09:00,114.005,114.008,113.98,113.983
2026-08-25 22:25:00+09:00,113.983,113.987,113.945,113.946
2026-08-25 22:30:00+09:00,113.946,113.999,113.928,113.992
2026-08-25 22:35:00+09:00,113.994,113.996,113.952,113.959
2026-08-25 22:40:00+09:00,113.959,113.965,113.94,113.951
2026-08-25 22:45:00+09:00,113.951,113.981,113.942,113.96
2026-08-25 22:50:00+09:00,113.96,113.965,113.938,113.952
2026-08-25 22:55:00+09:00,113.952,113.979,113.928,113.973
2026-08-25 23:00:00+09:00,113.974,113.995,113.967,113.979
2026-08-25 23:05:00+09:00,113.979,113.995,113.974,113.984
2026-08-25 23:10:00+09:00,113.984,114.002,113.982,113.992
2026-08-25 23:15:00+09:00,113.992,114.014,113.976,113.989
2026-08-25 23:20:00+09:00,113.989,114.015,113.982,113.991
2026-08-25 23:25:00+09:00,113.991,114.0,113.97,113.996
2026-08-25 23:30:00+09:00,113.996,114.001,113.967,113.986
2026-08-25 23:35:00+09:00,113.987,114.033,113.986,114.028
2026-08-25 23:40:00+09:00,114.028,114.03,113.991,114.005
2026-08-25 23:45:00+09:00,114.005,114.043,114.004,114.035
2026-08-25 23:50:00+09:00,114.035,114.038,113.971,113.971
2026-08-25 23:55:00+09:00,113.97,114.001,113.951,113.971
2026-08-26 00:00:00+09:00,113.971,113.987,113.957,113.967
2026-08-26 00:05:00+09:00,113.967,113.976,113.951,113.961
2026-08-26 00:10:00+09:00,113.961,113.963,113.934,113.94
2026-08-26 00:15:00+09:00,113.94,113.955,113.932,113.954
2026-08-26 00:20:00+09:00,113.954,113.968,113.946,113.949
2026-08-26 00:25:00+09:00,113.949,113.976,113.938,113.974
2026-08-26 00:30:00+09:00,113.974,113.999,113.968,113.991
2026-08-26 00:35:00+09:00,113.991,114.014,113.988,113.993
2026-08-26 00:40:00+09:00,113.993,113.994,113.969,113.975
2026-08-26 00:45:00+09:00,113.975,113.982,113.964,113.977
2026-08-26 00:50:00+09:00,113.977,113.984,113.973,113.975
2026-08-26 00:55:00+09:00,113.976,113.995,113.973,113.992
2026-08-26 01:00:00+09:00,113.992,114.004,113.983,113.986
2026-08-26 01:05:00+09:00,113.986,114.007,113.978,113.98
2026-08-26 01:10:00+09:00,113.98,113.983,113.971,113.977
2026-08-26 01:15:00+09:00,113.977,113.984,113.959,113.973
2026-08-26 01:20:00+09:00,113.973,113.973,113.957,113.973
2026-08-26 01:25:00+09:00,113.973,113.976,113.959,113.962
2026-08-26 01:30:00+09:00,113.962,113.982,113.961,113.97
2026-08-26 01:35:00+09:00,113.97,113.979,113.962,113.972
2026-08-26 01:40:00+09:00,113.972,113.975,113.964,113.969
2026-08-26 01:45:00+09:00,113.969,113.982,113.969,113.98
2026-08-26 01:50:00+09:00,113.98,113.981,113.971,113.974
2026-08-26 01:55:00+09:00,113.974,113.979,113.957,113.97
2026-08-26 02:00:00+09:00,113.97,113.984,113.965,113.968
2026-08-26 02:05:00+09:00,113.968,113.975,113.96,113.964
2026-08-26 02:10:00+09:00,113.964,113.975,113.961,113.967
2026-08-26 02:15:00+09:00,113.967,113.992,113.967,113.985
2026-08-26 02:20:00+09:00,113.985,113.993,113.977,113.979
2026-08-26 02:25:00+09:00,113.979,113.979,113.971,113.974
2026-08-26 02:30:00+09:00,113.974,113.982,113.966,113.978
2026-08-26 02:35:00+09:00,113.978,113.991,113.978,113.985
2026-08-26 02:40:00+09:00,113.985,113.986,113.972,113.978
2026-08-26 02:45:00+09:00,113.978,113.991,113.977,113.985
2026-08-26 02:50:00+09:00,113.984,113.987,113.963,113.974
2026-08-26 02:55:00+09:00,113.974,113.981,113.964,113.967
2026-08-26 03:00:00+09:00,113.967,113.974,113.96,113.966
2026-08-26 03:05:00+09:00,113.966,113.975,113.959,113.963
2026-08-26 03:10:00+09:00,113.963,113.969,113.955,113.958
2026-08-26 03:15:00+09:00,113.958,113.974,113.955,113.974
2026-08-26 03:20:00+09:00,113.974,113.977,113.964,113.976
2026-08-26 03:25:00+09:00,113.976,113.984,113.974,113.982
2026-08-26 03:30:00+09:00,113.982,113.987,113.978,113.984
2026-08-26 03:35:00+09:00,113.984,113.993,113.981,113.993
2026-08-26 03:40:00+09:00,113.993,114.005,113.992,114.005
2026-08-26 03:45:00+09:00,114.005,114.014,114.002,114.009
2026-08-26 03:50:00+09:00,114.009,114.014,113.998,114.013
2026-08-26 03:55:00+09:00,114.013,114.013,113.998,114.0
2026-08-26 04:00:00+09:00,114.0,114.004,113.991,114.003
2026-08-26 04:05:00+09:00,114.003,114.016,113.997,114.015
2026-08-26 04:10:00+09:00,114.016,114.022,114.005,114.011
2026-08-26 04:15:00+09:00,114.011,114.014,114.003,114.004
2026-08-26 04:20:00+09:00,114.004,114.007,113.985,113.988
2026-08-26 04:25:00+09:00,113.988,114.001,113.986,114.0
2026-08-26 04:30:00+09:00,114.0,114.003,113.991,113.993
2026-08-26 04:35:00+09:00,113.993,114.002,113.987,114.001
2026-08-26 04:40:00+09:00,114.001,114.004,113.994,113.999
2026-08-26 04:45:00+09:00,113.999,114.009,113.999,114.005
2026-08-26 04:50:00+09:00,114.005,114.024,113.997,114.004
2026-08-26 04:55:00+09:00,114.004,114.031,113.993,114.03
2026-08-26 05:00:00+09:00,114.03,114.04,114.012,114.04
2026-08-26 05:05:00+09:00,114.04,114.073,114.04,114.068
2026-08-26 05:10:00+09:00,114.067,114.072,114.052,114.063
2026-08-26 05:15:00+09:00,114.063,114.089,114.061,114.085
2026-08-26 05:20:00+09:00,114.085,114.099,114.079,114.098
2026-08-26 05:25:00+09:00,114.098,114.115,114.089,114.092
2026-08-26 05:30:00+09:00,114.092,114.114,114.092,114.098
2026-08-26 05:35:00+09:00,114.098,114.098,114.077,114.081
2026-08-26 05:40:00+09:00,114.081,114.096,114.07,114.07
2026-08-26 05:45:00+09:00,114.07,114.108,114.07,114.097
2026-08-26 05:50:00+09:00,114.097,114.117,114.092,114.115
2026-08-26 05:55:00+09:00,114.114,114.119,114.074,114.089
2026-08-26 06:00:00+09:00,114.089,114.112,114.079,114.104
2026-08-26 06:05:00+09:00,114.104,114.115,114.104,114.113
2026-08-26 06:10:00+09:00,114.113,114.113,114.088,114.089
2026-08-26 06:15:00+09:00,114.089,114.09,114.077,114.085
2026-08-26 06:20:00+09:00,114.085,114.096,114.076,114.085
2026-08-26 06:25:00+09:00,114.085,114.097,114.082,114.088
2026-08-26 06:30:00+09:00,114.088,114.094,114.082,114.084
2026-08-26 06:35:00+09:00,114.084,114.086,114.058,114.067
2026-08-26 06:40:00+09:00,114.067,114.08,114.062,114.062
2026-08-26 06:45:00+09:00,114.062,114.075,114.054,114.061
2026-08-26 06:50:00+09:00,114.061,114.071,114.053,114.068
2026-08-26 06:55:00+09:00,114.068,114.087,114.064,114.085
2026-08-26 07:00:00+09:00,114.085,114.107,114.083,114.102
2026-08-26 07:05:00+09:00,114.102,114.103,114.083,114.083
2026-08-26 07:10:00+09:00,114.083,114.085,114.069,114.078
2026-08-26 07:15:00+09:00,114.078,114.081,114.071,114.072
2026-08-26 07:20:00+09:00,114.072,114.072,114.06,114.061
2026-08-26 07:25:00+09:00,114.061,114.068,114.057,114.058
2026-08-26 07:30:00+09:00,114.058,114.066,114.058,114.062
2026-08-26 07:35:00+09:00,114.062,114.069,114.058,114.069
2026-08-26 07:40:00+09:00,114.069,114.079,114.065,114.078
2026-08-26 07:45:00+09:00,114.078,114.091,114.078,114.088
2026-08-26 07:50:00+09:00,114.088,114.093,114.084,114.085
2026-08-26 07:55:00+09:00,114.085,114.094,114.084,114.092
2026-08-26 08:00:00+09:00,114.092,114.093,114.078,114.086
2026-08-26 08:05:00+09:00,114.086,114.106,114.086,114.105
2026-08-26 08:10:00+09:00,114.105,114.107,114.095,114.101
2026-08-26 08:15:00+09:00,114.101,114.101,114.093,114.097
2026-08-26 08:20:00+09:00,114.097,114.109,114.097,114.108
2026-08-26 08:25:00+09:00,114.108,114.118,114.1,114.117
2026-08-26 08:30:00+09:00,114.117,114.125,114.113,114.122
2026-08-26 08:35:00+09:00,114.122,114.124,114.102,114.106
2026-08-26 08:40:00+09:00,114.106,114.123,114.104,114.12
2026-08-26 08:45:00+09:00,114.12,114.137,114.114,114.134
2026-08-26 08:50:00+09:00,114.134,114.137,114.112,114.115
2026-08-26 08:55:00+09:00,114.115,114.117,114.083,114.085
2026-08-26 09:00:00+09:00,114.085,114.103,114.076,114.091
2026-08-26 09:05:00+09:00,114.091,114.096,114.07,114.092
2026-08-26 09:10:00+09:00,114.092,114.126,114.091,114.123
2026-08-26 09:15:00+09:00,114.122,114.159,114.122,114.15
2026-08-26 09:20:00+09:00,114.149,114.154,114.114,114.124
2026-08-26 09:25:00+09:00,114.123,114.128,114.084,114.095
2026-08-26 09:30:00+09:00,114.095,114.1,114.072,114.074
2026-08-26 09:35:00+09:00,114.074,114.076,114.036,114.037
2026-08-26 09:40:00+09:00,114.037,114.05,114.017,114.043
2026-08-26 09:45:00+09:00,114.043,114.066,114.02,114.029
2026-08-26 09:50:00+09:00,114.029,114.037,113.996,113.999
2026-08-26 09:55:00+09:00,113.999,114.022,113.998,114.008
2026-08-26 10:00:00+09:00,114.008,114.022,113.989,114.004
2026-08-26 10:05:00+09:00,114.004,114.013,113.984,114.012
2026-08-26 10:10:00+09:00,114.012,114.012,113.979,113.98
2026-08-26 10:15:00+09:00,113.98,114.006,113.966,113.967
2026-08-26 10:20:00+09:00,113.967,113.982,113.964,113.971
2026-08-26 10:25:00+09:00,113.971,113.976,113.96,113.963
2026-08-26 10:30:00+09:00,113.963,114.212,113.962,114.163
2026-08-26 10:35:00+09:00,114.163,114.187,114.086,114.087
2026-08-26 10:40:00+09:00,114.086,114.123,114.072,114.089
2026-08-26 10:45:00+09:00,114.089,114.218,114.086,114.204
2026-08-26 10:50:00+09:00,114.203,114.204,114.156,114.171
2026-08-26 10:55:00+09:00,114.171,114.186,114.131,114.147
2026-08-26 11:00:00+09:00,114.147,114.147,114.028,114.083
2026-08-26 11:05:00+09:00,114.083,114.128,114.054,114.124
2026-08-26 11:10:00+09:00,114.124,114.139,114.096,114.133
2026-08-26 11:15:00+09:00,114.133,114.164,114.123,114.129
2026-08-26 11:20:00+09:00,114.129,114.157,114.094,114.102
2026-08-26 11:25:00+09:00,114.102,114.152,114.091,114.152
2026-08-26 11:30:00+09:00,114.151,114.216,114.151,114.214
2026-08-26 11:35:00+09:00,114.214,114.253,114.212,114.239
2026-08-26 11:40:00+09:00,114.239,114.239,114.186,114.197
2026-08-26 11:45:00+09:00,114.197,114.203,114.173,114.186
2026-08-26 11:50:00+09:00,114.186,114.202,114.181,114.184
2026-08-26 11:55:00+09:00,114.184,114.185,114.152,114.172
2026-08-26 12:00:00+09:00,114.172,114.185,114.147,114.166
2026-08-26 12:05:00+09:00,114.166,114.178,114.138,114.147
2026-08-26 12:10:00+09:00,114.147,114.172,114.14,114.171
2026-08-26 12:15:00+09:00,114.171,114.187,114.164,114.185
2026-08-26 12:20:00+09:00,114.185,114.195,114.167,114.195
2026-08-26 12:25:00+09:00,114.195,114.206,114.185,114.202
2026-08-26 12:30:00+09:00,114.202,114.226,114.173,114.184
2026-08-26 12:35:00+09:00,114.184,114.213,114.174,114.213
2026-08-26 12:40:00+09:00,114.214,114.242,114.206,114.234
2026-08-26 12:45:00+09:00,114.234,114.235,114.203,114.21
2026-08-26 12:50:00+09:00,114.21,114.225,114.186,114.186
2026-08-26 12:55:00+09:00,114.186,114.187,114.154,114.172
2026-08-26 13:00:00+09:00,114.172,114.192,114.161,114.187
2026-08-26 13:05:00+09:00,114.187,114.192,114.156,114.17
2026-08-26 13:10:00+09:00,114.17,114.176,114.155,114.173
2026-08-26 13:15:00+09:00,114.173,114.196,114.166,114.173
2026-08-26 13:20:00+09:00,114.173,114.186,114.161,114.171
2026-08-26 13:25:00+09:00,114.17,114.178,114.158,114.16
2026-08-26 13:30:00+09:00,114.16,114.16,114.125,114.133
2026-08-26 13:35:00+09:00,114.133,114.141,114.102,114.104
2026-08-26 13:40:00+09:00,114.104,114.125,114.103,114.118
2026-08-26 13:45:00+09:00,114.118,114.121,114.093,114.099
2026-08-26 13:50:00+09:00,114.099,114.149,114.098,114.133
2026-08-26 13:55:00+09:00,114.133,114.151,114.119,114.146
2026-08-26 14:00:00+09:00,114.146,114.182,114.146,114.17
2026-08-26 14:05:00+09:00,114.17,114.176,114.144,114.155
2026-08-26 14:10:00+09:00,114.155,114.166,114.15,114.15
2026-08-26 14:15:00+09:00,114.15,114.181,114.148,114.175
2026-08-26 14:20:00+09:00,114.175,114.186,114.166,114.183
2026-08-26 14:25:00+09:00,114.183,114.197,114.176,114.188
2026-08-26 14:30:00+09:00,114.188,114.202,114.18,114.187
2026-08-26 14:35:00+09:00,114.187,114.195,114.164,114.172
2026-08-26 14:40:00+09:00,114.172,114.2,114.171,114.198
2026-08-26 14:45:00+09:00,114.198,114.212,114.195,114.198
2026-08-26 14:50:00+09:00,114.198,114.222,114.193,114.212
2026-08-26 14:55:00+09:00,114.212,114.226,114.206,114.219
2026-08-26 15:00:00+09:00,114.219,114.234,114.191,114.231
2026-08-26 15:05:00+09:00,114.231,114.258,114.219,114.257
2026-08-26 15:10:00+09:00,114.257,114.299,114.254,114.269
2026-08-26 15:15:00+09:00,114.269,114.293,114.256,114.26
2026-08-26 15:20:00+09:00,114.26,114.268,114.206,114.229
2026-08-26 15:25:00+09:00,114.229,114.251,114.185,114.186
2026-08-26 15:30:00+09:00,114.185,114.186,114.144,114.157
2026-08-26 15:35:00+09:00,114.158,114.179,114.147,114.176
2026-08-26 15:40:00+09:00,114.176,114.203,114.17,114.194
2026-08-26 15:45:00+09:00,114.194,114.199,114.169,114.198
2026-08-26 15:50:00+09:00,114.198,114.199,114.182,114.192
2026-08-26 15:55:00+09:00,114.192,114.205,114.178,114.184
2026-08-26 16:00:00+09:00,114.184,114.192,114.151,114.167
2026-08-26 16:05:00+09:00,114.168,114.175,114.136,114.149
2026-08-26 16:10:00+09:00,114.148,114.171,114.14,114.167
2026-08-26 16:15:00+09:00,114.167,114.179,114.157,114.16
2026-08-26 16:20:00+09:00,114.16,114.16,114.12,114.133
2026-08-26 16:25:00+09:00,114.133,114.158,114.132,114.154
2026-08-26 16:30:00+09:00,114.153,114.168,114.144,114.164
2026-08-26 16:35:00+09:00,114.164,114.171,114.125,114.129
2026-08-26 16:40:00+09:00,114.129,114.159,114.129,114.158
2026-08-26 16:45:00+09:00,114.158,114.183,114.155,114.169
2026-08-26 16:50:00+09:00,114.169,114.172,114.141,114.154
2026-08-26 16:55:00+09:00,114.154,114.182,114.154,114.178
2026-08-26 17:00:00+09:00,114.178,114.178,114.157,114.159
2026-08-26 17:05:00+09:00,114.159,114.19,114.142,114.184
2026-08-26 17:10:00+09:00,114.184,114.231,114.183,114.226
2026-08-26 17:15:00+09:00,114.226,114.227,114.198,114.206
2026-08-26 17:20:00+09:00,114.206,114.214,114.19,114.191
2026-08-26 17:25:00+09:00,114.192,114.207,114.178,114.196
2026-08-26 17:30:00+09:00,114.196,114.203,114.178,114.182
2026-08-26 17:35:00+09:00,114.182,114.193,114.15,114.166
2026-08-26 17:40:00+09:00,114.166,114.195,114.164,114.182
2026-08-26 17:45:00+09:00,114.181,114.188,114.166,114.182
2026-08-26 17:50:00+09:00,114.182,114.188,114.165,114.166
2026-08-26 17:55:00+09:00,114.166,114.196,114.166,114.192
2026-08-26 18:00:00+09:00,114.192,114.217,114.181,114.183
2026-08-26 18:05:00+09:00,114.183,114.197,114.182,114.192
2026-08-26 18:10:00+09:00,114.193,114.21,114.187,114.206
2026-08-26 18:15:00+09:00,114.207,114.208,114.184,114.185
2026-08-26 18:20:00+09:00,114.185,114.189,114.135,114.154
2026-08-26 18:25:00+09:00,114.15,114.16,114.133,114.147
2026-08-26 18:30:00+09:00,114.147,114.17,114.146,114.152
2026-08-26 18:35:00+09:00,114.152,114.164,114.145,114.163
2026-08-26 18:40:00+09:00,114.163,114.174,114.141,114.141
2026-08-26 18:45:00+09:00,114.141,114.171,114.14,114.165
2026-08-26 18:50:00+09:00,114.165,114.182,114.156,114.161
2026-08-26 18:55:00+09:00,114.16,114.188,114.16,114.181
2026-08-26 19:00:00+09:00,114.181,114.192,114.177,114.179
2026-08-26 19:05:00+09:00,114.179,114.196,114.178,114.184
2026-08-26 19:10:00+09:00,114.184,114.197,114.183,114.194
2026-08-26 19:15:00+09:00,114.194,114.203,114.188,114.193
2026-08-26 19:20:00+09:00,114.193,114.196,114.186,114.189
2026-08-26 19:25:00+09:00,114.189,114.208,114.189,114.195
2026-08-26 19:30:00+09:00,114.197,114.211,114.194,114.211
2026-08-26 19:35:00+09:00,114.211,114.215,114.192,114.212
2026-08-26 19:40:00+09:00,114.212,114.224,114.204,114.221
2026-08-26 19:45:00+09:00,114.221,114.237,114.217,114.233
2026-08-26 19:50:00+09:00,114.233,114.246,114.233,114.242
2026-08-26 19:55:00+09:00,114.242,114.254,114.235,114.238
2026-08-26 20:00:00+09:00,114.238,114.25,114.22,114.247
2026-08-26 20:05:00+09:00,114.246,114.255,114.239,114.25
2026-08-26 20:10:00+09:00,114.25,114.269,114.249,114.268
2026-08-26 20:15:00+09:00,114.268,114.279,114.25,114.253
2026-08-26 20:20:00+09:00,114.253,114.279,114.253,114.276
2026-08-26 20:25:00+09:00,114.276,114.305,114.276,114.287
2026-08-26 20:30:00+09:00,114.287,114.299,114.281,114.283
2026-08-26 20:35:00+09:00,114.283,114.303,114.283,114.29
2026-08-26 20:40:00+09:00,114.291,114.3,114.286,114.289
2026-08-26 20:45:00+09:00,114.289,114.299,114.281,114.282
2026-08-26 20:50:00+09:00,114.282,114.297,114.279,114.294
2026-08-26 20:55:00+09:00,114.294,114.309,114.292,114.299
2026-08-26 21:00:00+09:00,114.299,114.312,114.288,114.293
2026-08-26 21:05:00+09:00,114.294,114.3,114.282,114.295
2026-08-26 21:10:00+09:00,114.295,114.313,114.284,114.308
2026-08-26 21:15:00+09:00,114.308,114.31,114.292,114.301
2026-08-26 21:20:00+09:00,114.301,114.301,114.264,114.264
2026-08-26 21:25:00+09:00,114.264,114.275,114.253,114.261
2026-08-26 21:30:00+09:00,114.261,114.297,114.236,114.292
2026-08-26 21:35:00+09:00,114.291,114.33,114.289,114.304
2026-08-26 21:40:00+09:00,114.303,114.315,114.267,114.269
2026-08-26 21:45:00+09:00,114.269,114.308,114.252,114.306
2026-08-26 21:50:00+09:00,114.306,114.317,114.276,114.295
2026-08-26 21:55:00+09:00,114.294,114.313,114.271,114.285
2026-08-26 22:00:00+09:00,114.285,114.32,114.274,114.305
2026-08-26 22:05:00+09:00,114.305,114.316,114.285,114.294
2026-08-26 22:10:00+09:00,114.294,114.326,114.291,114.306
2026-08-26 22:15:00+09:00,114.305,114.319,114.284,114.302
2026-08-26 22:20:00+09:00,114.302,114.313,114.288,114.312
2026-08-26 22:25:00+09:00,114.312,114.322,114.281,114.312
2026-08-26 22:30:00+09:00,114.313,114.341,114.307,114.34
2026-08-26 22:35:00+09:00,114.339,114.35,114.319,114.329
2026-08-26 22:40:00+09:00,114.33,114.385,114.317,114.379
2026-08-26 22:45:00+09:00,114.379,114.391,114.36,114.387
2026-08-26 22:50:00+09:00,114.387,114.396,114.378,114.388
2026-08-26 22:55:00+09:00,114.388,114.406,114.367,114.382
2026-08-26 23:00:00+09:00,114.382,114.384,114.31,114.354
2026-08-26 23:05:00+09:00,114.354,114.359,114.324,114.335
2026-08-26 23:10:00+09:00,114.335,114.352,114.327,114.339
2026-08-26 23:15:00+09:00,114.339,114.36,114.325,114.337
2026-08-26 23:20:00+09:00,114.337,114.34,114.296,114.31
2026-08-26 23:25:00+09:00,114.31,114.317,114.282,114.286
2026-08-26 23:30:00+09:00,114.287,114.324,114.283,114.322
2026-08-26 23:35:00+09:00,114.322,114.338,114.316,114.323
2026-08-26 23:40:00+09:00,114.323,114.325,114.287,114.302
2026-08-26 23:45:00+09:00,114.301,114.308,114.276,114.279
2026-08-26 23:50:00+09:00,114.279,114.287,114.225,114.252
2026-08-26 23:55:00+09:00,114.252,114.271,114.217,114.226
2026-08-27 00:00:00+09:00,114.226,114.247,114.222,114.227
2026-08-27 00:05:00+09:00,114.228,114.235,114.212,114.234
2026-08-27 00:10:00+09:00,114.234,114.243,114.203,114.206
2026-08-27 00:15:00+09:00,114.206,114.207,114.19,114.198
2026-08-27 00:20:00+09:00,114.198,114.223,114.197,114.217
2026-08-27 00:25:00+09:00,114.217,114.232,114.216,114.229
2026-08-27 00:30:00+09:00,114.229,114.252,114.224,114.241
2026-08-27 00:35:00+09:00,114.241,114.249,114.231,114.248
2026-08-27 00:40:00+09:00,114.249,114.255,114.239,114.254
2026-08-27 00:45:00+09:00,114.253,114.253,114.235,114.242
2026-08-27 00:50:00+09:00,114.242,114.244,114.212,114.235
2026-08-27 00:55:00+09:00,114.235,114.253,114.235,114.239
2026-08-27 01:00:00+09:00,114.239,114.254,114.225,114.254
2026-08-27 01:05:00+09:00,114.254,114.275,114.248,114.261
2026-08-27 01:10:00+09:00,114.261,114.263,114.237,114.241
2026-08-27 01:15:00+09:00,114.241,114.257,114.23,114.255
2026-08-27 01:20:00+09:00,114.255,114.273,114.246,114.269
2026-08-27 01:25:00+09:00,114.269,114.273,114.258,114.268
2026-08-27 01:30:00+09:00,114.269,114.287,114.259,114.279
2026-08-27 01:35:00+09:00,114.279,114.281,114.254,114.255
2026-08-27 01:40:00+09:00,114.255,114.272,114.25,114.253
2026-08-27 01:45:00+09:00,114.253,114.274,114.243,114.261
2026-08-27 01:50:00+09:00,114.26,114.276,114.258,114.267
2026-08-27 01:55:00+09:00,114.267,114.291,114.263,114.289
2026-08-27 02:00:00+09:00,114.289,114.289,114.275,114.281
2026-08-27 02:05:00+09:00,114.281,114.295,114.279,114.29
2026-08-27 02:10:00+09:00,114.29,114.304,114.285,114.304
2026-08-27 02:15:00+09:00,114.304,114.319,114.298,114.319
2026-08-27 02:20:00+09:00,114.319,114.329,114.318,114.319
2026-08-27 02:25:00+09:00,114.319,114.334,114.314,114.331
2026-08-27 02:30:00+09:00,114.332,114.344,114.321,114.337
2026-08-27 02:35:00+09:00,114.337,114.338,114.325,114.329
2026-08-27 02:40:00+09:00,114.329,114.335,114.32,114.334
2026-08-27 02:45:00+09:00,114.334,114.342,114.329,114.341
2026-08-27 02:50:00+09:00,114.341,114.347,114.333,114.338
2026-08-27 02:55:00+09:00,114.338,114.345,114.334,114.339
2026-08-27 03:00:00+09:00,114.339,114.352,114.334,114.339
2026-08-27 03:05:00+09:00,114.339,114.353,114.338,114.347
2026-08-27 03:10:00+09:00,114.347,114.357,114.34,114.344
2026-08-27 03:15:00+09:00,114.344,114.344,114.336,114.343
2026-08-27 03:20:00+09:00,114.343,114.344,114.33,114.331
2026-08-27 03:25:00+09:00,114.331,114.34,114.326,114.329
2026-08-27 03:30:00+09:00,114.329,114.334,114.323,114.326
2026-08-27 03:35:00+09:00,114.326,114.333,114.322,114.325
2026-08-27 03:40:00+09:00,114.325,114.336,114.324,114.327
2026-08-27 03:45:00+09:00,114.327,114.332,114.319,114.324
2026-08-27 03:50:00+09:00,114.323,114.33,114.321,114.327
2026-08-27 03:55:00+09:00,114.327,114.329,114.306,114.319
2026-08-27 04:00:00+09:00,114.319,114.337,114.319,114.324
2026-08-27 04:05:00+09:00,114.324,114.326,114.314,114.314
2026-08-27 04:10:00+09:00,114.314,114.321,114.307,114.309
2026-08-27 04:15:00+09:00,114.309,114.323,114.309,114.322
2026-08-27 04:20:00+09:00,114.322,114.33,114.316,114.327
2026-08-27 04:25:00+09:00,114.327,114.334,114.326,114.332
2026-08-27 04:30:00+09:00,114.332,114.334,114.302,114.307
2026-08-27 04:35:00+09:00,114.307,114.315,114.305,114.306
2026-08-27 04:40:00+09:00,114.306,114.307,114.289,114.291
2026-08-27 04:45:00+09:00,114.291,114.301,114.288,114.297
2026-08-27 04:50:00+09:00,114.297,114.298,114.276,114.276
2026-08-27 04:55:00+09:00,114.276,114.312,114.276,114.31
2026-08-27 05:00:00+09:00,114.31,114.313,114.303,114.307
2026-08-27 05:05:00+09:00,114.307,114.329,114.305,114.314
2026-08-27 05:10:00+09:00,114.314,114.319,114.309,114.312
2026-08-27 05:15:00+09:00,114.312,114.315,114.307,114.311
2026-08-27 05:20:00+09:00,114.311,114.312,114.292,114.307
2026-08-27 05:25:00+09:00,114.307,114.308,114.287,114.29
2026-08-27 05:30:00+09:00,114.29,114.303,114.29,114.3
2026-08-27 05:35:00+09:00,114.3,114.302,114.289,114.289
2026-08-27 05:40:00+09:00,114.289,114.292,114.273,114.283
2026-08-27 05:45:00+09:00,114.282,114.332,114.281,114.324
2026-08-27 05:50:00+09:00,114.324,114.339,114.322,114.336
2026-08-27 05:55:00+09:00,114.337,114.339,114.277,114.277
2026-08-27 06:00:00+09:00,114.277,114.292,114.241,114.241
2026-08-27 06:05:00+09:00,114.241,114.245,114.233,114.244
2026-08-27 06:10:00+09:00,114.244,114.247,114.229,114.233
2026-08-27 06:15:00+09:00,114.233,114.276,114.233,114.274
2026-08-27 06:20:00+09:00,114.274,114.297,114.273,114.292
2026-08-27 06:25:00+09:00,114.292,114.317,114.262,114.27
2026-08-27 06:30:00+09:00,114.27,114.289,114.255,114.276
2026-08-27 06:35:00+09:00,114.276,114.283,114.268,114.277
2026-08-27 06:40:00+09:00,114.277,114.289,114.271,114.288
2026-08-27 06:45:00+09:00,114.288,114.34,114.271,114.323
2026-08-27 06:50:00+09:00,114.323,114.338,114.321,114.336
2026-08-27 06:55:00+09:00,114.336,114.361,114.335,114.35
2026-08-27 07:00:00+09:00,114.348,114.383,114.342,114.352
2026-08-27 07:05:00+09:00,114.352,114.352,114.332,114.336
2026-08-27 07:10:00+09:00,114.337,114.338,114.312,114.337
2026-08-27 07:15:00+09:00,114.337,114.346,114.328,114.345
2026-08-27 07:20:00+09:00,114.345,114.347,114.33,114.331
2026-08-27 07:25:00+09:00,114.331,114.334,114.323,114.33
2026-08-27 07:30:00+09:00,114.33,114.335,114.324,114.332
2026-08-27 07:35:00+09:00,114.332,114.349,114.332,114.343
2026-08-27 07:40:00+09:00,114.343,114.358,114.341,114.354
2026-08-27 07:45:00+09:00,114.354,114.369,114.347,114.351
2026-08-27 07:50:00+09:00,114.351,114.362,114.349,114.354
2026-08-27 07:55:00+09:00,114.354,114.38,114.354,114.376
2026-08-27 08:00:00+09:00,114.376,114.386,114.36,114.377
2026-08-27 08:05:00+09:00,114.377,114.4,114.375,114.392
2026-08-27 08:10:00+09:00,114.392,114.408,114.383,114.391
2026-08-27 08:15:00+09:00,114.391,114.391,114.364,114.378
2026-08-27 08:20:00+09:00,114.378,114.382,114.359,114.364
2026-08-27 08:25:00+09:00,114.364,114.377,114.361,114.363
2026-08-27 08:30:00+09:00,114.363,114.382,114.361,114.381
2026-08-27 08:35:00+09:00,114.381,114.389,114.378,114.384
2026-08-27 08:40:00+09:00,114.384,114.41,114.378,114.408
2026-08-27 08:45:00+09:00,114.408,114.425,114.406,114.425
2026-08-27 08:50:00+09:00,114.424,114.425,114.39,114.395
2026-08-27 08:55:00+09:00,114.395,114.396,114.377,114.38
2026-08-27 09:00:00+09:00,114.38,114.383,114.289,114.303
2026-08-27 09:05:00+09:00,114.303,114.307,114.262,114.264
2026-08-27 09:10:00+09:00,114.264,114.269,114.196,114.218
2026-08-27 09:15:00+09:00,114.218,114.251,114.203,114.249
2026-08-27 09:20:00+09:00,114.249,114.267,114.245,114.252
2026-08-27 09:25:00+09:00,114.252,114.268,114.231,114.261
2026-08-27 09:30:00+09:00,114.261,114.274,114.255,114.265
2026-08-27 09:35:00+09:00,114.265,114.274,114.233,114.237
2026-08-27 09:40:00+09:00,114.237,114.241,114.217,114.219
2026-08-27 09:45:00+09:00,114.219,114.256,114.219,114.252
2026-08-27 09:50:00+09:00,114.252,114.268,114.226,114.242
2026-08-27 09:55:00+09:00,114.242,114.316,114.237,114.31
2026-08-27 10:00:00+09:00,114.31,114.348,114.309,114.322
2026-08-27 10:05:00+09:00,114.322,114.36,114.318,114.329
2026-08-27 10:10:00+09:00,114.329,114.331,114.297,114.306
2026-08-27 10:15:00+09:00,114.306,114.317,114.274,114.317
2026-08-27 10:20:00+09:00,114.317,114.366,114.317,114.362
2026-08-27 10:25:00+09:00,114.362,114.372,114.317,114.319
2026-08-27 10:30:00+09:00,114.319,114.403,114.316,114.366
2026-08-27 10:35:00+09:00,114.366,114.413,114.346,114.394
2026-08-27 10:40:00+09:00,114.394,114.394,114.328,114.33
2026-08-27 10:45:00+09:00,114.33,114.384,114.321,114.378
2026-08-27 10:50:00+09:00,114.378,114.397,114.37,114.397
2026-08-27 10:55:00+09:00,114.397,114.411,114.378,114.41
2026-08-27 11:00:00+09:00,114.41,114.429,114.396,114.419
2026-08-27 11:05:00+09:00,114.419,114.452,114.419,114.438
2026-08-27 11:10:00+09:00,114.438,114.451,114.431,114.449
2026-08-27 11:15:00+09:00,114.449,114.483,114.448,114.483
2026-08-27 11:20:00+09:00,114.483,114.497,114.473,114.489
2026-08-27 11:25:00+09:00,114.489,114.505,114.477,114.492
2026-08-27 11:30:00+09:00,114.492,114.51,114.491,114.498
2026-08-27 11:35:00+09:00,114.498,114.511,114.471,114.472
2026-08-27 11:40:00+09:00,114.473,114.478,114.442,114.467
2026-08-27 11:45:00+09:00,114.466,114.471,114.449,114.456
2026-08-27 11:50:00+09:00,114.456,114.462,114.433,114.433
2026-08-27 11:55:00+09:00,114.433,114.448,114.432,114.448
2026-08-27 12:00:00+09:00,114.448,114.458,114.43,114.435
2026-08-27 12:05:00+09:00,114.435,114.441,114.422,114.428
2026-08-27 12:10:00+09:00,114.428,114.436,114.421,114.435
2026-08-27 12:15:00+09:00,114.435,114.45,114.428,114.449
2026-08-27 12:20:00+09:00,114.449,114.474,114.444,114.474
2026-08-27 12:25:00+09:00,114.474,114.486,114.451,114.453
2026-08-27 12:30:00+09:00,114.453,114.472,114.449,114.467
2026-08-27 12:35:00+09:00,114.467,114.468,114.457,114.464
2026-08-27 12:40:00+09:00,114.464,114.471,114.448,114.451
2026-08-27 12:45:00+09:00,114.451,114.465,114.447,114.451
2026-08-27 12:50:00+09:00,114.451,114.458,114.447,114.457
2026-08-27 12:55:00+09:00,114.457,114.466,114.456,114.456
2026-08-27 13:00:00+09:00,114.456,114.478,114.456,114.462
2026-08-27 13:05:00+09:00,114.462,114.483,114.451,114.482
2026-08-27 13:10:00+09:00,114.482,114.504,114.482,114.5
2026-08-27 13:15:00+09:00,114.5,114.51,114.497,114.502
2026-08-27 13:20:00+09:00,114.502,114.506,114.492,114.492
2026-08-27 13:25:00+09:00,114.492,114.494,114.484,114.485
2026-08-27 13:30:00+09:00,114.485,114.488,114.455,114.456
2026-08-27 13:35:00+09:00,114.456,114.46,114.448,114.452
2026-08-27 13:40:00+09:00,114.452,114.469,114.441,114.458
2026-08-27 13:45:00+09:00,114.458,114.49,114.457,114.489
2026-08-27 13:50:00+09:00,114.489,114.51,114.483,114.499
2026-08-27 13:55:00+09:00,114.499,114.526,114.496,114.509
2026-08-27 14:00:00+09:00,114.509,114.516,114.474,114.475
2026-08-27 14:05:00+09:00,114.475,114.51,114.475,114.48
2026-08-27 14:10:00+09:00,114.48,114.483,114.455,114.466
2026-08-27 14:15:00+09:00,114.466,114.466,114.421,114.423
2026-08-27 14:20:00+09:00,114.423,114.461,114.417,114.459
2026-08-27 14:25:00+09:00,114.459,114.459,114.43,114.438
2026-08-27 14:30:00+09:00,114.438,114.439,114.412,114.433
2026-08-27 14:35:00+09:00,114.432,114.439,114.422,114.439
2026-08-27 14:40:00+09:00,114.439,114.448,114.426,114.443
2026-08-27 14:45:00+09:00,114.443,114.481,114.443,114.463
2026-08-27 14:50:00+09:00,114.463,114.469,114.439,114.467
2026-08-27 14:55:00+09:00,114.467,114.473,114.454,114.467
2026-08-27 15:00:00+09:00,114.467,114.471,114.433,114.456
2026-08-27 15:05:00+09:00,114.456,114.476,114.449,114.474
2026-08-27 15:10:00+09:00,114.474,114.492,114.474,114.487
2026-08-27 15:15:00+09:00,114.487,114.508,114.479,114.502
2026-08-27 15:20:00+09:00,114.502,114.51,114.49,114.496
2026-08-27 15:25:00+09:00,114.496,114.519,114.488,114.514
2026-08-27 15:30:00+09:00,114.513,114.526,114.48,114.486
2026-08-27 15:35:00+09:00,114.486,114.494,114.477,114.485
2026-08-27 15:40:00+09:00,114.485,114.488,114.467,114.473
2026-08-27 15:45:00+09:00,114.473,114.503,114.452,114.453
2026-08-27 15:50:00+09:00,114.453,114.471,114.436,114.469
2026-08-27 15:55:00+09:00,114.469,114.492,114.465,114.487
2026-08-27 16:00:00+09:00,114.487,114.495,114.47,114.487
2026-08-27 16:05:00+09:00,114.488,114.503,114.464,114.473
2026-08-27 16:10:00+09:00,114.474,114.482,114.455,114.466
2026-08-27 16:15:00+09:00,114.466,114.467,114.413,114.443
2026-08-27 16:20:00+09:00,114.443,114.444,114.399,114.404
2026-08-27 16:25:00+09:00,114.404,114.413,114.397,114.403
2026-08-27 16:30:00+09:00,114.403,114.422,114.394,114.411
2026-08-27 16:35:00+09:00,114.411,114.454,114.411,114.454
2026-08-27 16:40:00+09:00,114.454,114.463,114.437,114.456
2026-08-27 16:45:00+09:00,114.456,114.47,114.444,114.445
2026-08-27 16:50:00+09:00,114.445,114.448,114.424,114.444
2026-08-27 16:55:00+09:00,114.444,114.447,114.426,114.436
2026-08-27 17:00:00+09:00,114.436,114.466,114.436,114.444
2026-08-27 17:05:00+09:00,114.444,114.486,114.442,114.482
2026-08-27 17:10:00+09:00,114.482,114.485,114.454,114.469
2026-08-27 17:15:00+09:00,114.469,114.505,114.466,114.473
2026-08-27 17:20:00+09:00,114.473,114.478,114.45,114.477
2026-08-27 17:25:00+09:00,114.477,114.511,114.476,114.491
2026-08-27 17:30:00+09:00,114.492,114.501,114.462,114.464
2026-08-27 17:35:00+09:00,114.464,114.478,114.446,114.477
2026-08-27 17:40:00+09:00,114.477,114.48,114.453,114.458
2026-08-27 17:45:00+09:00,114.458,114.458,114.433,114.438
2026-08-27 17:50:00+09:00,114.438,114.464,114.435,114.462
2026-08-27 17:55:00+09:00,114.462,114.463,114.443,114.446
2026-08-27 18:00:00+09:00,114.446,114.452,114.385,114.391
2026-08-27 18:05:00+09:00,114.391,114.434,114.39,114.417
2026-08-27 18:10:00+09:00,114.418,114.448,114.416,114.416
2026-08-27 18:15:00+09:00,114.416,114.442,114.411,114.412
2026-08-27 18:20:00+09:00,114.412,114.434,114.409,114.426
2026-08-27 18:25:00+09:00,114.426,114.469,114.426,114.464
2026-08-27 18:30:00+09:00,114.463,114.472,114.448,114.462
2026-08-27 18:35:00+09:00,114.462,114.464,114.433,114.447
2026-08-27 18:40:00+09:00,114.447,114.458,114.439,114.447
2026-08-27 18:45:00+09:00,114.447,114.458,114.434,114.436
2026-08-27 18:50:00+09:00,114.437,114.458,114.428,114.45
2026-08-27 18:55:00+09:00,114.45,114.459,114.441,114.443
2026-08-27 19:00:00+09:00,114.443,114.455,114.432,114.448
2026-08-27 19:05:00+09:00,114.448,114.47,114.445,114.47
2026-08-27 19:10:00+09:00,114.47,114.487,114.468,114.474
2026-08-27 19:15:00+09:00,114.474,114.488,114.461,114.486
2026-08-27 19:20:00+09:00,114.486,114.489,114.461,114.469
2026-08-27 19:25:00+09:00,114.469,114.487,114.466,114.48
2026-08-27 19:30:00+09:00,114.48,114.502,114.48,114.495
2026-08-27 19:35:00+09:00,114.495,114.502,114.482,114.485
2026-08-27 19:40:00+09:00,114.485,114.499,114.476,114.49
2026-08-27 19:45:00+09:00,114.49,114.509,114.488,114.495
2026-08-27 19:50:00+09:00,114.495,114.514,114.49,114.508
2026-08-27 19:55:00+09:00,114.508,114.523,114.496,114.502
2026-08-27 20:00:00+09:00,114.502,114.505,114.487,114.501
2026-08-27 20:05:00+09:00,114.501,114.509,114.496,114.502
2026-08-27 20:10:00+09:00,114.502,114.511,114.492,114.501
2026-08-27 20:15:00+09:00,114.501,114.508,114.493,114.503
2026-08-27 20:20:00+09:00,114.503,114.517,114.498,114.513
2026-08-27 20:25:00+09:00,114.513,114.521,114.506,114.514
2026-08-27 20:30:00+09:00,114.514,114.532,114.503,114.51
2026-08-27 20:35:00+09:00,114.51,114.539,114.506,114.539
2026-08-27 20:40:00+09:00,114.538,114.553,114.538,114.548
2026-08-27 20:45:00+09:00,114.548,114.556,114.539,114.54
2026-08-27 20:50:00+09:00,114.539,114.554,114.533,114.551
2026-08-27 20:55:00+09:00,114.551,114.589,114.539,114.587
2026-08-27 21:00:00+09:00,114.587,114.621,114.58,114.602
2026-08-27 21:05:00+09:00,114.602,114.607,114.58,114.603
2026-08-27 21:10:00+09:00,114.603,114.621,114.59,114.619
2026-08-27 21:15:00+09:00,114.619,114.624,114.587,114.59
2026-08-27 21:20:00+09:00,114.59,114.626,114.59,114.607
2026-08-27 21:25:00+09:00,114.607,114.623,114.602,114.617
2026-08-27 21:30:00+09:00,114.619,114.638,114.607,114.614
2026-08-27 21:35:00+09:00,114.614,114.62,114.585,114.591
2026-08-27 21:40:00+09:00,114.591,114.595,114.577,114.579
2026-08-27 21:45:00+09:00,114.579,114.583,114.566,114.568
2026-08-27 21:50:00+09:00,114.568,114.58,114.55,114.572
2026-08-27 21:55:00+09:00,114.572,114.589,114.571,114.579
2026-08-27 22:00:00+09:00,114.58,114.6,114.563,114.595
2026-08-27 22:05:00+09:00,114.595,114.645,114.59,114.644
2026-08-27 22:10:00+09:00,114.643,114.682,114.641,114.67
2026-08-27 22:15:00+09:00,114.67,114.682,114.651,114.653
2026-08-27 22:20:00+09:00,114.653,114.683,114.644,114.683
2026-08-27 22:25:00+09:00,114.683,114.684,114.648,114.648
2026-08-27 22:30:00+09:00,114.648,114.661,114.626,114.635
2026-08-27 22:35:00+09:00,114.634,114.64,114.622,114.626
2026-08-27 22:40:00+09:00,114.626,114.632,114.608,114.616
2026-08-27 22:45:00+09:00,114.616,114.617,114.571,114.6
2026-08-27 22:50:00+09:00,114.6,114.649,114.599,114.635
2026-08-27 22:55:00+09:00,114.635,114.639,114.612,114.623
2026-08-27 23:00:00+09:00,114.623,114.633,114.611,114.63
2026-08-27 23:05:00+09:00,114.63,114.639,114.611,114.618
2026-08-27 23:10:00+09:00,114.618,114.619,114.576,114.588
2026-08-27 23:15:00+09:00,114.588,114.616,114.586,114.598
2026-08-27 23:20:00+09:00,114.599,114.634,114.596,114.601
2026-08-27 23:25:00+09:00,114.601,114.606,114.591,114.601
2026-08-27 23:30:00+09:00,114.601,114.615,114.592,114.611
2026-08-27 23:35:00+09:00,114.611,114.631,114.601,114.615
2026-08-27 23:40:00+09:00,114.615,114.63,114.587,114.627
2026-08-27 23:45:00+09:00,114.627,114.642,114.616,114.616
2026-08-27 23:50:00+09:00,114.616,114.623,114.573,114.573
2026-08-27 23:55:00+09:00,114.573,114.587,114.523,114.582
2026-08-28 00:00:00+09:00,114.582,114.608,114.56,114.596
2026-08-28 00:05:00+09:00,114.596,114.601,114.574,114.593
2026-08-28 00:10:00+09:00,114.593,114.624,114.59,114.614
2026-08-28 00:15:00+09:00,114.614,114.622,114.599,114.607
2026-08-28 00:20:00+09:00,114.607,114.621,114.6,114.603
2026-08-28 00:25:00+09:00,114.603,114.616,114.594,114.608
2026-08-28 00:30:00+09:00,114.608,114.622,114.602,114.622
2026-08-28 00:35:00+09:00,114.622,114.639,114.616,114.625
2026-08-28 00:40:00+09:00,114.625,114.634,114.607,114.607
2026-08-28 00:45:00+09:00,114.607,114.622,114.6,114.613
2026-08-28 00:50:00+09:00,114.612,114.627,114.611,114.615
2026-08-28 00:55:00+09:00,114.615,114.631,114.613,114.629
2026-08-28 01:00:00+09:00,114.629,114.639,114.624,114.635
2026-08-28 01:05:00+09:00,114.635,114.638,114.605,114.605
2026-08-28 01:10:00+09:00,114.605,114.607,114.583,114.59
2026-08-28 01:15:00+09:00,114.59,114.592,114.581,114.582
2026-08-28 01:20:00+09:00,114.582,114.593,114.575,114.588
2026-08-28 01:25:00+09:00,114.588,114.606,114.587,114.592
2026-08-28 01:30:00+09:00,114.592,114.6,114.592,114.598
2026-08-28 01:35:00+09:00,114.599,114.616,114.599,114.616
2026-08-28 01:40:00+09:00,114.616,114.617,114.607,114.612
2026-08-28 01:45:00+09:00,114.612,114.643,114.61,114.633
2026-08-28 01:50:00+09:00,114.633,114.644,114.626,114.629
2026-08-28 01:55:00+09:00,114.629,114.653,114.62,114.651
2026-08-28 02:00:00+09:00,114.65,114.652,114.636,114.642
2026-08-28 02:05:00+09:00,114.642,114.656,114.635,114.656
2026-08-28 02:10:00+09:00,114.655,114.662,114.651,114.66
2026-08-28 02:15:00+09:00,114.66,114.664,114.655,114.657
2026-08-28 02:20:00+09:00,114.657,114.661,114.649,114.653
2026-08-28 02:25:00+09:00,114.653,114.662,114.653,114.66
2026-08-28 02:30:00+09:00,114.66,114.67,114.658,114.667
2026-08-28 02:35:00+09:00,114.667,114.682,114.665,114.681
2026-08-28 02:40:00+09:00,114.681,114.695,114.677,114.678
2026-08-28 02:45:00+09:00,114.678,114.696,114.678,114.692
2026-08-28 02:50:00+09:00,114.692,114.701,114.692,114.694
2026-08-28 02:55:00+09:00,114.694,114.721,114.694,114.72
2026-08-28 03:00:00+09:00,114.72,114.728,114.718,114.724
2026-08-28 03:05:00+09:00,114.723,114.736,114.721,114.733
2026-08-28 03:10:00+09:00,114.733,114.734,114.71,114.712
2026-08-28 03:15:00+09:00,114.712,114.715,114.697,114.7
2026-08-28 03:20:00+09:00,114.7,114.701,114.686,114.687
2026-08-28 03:25:00+09:00,114.687,114.692,114.672,114.674
2026-08-28 03:30:00+09:00,114.674,114.687,114.672,114.684
2026-08-28 03:35:00+09:00,114.684,114.7,114.683,114.7
2026-08-28 03:40:00+09:00,114.7,114.703,114.693,114.701
2026-08-28 03:45:00+09:00,114.701,114.719,114.699,114.712
2026-08-28 03:50:00+09:00,114.711,114.716,114.705,114.709
2026-08-28 03:55:00+09:00,114.709,114.726,114.701,114.724
2026-08-28 04:00:00+09:00,114.724,114.729,114.703,114.712
2026-08-28 04:05:00+09:00,114.712,114.721,114.709,114.718
2026-08-28 04:10:00+09:00,114.718,114.732,114.718,114.727
2026-08-28 04:15:00+09:00,114.727,114.735,114.715,114.729
2026-08-28 04:20:00+09:00,114.729,114.729,114.711,114.713
2026-08-28 04:25:00+09:00,114.713,114.717,114.708,114.71
2026-08-28 04:30:00+09:00,114.71,114.723,114.706,114.711
2026-08-28 04:35:00+09:00,114.711,114.713,114.704,114.706
2026-08-28 04:40:00+09:00,114.706,114.713,114.705,114.71
2026-08-28 04:45:00+09:00,114.71,114.716,114.707,114.709
2026-08-28 04:50:00+09:00,114.71,114.71,114.693,114.706
2026-08-28 04:55:00+09:00,114.706,114.724,114.706,114.717
2026-08-28 05:00:00+09:00,114.717,114.724,114.706,114.707
2026-08-28 05:05:00+09:00,114.707,114.716,114.705,114.712
2026-08-28 05:10:00+09:00,114.712,114.726,114.708,114.713
2026-08-28 05:15:00+09:00,114.713,114.713,114.698,114.704
2026-08-28 05:20:00+09:00,114.704,114.706,114.7,114.701
2026-08-28 05:25:00+09:00,114.701,114.703,114.688,114.689
2026-08-28 05:30:00+09:00,114.689,114.69,114.686,114.689
2026-08-28 05:35:00+09:00,114.689,114.69,114.681,114.682
2026-08-28 05:40:00+09:00,114.682,114.686,114.678,114.678
2026-08-28 05:45:00+09:00,114.678,114.723,114.677,114.723
2026-08-28 05:50:00+09:00,114.723,114.729,114.718,114.726
2026-08-28 05:55:00+09:00,114.726,114.741,114.69,114.699
2026-08-28 06:00:00+09:00,114.699,114.7,114.668,114.671
2026-08-28 06:05:00+09:00,114.671,114.704,114.658,114.702
2026-08-28 06:10:00+09:00,114.702,114.704,114.656,114.697
2026-08-28 06:15:00+09:00,114.697,114.732,114.697,114.714
2026-08-28 06:20:00+09:00,114.714,114.733,114.692,114.725
2026-08-28 06:25:00+09:00,114.725,114.735,114.721,114.721
2026-08-28 06:30:00+09:00,114.721,114.73,114.714,114.73
2026-08-28 06:35:00+09:00,114.73,114.73,114.724,114.727
2026-08-28 06:40:00+09:00,114.727,114.729,114.708,114.713
2026-08-28 06:45:00+09:00,114.713,114.72,114.702,114.706
2026-08-28 06:50:00+09:00,114.706,114.706,114.702,114.706
2026-08-28 06:55:00+09:00,114.706,114.722,114.705,114.72
2026-08-28 07:00:00+09:00,114.72,114.738,114.707,114.713
2026-08-28 07:05:00+09:00,114.713,114.715,114.698,114.702
2026-08-28 07:10:00+09:00,114.702,114.704,114.673,114.683
2026-08-28 07:15:00+09:00,114.683,114.687,114.679,114.682
2026-08-28 07:20:00+09:00,114.682,114.693,114.68,114.692
2026-08-28 07:25:00+09:00,114.692,114.702,114.692,114.702
2026-08-28 07:30:00+09:00,114.702,114.707,114.699,114.701
2026-08-28 07:35:00+09:00,114.701,114.703,114.691,114.697
2026-08-28 07:40:00+09:00,114.697,114.703,114.696,114.697
2026-08-28 07:45:00+09:00,114.697,114.697,114.684,114.685
2026-08-28 07:50:00+09:00,114.685,114.695,114.681,114.692
2026-08-28 07:55:00+09:00,114.692,114.696,114.685,114.687
2026-08-28 08:00:00+09:00,114.687,114.688,114.669,114.674
2026-08-28 08:05:00+09:00,114.674,114.675,114.668,114.668
2026-08-28 08:10:00+09:00,114.668,114.68,114.662,114.662
2026-08-28 08:15:00+09:00,114.662,114.666,114.658,114.659
2026-08-28 08:20:00+09:00,114.659,114.659,114.644,114.649
2026-08-28 08:25:00+09:00,114.649,114.661,114.649,114.656
2026-08-28 08:30:00+09:00,114.658,114.666,114.655,114.657
2026-08-28 08:35:00+09:00,114.657,114.663,114.647,114.654
2026-08-28 08:40:00+09:00,114.654,114.661,114.651,114.659
2026-08-28 08:45:00+09:00,114.659,114.659,114.638,114.638
2026-08-28 08:50:00+09:00,114.638,114.665,114.638,114.661
2026-08-28 08:55:00+09:00,114.661,114.661,114.643,114.654
2026-08-28 09:00:00+09:00,114.654,114.657,114.628,114.65
2026-08-28 09:05:00+09:00,114.65,114.682,114.646,114.68
2026-08-28 09:10:00+09:00,114.68,114.695,114.675,114.691
2026-08-28 09:15:00+09:00,114.691,114.702,114.684,114.69
2026-08-28 09:20:00+09:00,114.69,114.695,114.684,114.691
2026-08-28 09:25:00+09:00,114.691,114.716,114.684,114.714
2026-08-28 09:30:00+09:00,114.714,114.719,114.7,114.711
2026-08-28 09:35:00+09:00,114.711,114.721,114.693,114.7
2026-08-28 09:40:00+09:00,114.7,114.7,114.686,114.696
2026-08-28 09:45:00+09:00,114.696,114.712,114.688,114.695
2026-08-28 09:50:00+09:00,114.695,114.71,114.646,114.651
2026-08-28 09:55:00+09:00,114.65,114.698,114.646,114.69
2026-08-28 10:00:00+09:00,114.69,114.736,114.68,114.73
2026-08-28 10:05:00+09:00,114.73,114.75,114.725,114.735
2026-08-28 10:10:00+09:00,114.734,114.738,114.716,114.718
2026-08-28 10:15:00+09:00,114.719,114.731,114.706,114.731
2026-08-28 10:20:00+09:00,114.731,114.733,114.711,114.72
2026-08-28 10:25:00+09:00,114.72,114.722,114.686,114.696
2026-08-28 10:30:00+09:00,114.696,114.716,114.694,114.716
2026-08-28 10:35:00+09:00,114.716,114.743,114.716,114.736
2026-08-28 10:40:00+09:00,114.736,114.746,114.722,114.745
2026-08-28 10:45:00+09:00,114.745,114.755,114.732,114.754
2026-08-28 10:50:00+09:00,114.753,114.763,114.735,114.74
2026-08-28 10:55:00+09:00,114.74,114.749,114.73,114.746
2026-08-28 11:00:00+09:00,114.747,114.771,114.746,114.764
2026-08-28 11:05:00+09:00,114.764,114.783,114.763,114.779
2026-08-28 11:10:00+09:00,114.779,114.79,114.774,114.781
2026-08-28 11:15:00+09:00,114.781,114.788,114.76,114.78
2026-08-28 11:20:00+09:00,114.78,114.808,114.78,114.806
2026-08-28 11:25:00+09:00,114.806,114.833,114.789,114.793
2026-08-28 11:30:00+09:00,114.793,114.84,114.792,114.84
2026-08-28 11:35:00+09:00,114.84,114.842,114.811,114.813
2026-08-28 11:40:00+09:00,114.813,114.82,114.797,114.806
2026-08-28 11:45:00+09:00,114.805,114.831,114.798,114.83
2026-08-28 11:50:00+09:00,114.83,114.851,114.825,114.844
2026-08-28 11:55:00+09:00,114.844,114.872,114.841,114.864
2026-08-28 12:00:00+09:00,114.864,114.88,114.858,114.876
2026-08-28 12:05:00+09:00,114.876,114.88,114.864,114.868
2026-08-28 12:10:00+09:00,114.868,114.89,114.86,114.888
2026-08-28 12:15:00+09:00,114.887,114.888,114.875,114.879
2026-08-28 12:20:00+09:00,114.879,114.879,114.872,114.877
2026-08-28 12:25:00+09:00,114.877,114.885,114.866,114.872
2026-08-28 12:30:00+09:00,114.872,114.878,114.859,114.86
2026-08-28 12:35:00+09:00,114.86,114.865,114.838,114.838
2026-08-28 12:40:00+09:00,114.839,114.841,114.809,114.812
2026-08-28 12:45:00+09:00,114.812,114.819,114.801,114.817
2026-08-28 12:50:00+09:00,114.817,114.826,114.812,114.821
2026-08-28 12:55:00+09:00,114.821,114.833,114.819,114.828
2026-08-28 13:00:00+09:00,114.828,114.836,114.822,114.828
2026-08-28 13:05:00+09:00,114.828,114.845,114.824,114.844
2026-08-28 13:10:00+09:00,114.844,114.845,114.834,114.84
2026-08-28 13:15:00+09:00,114.841,114.865,114.84,114.854
2026-08-28 13:20:00+09:00,114.854,114.867,114.851,114.852
2026-08-28 13:25:00+09:00,114.852,114.854,114.839,114.845
2026-08-28 13:30:00+09:00,114.845,114.851,114.837,114.843
2026-08-28 13:35:00+09:00,114.843,114.846,114.826,114.826
2026-08-28 13:40:00+09:00,114.827,114.827,114.818,114.822
2026-08-28 13:45:00+09:00,114.822,114.845,114.822,114.827
2026-08-28 13:50:00+09:00,114.827,114.829,114.812,114.816
2026-08-28 13:55:00+09:00,114.816,114.824,114.802,114.816
2026-08-28 14:00:00+09:00,114.816,114.846,114.816,114.825
2026-08-28 14:05:00+09:00,114.825,114.832,114.801,114.815
2026-08-28 14:10:00+09:00,114.815,114.817,114.788,114.79
2026-08-28 14:15:00+09:00,114.79,114.794,114.773,114.793
2026-08-28 14:20:00+09:00,114.793,114.823,114.789,114.819
2026-08-28 14:25:00+09:00,114.819,114.821,114.8,114.808
2026-08-28 14:30:00+09:00,114.808,114.833,114.802,114.818
2026-08-28 14:35:00+09:00,114.818,114.82,114.757,114.764
2026-08-28 14:40:00+09:00,114.763,114.793,114.761,114.781
2026-08-28 14:45:00+09:00,114.781,114.803,114.772,114.787
2026-08-28 14:50:00+09:00,114.787,114.793,114.779,114.788
2026-08-28 14:55:00+09:00,114.788,114.801,114.778,114.78
2026-08-28 15:00:00+09:00,114.78,114.819,114.775,114.818
2026-08-28 15:05:00+09:00,114.818,114.818,114.796,114.811
2026-08-28 15:10:00+09:00,114.811,114.829,114.809,114.82
2026-08-28 15:15:00+09:00,114.82,114.825,114.811,114.822
2026-08-28 15:20:00+09:00,114.822,114.831,114.802,114.812
2026-08-28 15:25:00+09:00,114.812,114.843,114.812,114.832
2026-08-28 15:30:00+09:00,114.832,114.846,114.803,114.807
2026-08-28 15:35:00+09:00,114.807,114.81,114.746,114.746
2026-08-28 15:40:00+09:00,114.745,114.786,114.729,114.783
2026-08-28 15:45:00+09:00,114.783,114.814,114.773,114.813
2026-08-28 15:50:00+09:00,114.813,114.816,114.794,114.808
2026-08-28 15:55:00+09:00,114.808,114.818,114.772,114.773
2026-08-28 16:00:00+09:00,114.773,114.786,114.761,114.775
2026-08-28 16:05:00+09:00,114.775,114.779,114.734,114.735
2026-08-28 16:10:00+09:00,114.735,114.774,114.732,114.756
2026-08-28 16:15:00+09:00,114.756,114.757,114.724,114.727
2026-08-28 16:20:00+09:00,114.728,114.756,114.719,114.745
2026-08-28 16:25:00+09:00,114.745,114.756,114.714,114.721
2026-08-28 16:30:00+09:00,114.721,114.773,114.721,114.766
2026-08-28 16:35:00+09:00,114.766,114.775,114.746,114.746
2026-08-28 16:40:00+09:00,114.746,114.771,114.744,114.766
2026-08-28 16:45:00+09:00,114.766,114.777,114.759,114.777
2026-08-28 16:50:00+09:00,114.776,114.785,114.764,114.772
2026-08-28 16:55:00+09:00,114.772,114.795,114.772,114.777
2026-08-28 17:00:00+09:00,114.778,114.803,114.772,114.777
2026-08-28 17:05:00+09:00,114.777,114.791,114.774,114.78
2026-08-28 17:10:00+09:00,114.78,114.795,114.772,114.794
2026-08-28 17:15:00+09:00,114.795,114.83,114.794,114.811
2026-08-28 17:20:00+09:00,114.811,114.818,114.78,114.785
2026-08-28 17:25:00+09:00,114.785,114.803,114.778,114.803
2026-08-28 17:30:00+09:00,114.803,114.806,114.778,114.796
2026-08-28 17:35:00+09:00,114.796,114.8,114.776,114.788
2026-08-28 17:40:00+09:00,114.788,114.788,114.767,114.78
2026-08-28 17:45:00+09:00,114.78,114.799,114.774,114.798
2026-08-28 17:50:00+09:00,114.798,114.824,114.796,114.809
2026-08-28 17:55:00+09:00,114.809,114.811,114.791,114.791
2026-08-28 18:00:00+09:00,114.792,114.811,114.784,114.795
2026-08-28 18:05:00+09:00,114.795,114.854,114.792,114.851
2026-08-28 18:10:00+09:00,114.85,114.86,114.843,114.855
2026-08-28 18:15:00+09:00,114.855,114.867,114.851,114.857
2026-08-28 18:20:00+09:00,114.858,114.884,114.854,114.872
2026-08-28 18:25:00+09:00,114.872,114.886,114.864,114.878
2026-08-28 18:30:00+09:00,114.878,114.887,114.874,114.877
2026-08-28 18:35:00+09:00,114.877,114.887,114.871,114.878
2026-08-28 18:40:00+09:00,114.878,114.909,114.878,114.906
2026-08-28 18:45:00+09:00,114.906,114.906,114.889,114.905
2026-08-28 18:50:00+09:00,114.904,114.92,114.902,114.919
2026-08-28 18:55:00+09:00,114.919,114.937,114.917,114.923
2026-08-28 19:00:00+09:00,114.924,114.931,114.918,114.926
2026-08-28 19:05:00+09:00,114.926,114.939,114.917,114.93
2026-08-28 19:10:00+09:00,114.93,114.956,114.93,114.94
2026-08-28 19:15:00+09:00,114.94,114.943,114.924,114.929
2026-08-28 19:20:00+09:00,114.929,114.946,114.925,114.946
2026-08-28 19:25:00+09:00,114.946,114.954,114.935,114.951
2026-08-28 19:30:00+09:00,114.951,114.963,114.942,114.953
2026-08-28 19:35:00+09:00,114.953,114.955,114.94,114.948
2026-08-28 19:40:00+09:00,114.948,114.955,114.934,114.953
2026-08-28 19:45:00+09:00,114.953,114.961,114.94,114.941
2026-08-28 19:50:00+09:00,114.941,114.954,114.93,114.948
2026-08-28 19:55:00+09:00,114.948,114.958,114.941,114.946
2026-08-28 20:00:00+09:00,114.946,114.949,114.922,114.933
2026-08-28 20:05:00+09:00,114.933,114.938,114.921,114.934
2026-08-28 20:10:00+09:00,114.934,114.938,114.924,114.927
2026-08-28 20:15:00+09:00,114.927,114.93,114.912,114.914
2026-08-28 20:20:00+09:00,114.913,114.928,114.91,114.922
2026-08-28 20:25:00+09:00,114.923,114.925,114.895,114.901
2026-08-28 20:30:00+09:00,114.9,114.914,114.897,114.911
2026-08-28 20:35:00+09:00,114.911,114.913,114.892,114.892
2026-08-28 20:40:00+09:00,114.892,114.917,114.892,114.908
2026-08-28 20:45:00+09:00,114.908,114.909,114.884,114.891
2026-08-28 20:50:00+09:00,114.891,114.893,114.874,114.888
2026-08-28 20:55:00+09:00,114.888,114.892,114.845,114.846
2026-08-28 21:00:00+09:00,114.845,114.866,114.838,114.862
2026-08-28 21:05:00+09:00,114.862,114.891,114.862,114.883
2026-08-28 21:10:00+09:00,114.883,114.885,114.862,114.877
2026-08-28 21:15:00+09:00,114.877,114.881,114.851,114.859
2026-08-28 21:20:00+09:00,114.859,114.894,114.858,114.877
2026-08-28 21:25:00+09:00,114.876,114.885,114.846,114.848
2026-08-28 21:30:00+09:00,114.848,114.848,114.815,114.822
2026-08-28 21:35:00+09:00,114.823,114.85,114.811,114.835
2026-08-28 21:40:00+09:00,114.835,114.862,114.832,114.857
2026-08-28 21:45:00+09:00,114.857,114.863,114.847,114.861
2026-08-28 21:50:00+09:00,114.861,114.888,114.853,114.887
2026-08-28 21:55:00+09:00,114.887,114.923,114.886,114.921
2026-08-28 22:00:00+09:00,114.921,114.964,114.914,114.961
2026-08-28 22:05:00+09:00,114.961,114.962,114.934,114.949
2026-08-28 22:10:00+09:00,114.949,114.966,114.94,114.954
2026-08-28 22:15:00+09:00,114.954,114.958,114.94,114.944
2026-08-28 22:20:00+09:00,114.944,114.952,114.936,114.938
2026-08-28 22:25:00+09:00,114.938,114.949,114.889,114.896
2026-08-28 22:30:00+09:00,114.896,114.917,114.895,114.905
2026-08-28 22:35:00+09:00,114.904,114.923,114.891,114.917
2026-08-28 22:40:00+09:00,114.917,114.93,114.908,114.916
2026-08-28 22:45:00+09:00,114.916,114.917,114.881,114.881
2026-08-28 22:50:00+09:00,114.881,114.889,114.848,114.887
2026-08-28 22:55:00+09:00,114.887,114.91,114.848,114.85
2026-08-28 23:00:00+09:00,114.853,114.92,114.712,114.726
2026-08-28 23:05:00+09:00,114.726,114.746,114.614,114.72
2026-08-28 23:10:00+09:00,114.72,114.735,114.656,114.707
2026-08-28 23:15:00+09:00,114.707,114.774,114.686,114.756
2026-08-28 23:20:00+09:00,114.756,114.775,114.672,114.703
2026-08-28 23:25:00+09:00,114.703,114.711,114.59,114.672
2026-08-28 23:30:00+09:00,114.672,114.778,114.665,114.764
2026-08-28 23:35:00+09:00,114.765,114.785,114.725,114.729
2026-08-28 23:40:00+09:00,114.729,114.777,114.7,114.741
2026-08-28 23:45:00+09:00,114.74,114.778,114.717,114.763
2026-08-28 23:50:00+09:00,114.763,114.839,114.749,114.832
2026-08-28 23:55:00+09:00,114.832,114.903,114.824,114.856
2026-08-29 00:00:00+09:00,114.856,114.869,114.813,114.832
2026-08-29 00:05:00+09:00,114.832,114.839,114.773,114.778
2026-08-29 00:10:00+09:00,114.777,114.792,114.749,114.755
2026-08-29 00:15:00+09:00,114.755,114.803,114.752,114.776
2026-08-29 00:20:00+09:00,114.776,114.797,114.76,114.769
2026-08-29 00:25:00+09:00,114.769,114.796,114.739,114.759
2026-08-29 00:30:00+09:00,114.759,114.776,114.72,114.73
2026-08-29 00:35:00+09:00,114.73,114.757,114.709,114.715
2026-08-29 00:40:00+09:00,114.715,114.73,114.689,114.724
2026-08-29 00:45:00+09:00,114.724,114.753,114.69,114.698
2026-08-29 00:50:00+09:00,114.698,114.712,114.673,114.683
2026-08-29 00:55:00+09:00,114.684,114.687,114.604,114.616
2026-08-29 01:00:00+09:00,114.616,114.636,114.601,114.628
2026-08-29 01:05:00+09:00,114.628,114.662,114.615,114.657
2026-08-29 01:10:00+09:00,114.657,114.677,114.626,114.626
2026-08-29 01:15:00+09:00,114.626,114.638,114.592,114.599
2026-08-29 01:20:00+09:00,114.598,114.626,114.589,114.611
2026-08-29 01:25:00+09:00,114.61,114.66,114.607,114.649
2026-08-29 01:30:00+09:00,114.649,114.7,114.649,114.672
2026-08-29 01:35:00+09:00,114.672,114.691,114.671,114.687
2026-08-29 01:40:00+09:00,114.687,114.7,114.657,114.672
2026-08-29 01:45:00+09:00,114.672,114.723,114.672,114.722
2026-08-29 01:50:00+09:00,114.722,114.743,114.706,114.723
2026-08-29 01:55:00+09:00,114.724,114.727,114.705,114.713
2026-08-29 02:00:00+09:00,114.713,114.713,114.661,114.661
2026-08-29 02:05:00+09:00,114.661,114.692,114.651,114.679
2026-08-29 02:10:00+09:00,114.679,114.696,114.668,114.694
2026-08-29 02:15:00+09:00,114.694,114.694,114.675,114.691
2026-08-29 02:20:00+09:00,114.691,114.701,114.677,114.688
2026-08-29 02:25:00+09:00,114.688,114.692,114.677,114.678
2026-08-29 02:30:00+09:00,114.678,114.682,114.66,114.67
2026-08-29 02:35:00+09:00,114.67,114.682,114.64,114.641
2026-08-29 02:40:00+09:00,114.641,114.664,114.639,114.664
2026-08-29 02:45:00+09:00,114.664,114.677,114.657,114.67
2026-08-29 02:50:00+09:00,114.67,114.677,114.66,114.663
2026-08-29 02:55:00+09:00,114.663,114.663,114.653,114.658
2026-08-29 03:00:00+09:00,114.658,114.66,114.633,114.633
2026-08-29 03:05:00+09:00,114.633,114.659,114.63,114.643
2026-08-29 03:10:00+09:00,114.643,114.667,114.637,114.644
2026-08-29 03:15:00+09:00,114.644,114.655,114.629,114.64
2026-08-29 03:20:00+09:00,114.64,114.644,114.616,114.616
2026-08-29 03:25:00+09:00,114.616,114.649,114.614,114.634
2026-08-29 03:30:00+09:00,114.634,114.642,114.62,114.642
2026-08-29 03:35:00+09:00,114.642,114.652,114.634,114.638
2026-08-29 03:40:00+09:00,114.638,114.652,114.632,114.648
2026-08-29 03:45:00+09:00,114.648,114.65,114.628,114.632
2026-08-29 03:50:00+09:00,114.632,114.645,114.629,114.635
2026-08-29 03:55:00+09:00,114.635,114.648,114.63,114.644
2026-08-29 04:00:00+09:00,114.644,114.655,114.619,114.62
2026-08-29 04:05:00+09:00,114.62,114.64,114.618,114.638
2026-08-29 04:10:00+09:00,114.638,114.645,114.633,114.638
2026-08-29 04:15:00+09:00,114.638,114.647,114.631,114.638
2026-08-29 04:20:00+09:00,114.638,114.646,114.632,114.643
2026-08-29 04:25:00+09:00,114.643,114.652,114.641,114.651
2026-08-29 04:30:00+09:00,114.651,114.669,114.641,114.669
2026-08-29 04:35:00+09:00,114.669,114.683,114.665,114.679
2026-08-29 04:40:00+09:00,114.679,114.686,114.672,114.682
2026-08-29 04:45:00+09:00,114.682,114.684,114.655,114.678
2026-08-29 04:50:00+09:00,114.677,114.688,114.668,114.669
2026-08-29 04:55:00+09:00,114.669,114.697,114.667,114.671
2026-08-29 05:00:00+09:00,114.671,114.674,114.654,114.664
2026-08-29 05:05:00+09:00,114.663,114.671,114.647,114.659
2026-08-29 05:10:00+09:00,114.659,114.666,114.655,114.657
2026-08-29 05:15:00+09:00,114.657,114.664,114.65,114.661
2026-08-29 05:20:00+09:00,114.661,114.662,114.64,114.645
2026-08-29 05:25:00+09:00,114.645,114.647,114.625,114.626
2026-08-29 05:30:00+09:00,114.626,114.629,114.61,114.624
2026-08-29 05:35:00+09:00,114.624,114.629,114.618,114.62
2026-08-29 05:40:00+09:00,114.62,114.648,114.619,114.644
2026-08-29 05:45:00+09:00,114.644,114.702,114.644,114.699
2026-08-29 05:50:00+09:00,114.699,114.713,114.675,114.683
2026-08-29 05:55:00+09:00,114.683,114.711,114.678,114.707
2026-08-31 07:00:00+09:00,114.726,114.731,114.673,114.691
2026-08-31 07:05:00+09:00,114.691,114.703,114.686,114.686
2026-08-31 07:10:00+09:00,114.686,114.697,114.681,114.694
2026-08-31 07:15:00+09:00,114.694,114.71,114.692,114.709
2026-08-31 07:20:00+09:00,114.709,114.727,114.709,114.721
2026-08-31 07:25:00+09:00,114.72,114.723,114.692,114.694
2026-08-31 07:30:00+09:00,114.694,114.712,114.692,114.704
2026-08-31 07:35:00+09:00,114.704,114.708,114.686,114.697
2026-08-31 07:40:00+09:00,114.7,114.71,114.681,114.681
2026-08-31 07:45:00+09:00,114.681,114.693,114.681,114.685
2026-08-31 07:50:00+09:00,114.685,114.69,114.68,114.685
2026-08-31 07:55:00+09:00,114.685,114.693,114.68,114.692
2026-08-31 08:00:00+09:00,114.692,114.692,114.669,114.676
2026-08-31 08:05:00+09:00,114.676,114.729,114.676,114.726
2026-08-31 08:10:00+09:00,114.726,114.738,114.712,114.712
2026-08-31 08:15:00+09:00,114.711,114.719,114.708,114.71
2026-08-31 08:20:00+09:00,114.72,114.728,114.704,114.711
2026-08-31 08:25:00+09:00,114.711,114.717,114.707,114.71
2026-08-31 08:30:00+09:00,114.71,114.71,114.687,114.702
2026-08-31 08:35:00+09:00,114.702,114.708,114.691,114.697
2026-08-31 08:40:00+09:00,114.697,114.697,114.673,114.688
2026-08-31 08:45:00+09:00,114.688,114.699,114.641,114.645
2026-08-31 08:50:00+09:00,114.645,114.69,114.645,114.689
2026-08-31 08:55:00+09:00,114.689,114.689,114.646,114.647
2026-08-31 09:00:00+09:00,114.647,114.648,114.554,114.584
2026-08-31 09:05:00+09:00,114.584,114.586,114.547,114.578
2026-08-31 09:10:00+09:00,114.579,114.61,114.577,114.579
2026-08-31 09:15:00+09:00,114.579,114.589,114.548,114.549
2026-08-31 09:20:00+09:00,114.549,114.554,114.53,114.54
2026-08-31 09:25:00+09:00,114.54,114.545,114.51,114.522
2026-08-31 09:30:00+09:00,114.522,114.573,114.521,114.559
2026-08-31 09:35:00+09:00,114.56,114.624,114.558,114.623
2026-08-31 09:40:00+09:00,114.623,114.631,114.613,114.624
2026-08-31 09:45:00+09:00,114.624,114.637,114.614,114.621
2026-08-31 09:50:00+09:00,114.621,114.641,114.591,114.609
2026-08-31 09:55:00+09:00,114.61,114.625,114.591,114.595
2026-08-31 10:00:00+09:00,114.595,114.602,114.53,114.564
2026-08-31 10:05:00+09:00,114.564,114.567,114.517,114.526
2026-08-31 10:10:00+09:00,114.526,114.557,114.508,114.556
2026-08-31 10:15:00+09:00,114.556,114.564,114.518,114.538
2026-08-31 10:20:00+09:00,114.538,114.538,114.45,114.461
2026-08-31 10:25:00+09:00,114.463,114.479,114.441,114.473
2026-08-31 10:30:00+09:00,114.472,114.504,114.463,114.496
2026-08-31 10:35:00+09:00,114.494,114.54,114.49,114.538
2026-08-31 10:40:00+09:00,114.54,114.543,114.492,114.534
2026-08-31 10:45:00+09:00,114.533,114.544,114.515,114.529
2026-08-31 10:50:00+09:00,114.529,114.545,114.52,114.531
2026-08-31 10:55:00+09:00,114.531,114.551,114.52,114.542
2026-08-31 11:00:00+09:00,114.541,114.565,114.532,114.551
2026-08-31 11:05:00+09:00,114.552,114.56,114.523,114.526
2026-08-31 11:10:00+09:00,114.526,114.536,114.502,114.508
2026-08-31 11:15:00+09:00,114.494,114.512,114.462,114.472
2026-08-31 11:20:00+09:00,114.472,114.494,114.454,114.493
2026-08-31 11:25:00+09:00,114.493,114.509,114.474,114.495
2026-08-31 11:30:00+09:00,114.496,114.52,114.49,114.503
2026-08-31 11:35:00+09:00,114.503,114.512,114.471,114.485
2026-08-31 11:40:00+09:00,114.485,114.485,114.432,114.442
2026-08-31 11:45:00+09:00,114.442,114.473,114.442,114.448
2026-08-31 11:50:00+09:00,114.448,114.481,114.448,114.476
2026-08-31 11:55:00+09:00,114.476,114.511,114.471,114.5
2026-08-31 12:00:00+09:00,114.501,114.516,114.492,114.512
2026-08-31 12:05:00+09:00,114.512,114.545,114.512,114.542
2026-08-31 12:10:00+09:00,114.542,114.565,114.538,114.562
2026-08-31 12:15:00+09:00,114.562,114.573,114.543,114.543
2026-08-31 12:20:00+09:00,114.543,114.572,114.537,114.564
2026-08-31 12:25:00+09:00,114.564,114.575,114.555,114.558
2026-08-31 12:30:00+09:00,114.558,114.572,114.543,114.57
2026-08-31 12:35:00+09:00,114.57,114.574,114.537,114.537
2026-08-31 12:40:00+09:00,114.537,114.569,114.532,114.546
2026-08-31 12:45:00+09:00,114.546,114.546,114.528,114.538
2026-08-31 12:50:00+09:00,114.538,114.543,114.527,114.535
2026-08-31 12:55:00+09:00,114.535,114.546,114.535,114.538
2026-08-31 13:00:00+09:00,114.539,114.541,114.495,114.496
2026-08-31 13:05:00+09:00,114.496,114.504,114.481,114.496
2026-08-31 13:10:00+09:00,114.496,114.517,114.49,114.517
2026-08-31 13:15:00+09:00,114.517,114.526,114.514,114.52
2026-08-31 13:20:00+09:00,114.513,114.519,114.501,114.503
2026-08-31 13:25:00+09:00,114.503,114.519,114.492,114.517
2026-08-31 13:30:00+09:00,114.517,114.531,114.507,114.511
2026-08-31 13:35:00+09:00,114.511,114.517,114.504,114.513
2026-08-31 13:40:00+09:00,114.513,114.513,114.463,114.471
2026-08-31 13:45:00+09:00,114.471,114.494,114.47,114.486
2026-08-31 13:50:00+09:00,114.486,114.507,114.481,114.506
2026-08-31 13:55:00+09:00,114.506,114.516,114.495,114.513
2026-08-31 14:00:00+09:00,114.513,114.516,114.481,114.483
2026-08-31 14:05:00+09:00,114.483,114.485,114.458,114.461
2026-08-31 14:10:00+09:00,114.461,114.476,114.452,114.475
2026-08-31 14:15:00+09:00,114.475,114.513,114.468,114.512
2026-08-31 14:20:00+09:00,114.513,114.516,114.497,114.505
2026-08-31 14:25:00+09:00,114.506,114.521,114.498,114.501
2026-08-31 14:30:00+09:00,114.501,114.503,114.465,114.467
2026-08-31 14:35:00+09:00,114.467,114.498,114.465,114.498
2026-08-31 14:40:00+09:00,114.498,114.519,114.493,114.519
2026-08-31 14:45:00+09:00,114.519,114.531,114.516,114.528
2026-08-31 14:50:00+09:00,114.528,114.558,114.525,114.554
2026-08-31 14:55:00+09:00,114.554,114.558,114.53,114.542
2026-08-31 15:00:00+09:00,114.542,114.551,114.504,114.504
2026-08-31 15:05:00+09:00,114.504,114.507,114.485,114.499
2026-08-31 15:10:00+09:00,114.499,114.509,114.484,114.507
2026-08-31 15:15:00+09:00,114.507,114.519,114.497,114.515
2026-08-31 15:20:00+09:00,114.515,114.537,114.511,114.532
2026-08-31 15:25:00+09:00,114.532,114.542,114.515,114.536
2026-08-31 15:30:00+09:00,114.535,114.545,114.521,114.536
2026-08-31 15:35:00+09:00,114.535,114.566,114.531,114.558
2026-08-31 15:40:00+09:00,114.558,114.558,114.494,114.495
2026-08-31 15:45:00+09:00,114.495,114.517,114.489,114.512
2026-08-31 15:50:00+09:00,114.511,114.514,114.485,114.495
2026-08-31 15:55:00+09:00,114.495,114.5,114.439,114.448
2026-08-31 16:00:00+09:00,114.448,114.45,114.409,114.442
2026-08-31 16:05:00+09:00,114.442,114.455,114.405,114.422
2026-08-31 16:10:00+09:00,114.422,114.422,114.352,114.353
2026-08-31 16:15:00+09:00,114.353,114.354,114.294,114.319
2026-08-31 16:20:00+09:00,114.319,114.332,114.297,114.317
2026-08-31 16:25:00+09:00,114.318,114.328,114.303,114.308
2026-08-31 16:30:00+09:00,114.308,114.312,114.268,114.308
2026-08-31 16:35:00+09:00,114.307,114.311,114.268,114.282
2026-08-31 16:40:00+09:00,114.281,114.291,114.261,114.286
2026-08-31 16:45:00+09:00,114.286,114.297,114.265,114.275
2026-08-31 16:50:00+09:00,114.275,114.284,114.252,114.255
2026-08-31 16:55:00+09:00,114.255,114.28,114.24,114.271
2026-08-31 17:00:00+09:00,114.271,114.281,114.236,114.271
2026-08-31 17:05:00+09:00,114.271,114.283,114.246,114.263
2026-08-31 17:10:00+09:00,114.263,114.272,114.242,114.251
2026-08-31 17:15:00+09:00,114.251,114.271,114.216,114.227
2026-08-31 17:20:00+09:00,114.227,114.248,114.217,114.248
2026-08-31 17:25:00+09:00,114.248,114.277,114.245,114.273
2026-08-31 17:30:00+09:00,114.273,114.291,114.267,114.271
2026-08-31 17:35:00+09:00,114.271,114.29,114.259,114.272
2026-08-31 17:40:00+09:00,114.272,114.298,114.272,114.294
2026-08-31 17:45:00+09:00,114.294,114.299,114.281,114.296
2026-08-31 17:50:00+09:00,114.296,114.313,114.278,114.303
2026-08-31 17:55:00+09:00,114.304,114.358,114.303,114.348
2026-08-31 18:00:00+09:00,114.348,114.355,114.331,114.348
2026-08-31 18:05:00+09:00,114.348,114.375,114.348,114.358
2026-08-31 18:10:00+09:00,114.358,114.367,114.347,114.349
2026-08-31 18:15:00+09:00,114.349,114.373,114.345,114.363
2026-08-31 18:20:00+09:00,114.362,114.367,114.342,114.342
2026-08-31 18:25:00+09:00,114.341,114.367,114.337,114.338
2026-08-31 18:30:00+09:00,114.338,114.38,114.336,114.373
2026-08-31 18:35:00+09:00,114.373,114.378,114.36,114.372
2026-08-31 18:40:00+09:00,114.372,114.382,114.36,114.381
2026-08-31 18:45:00+09:00,114.381,114.395,114.379,114.38
2026-08-31 18:50:00+09:00,114.38,114.394,114.372,114.379
2026-08-31 18:55:00+09:00,114.379,114.385,114.373,114.385
2026-08-31 19:00:00+09:00,114.385,114.395,114.38,114.388
2026-08-31 19:05:00+09:00,114.388,114.419,114.384,114.408
2026-08-31 19:10:00+09:00,114.408,114.409,114.387,114.389
2026-08-31 19:15:00+09:00,114.389,114.405,114.388,114.398
2026-08-31 19:20:00+09:00,114.398,114.406,114.389,114.389
2026-08-31 19:25:00+09:00,114.389,114.394,114.373,114.376
2026-08-31 19:30:00+09:00,114.376,114.377,114.352,114.356
2026-08-31 19:35:00+09:00,114.356,114.364,114.347,114.348
2026-08-31 19:40:00+09:00,114.348,114.353,114.323,114.339
2026-08-31 19:45:00+09:00,114.339,114.339,114.324,114.326
2026-08-31 19:50:00+09:00,114.326,114.343,114.319,114.323
2026-08-31 19:55:00+09:00,114.323,114.329,114.304,114.307
2026-08-31 20:00:00+09:00,114.307,114.318,114.279,114.283
2026-08-31 20:05:00+09:00,114.283,114.293,114.275,114.288
2026-08-31 20:10:00+09:00,114.288,114.3,114.28,114.28
2026-08-31 20:15:00+09:00,114.28,114.32,114.278,114.311
2026-08-31 20:20:00+09:00,114.311,114.334,114.304,114.325
2026-08-31 20:25:00+09:00,114.325,114.328,114.323,114.328
2026-08-31 20:30:00+09:00,114.35,114.374,114.341,114.359
2026-08-31 20:35:00+09:00,114.359,114.365,114.346,114.351
2026-08-31 20:40:00+09:00,114.351,114.371,114.351,114.362
2026-08-31 20:45:00+09:00,114.362,114.369,114.354,114.36
2026-08-31 20:50:00+09:00,114.36,114.362,114.333,114.341
2026-08-31 20:55:00+09:00,114.341,114.373,114.34,114.362
2026-08-31 21:00:00+09:00,114.361,114.396,114.358,114.396
2026-08-31 21:05:00+09:00,114.396,114.403,114.366,114.392
2026-08-31 21:10:00+09:00,114.392,114.405,114.383,114.404
2026-08-31 21:15:00+09:00,114.404,114.421,114.399,114.416
2026-08-31 21:20:00+09:00,114.416,114.433,114.403,114.416
2026-08-31 21:25:00+09:00,114.415,114.438,114.392,114.424
2026-08-31 21:30:00+09:00,114.424,114.436,114.399,114.418
2026-08-31 21:35:00+09:00,114.418,114.422,114.396,114.411
2026-08-31 21:40:00+09:00,114.413,114.417,114.379,114.381
2026-08-31 21:45:00+09:00,114.381,114.395,114.365,114.377
2026-08-31 21:50:00+09:00,114.377,114.397,114.377,114.394
2026-08-31 21:55:00+09:00,114.394,114.464,114.394,114.463
2026-08-31 22:00:00+09:00,114.463,114.488,114.453,114.486
2026-08-31 22:05:00+09:00,114.486,114.493,114.468,114.486
2026-08-31 22:10:00+09:00,114.486,114.486,114.461,114.475
2026-08-31 22:15:00+09:00,114.475,114.487,114.459,114.467
2026-08-31 22:20:00+09:00,114.467,114.495,114.466,114.486
2026-08-31 22:25:00+09:00,114.486,114.493,114.459,114.483
2026-08-31 22:30:00+09:00,114.483,114.49,114.467,114.489
2026-08-31 22:35:00+09:00,114.489,114.496,114.473,114.473
2026-08-31 22:40:00+09:00,114.473,114.493,114.451,114.472
2026-08-31 22:45:00+09:00,114.471,114.487,114.45,114.463
2026-08-31 22:50:00+09:00,114.463,114.502,114.449,114.501
2026-08-31 22:55:00+09:00,114.502,114.503,114.454,114.475
2026-08-31 23:00:00+09:00,114.476,114.477,114.442,114.454
2026-08-31 23:05:00+09:00,114.454,114.479,114.451,114.47
2026-08-31 23:10:00+09:00,114.47,114.478,114.449,114.457
2026-08-31 23:15:00+09:00,114.457,114.495,114.45,114.488
2026-08-31 23:20:00+09:00,114.488,114.504,114.477,114.5
2026-08-31 23:25:00+09:00,114.5,114.504,114.485,114.489
2026-08-31 23:30:00+09:00,114.49,114.507,114.461,114.474
2026-08-31 23:35:00+09:00,114.474,114.481,114.391,114.446
2026-08-31 23:40:00+09:00,114.446,114.479,114.42,114.456
2026-08-31 23:45:00+09:00,114.455,114.501,114.453,114.479
2026-08-31 23:50:00+09:00,114.479,114.479,114.409,114.453
2026-08-31 23:55:00+09:00,114.452,114.512,114.403,114.432
2026-09-01 00:00:00+09:00,114.432,114.463,114.401,114.414
2026-09-01 00:05:00+09:00,114.414,114.468,114.403,114.466
2026-09-01 00:10:00+09:00,114.466,114.466,114.415,114.431
2026-09-01 00:15:00+09:00,114.431,114.432,114.411,114.426
2026-09-01 00:20:00+09:00,114.426,114.451,114.419,114.437
2026-09-01 00:25:00+09:00,114.437,114.461,114.437,114.444
2026-09-01 00:30:00+09:00,114.444,114.468,114.443,114.46
2026-09-01 00:35:00+09:00,114.461,114.478,114.457,114.472
2026-09-01 00:40:00+09:00,114.472,114.475,114.451,114.452
2026-09-01 00:45:00+09:00,114.452,114.463,114.444,114.46
2026-09-01 00:50:00+09:00,114.46,114.484,114.46,114.475
2026-09-01 00:55:00+09:00,114.474,114.49,114.467,114.468
2026-09-01 01:00:00+09:00,114.468,114.47,114.443,114.456
2026-09-01 01:05:00+09:00,114.456,114.46,114.429,114.438
2026-09-01 01:10:00+09:00,114.438,114.465,114.437,114.461
2026-09-01 01:15:00+09:00,114.461,114.475,114.456,114.47
2026-09-01 01:20:00+09:00,114.47,114.481,114.457,114.459
2026-09-01 01:25:00+09:00,114.459,114.467,114.453,114.467
2026-09-01 01:30:00+09:00,114.467,114.477,114.456,114.474
2026-09-01 01:35:00+09:00,114.474,114.476,114.451,114.452
2026-09-01 01:40:00+09:00,114.453,114.459,114.447,114.449
2026-09-01 01:45:00+09:00,114.449,114.453,114.434,114.445
2026-09-01 01:50:00+09:00,114.445,114.458,114.439,114.443
2026-09-01 01:55:00+09:00,114.443,114.458,114.441,114.458
2026-09-01 02:00:00+09:00,114.458,114.471,114.445,114.447
2026-09-01 02:05:00+09:00,114.448,114.455,114.437,114.439
2026-09-01 02:10:00+09:00,114.439,114.445,114.433,114.443
2026-09-01 02:15:00+09:00,114.443,114.45,114.44,114.447
2026-09-01 02:20:00+09:00,114.447,114.45,114.427,114.429
2026-09-01 02:25:00+09:00,114.429,114.429,114.415,114.421
2026-09-01 02:30:00+09:00,114.421,114.428,114.414,114.425
2026-09-01 02:35:00+09:00,114.425,114.452,114.424,114.447
2026-09-01 02:40:00+09:00,114.447,114.457,114.44,114.454
2026-09-01 02:45:00+09:00,114.454,114.459,114.447,114.456
2026-09-01 02:50:00+09:00,114.455,114.461,114.445,114.452
2026-09-01 02:55:00+09:00,114.452,114.454,114.436,114.437
2026-09-01 03:00:00+09:00,114.437,114.438,114.418,114.431
2026-09-01 03:05:00+09:00,114.43,114.437,114.428,114.432
2026-09-01 03:10:00+09:00,114.432,114.441,114.43,114.44
2026-09-01 03:15:00+09:00,114.44,114.44,114.426,114.431
2026-09-01 03:20:00+09:00,114.431,114.436,114.424,114.43
2026-09-01 03:25:00+09:00,114.43,114.442,114.426,114.433
2026-09-01 03:30:00+09:00,114.433,114.468,114.432,114.462
2026-09-01 03:35:00+09:00,114.462,114.475,114.455,114.475
2026-09-01 03:40:00+09:00,114.475,114.485,114.468,114.479
2026-09-01 03:45:00+09:00,114.479,114.488,114.465,114.481
2026-09-01 03:50:00+09:00,114.481,114.487,114.473,114.483
2026-09-01 03:55:00+09:00,114.485,114.496,114.474,114.484
2026-09-01 04:00:00+09:00,114.484,114.486,114.458,114.464
2026-09-01 04:05:00+09:00,114.464,114.469,114.46,114.464
2026-09-01 04:10:00+09:00,114.464,114.467,114.452,114.455
2026-09-01 04:15:00+09:00,114.455,114.459,114.446,114.447
2026-09-01 04:20:00+09:00,114.447,114.453,114.444,114.45
2026-09-01 04:25:00+09:00,114.45,114.455,114.446,114.449
2026-09-01 04:30:00+09:00,114.449,114.45,114.434,114.448
2026-09-01 04:35:00+09:00,114.448,114.479,114.446,114.477
2026-09-01 04:40:00+09:00,114.477,114.488,114.473,114.488
2026-09-01 04:45:00+09:00,114.488,114.496,114.485,114.496
2026-09-01 04:50:00+09:00,114.496,114.518,114.496,114.511
2026-09-01 04:55:00+09:00,114.511,114.513,114.481,114.484
2026-09-01 05:00:00+09:00,114.483,114.485,114.465,114.479
2026-09-01 05:05:00+09:00,114.479,114.493,114.476,114.482
2026-09-01 05:10:00+09:00,114.482,114.482,114.46,114.462
2026-09-01 05:15:00+09:00,114.462,114.466,114.455,114.46
2026-09-01 05:20:00+09:00,114.46,114.467,114.459,114.464
2026-09-01 05:25:00+09:00,114.464,114.47,114.463,114.464
2026-09-01 05:30:00+09:00,114.464,114.481,114.461,114.475
2026-09-01 05:35:00+09:00,114.476,114.492,114.473,114.487
2026-09-01 05:40:00+09:00,114.487,114.491,114.482,114.487
2026-09-01 05:45:00+09:00,114.487,114.535,114.487,114.516
2026-09-01 05:50:00+09:00,114.516,114.516,114.507,114.512
2026-09-01 05:55:00+09:00,114.512,114.529,114.512,114.516
2026-09-01 06:00:00+09:00,114.516,114.528,114.516,114.525
2026-09-01 06:05:00+09:00,114.525,114.536,114.522,114.527
2026-09-01 06:10:00+09:00,114.527,114.543,114.523,114.526
2026-09-01 06:15:00+09:00,114.526,114.529,114.511,114.514
2026-09-01 06:20:00+09:00,114.514,114.52,114.503,114.503
2026-09-01 06:25:00+09:00,114.503,114.532,114.486,114.527
2026-09-01 06:30:00+09:00,114.527,114.548,114.527,114.541
2026-09-01 06:35:00+09:00,114.541,114.546,114.516,114.522
2026-09-01 06:40:00+09:00,114.522,114.542,114.519,114.531
2026-09-01 06:45:00+09:00,114.531,114.535,114.519,114.522
2026-09-01 06:50:00+09:00,114.522,114.527,114.51,114.514
2026-09-01 06:55:00+09:00,114.514,114.53,114.506,114.506
2026-09-01 07:00:00+09:00,114.506,114.54,114.502,114.528
2026-09-01 07:05:00+09:00,114.528,114.529,114.513,114.519
2026-09-01 07:10:00+09:00,114.52,114.52,114.491,114.492
2026-09-01 07:15:00+09:00,114.492,114.493,114.485,114.487
2026-09-01 07:20:00+09:00,114.487,114.5,114.487,114.498
2026-09-01 07:25:00+09:00,114.498,114.499,114.483,114.487
2026-09-01 07:30:00+09:00,114.487,114.506,114.484,114.503
2026-09-01 07:35:00+09:00,114.503,114.508,114.498,114.505
2026-09-01 07:40:00+09:00,114.505,114.516,114.501,114.506
2026-09-01 07:45:00+09:00,114.506,114.506,114.499,114.502
2026-09-01 07:50:00+09:00,114.502,114.511,114.501,114.505
2026-09-01 07:55:00+09:00,114.505,114.518,114.505,114.515
2026-09-01 08:00:00+09:00,114.515,114.554,114.508,114.552
2026-09-01 08:05:00+09:00,114.552,114.555,114.538,114.551
2026-09-01 08:10:00+09:00,114.551,114.563,114.547,114.562
2026-09-01 08:15:00+09:00,114.562,114.562,114.544,114.547
2026-09-01 08:20:00+09:00,114.547,114.547,114.533,114.534
2026-09-01 08:25:00+09:00,114.534,114.556,114.533,114.554
2026-09-01 08:30:00+09:00,114.554,114.576,114.554,114.573
2026-09-01 08:35:00+09:00,114.573,114.574,114.545,114.553
2026-09-01 08:40:00+09:00,114.553,114.553,114.534,114.534
2026-09-01 08:45:00+09:00,114.534,114.543,114.526,114.528
2026-09-01 08:50:00+09:00,114.528,114.569,114.526,114.569
2026-09-01 08:55:00+09:00,114.569,114.575,114.556,114.572
2026-09-01 09:00:00+09:00,114.572,114.656,114.565,114.656
2026-09-01 09:05:00+09:00,114.657,114.683,114.627,114.644
2026-09-01 09:10:00+09:00,114.644,114.644,114.597,114.599
2026-09-01 09:15:00+09:00,114.598,114.655,114.593,114.653
2026-09-01 09:20:00+09:00,114.653,114.663,114.625,114.635
2026-09-01 09:25:00+09:00,114.635,114.646,114.615,114.637
2026-09-01 09:30:00+09:00,114.638,114.64,114.596,114.609
2026-09-01 09:35:00+09:00,114.609,114.623,114.601,114.603
2026-09-01 09:40:00+09:00,114.604,114.63,114.603,114.615
2026-09-01 09:45:00+09:00,114.615,114.617,114.583,114.6
2026-09-01 09:50:00+09:00,114.6,114.615,114.57,114.576
2026-09-01 09:55:00+09:00,114.575,114.601,114.572,114.591
2026-09-01 10:00:00+09:00,114.592,114.599,114.548,114.554
2026-09-01 10:05:00+09:00,114.554,114.558,114.528,114.542
2026-09-01 10:10:00+09:00,114.542,114.558,114.525,114.554
2026-09-01 10:15:00+09:00,114.555,114.594,114.55,114.585
2026-09-01 10:20:00+09:00,114.584,114.589,114.559,114.572
2026-09-01 10:25:00+09:00,114.572,114.572,114.538,114.546
2026-09-01 10:30:00+09:00,114.546,114.585,114.53,114.573
2026-09-01 10:35:00+09:00,114.574,114.615,114.569,114.604
2026-09-01 10:40:00+09:00,114.605,114.651,114.597,114.648
2026-09-01 10:45:00+09:00,114.648,114.651,114.616,114.618
2026-09-01 10:50:00+09:00,114.618,114.623,114.572,114.574
2026-09-01 10:55:00+09:00,114.574,114.59,114.554,114.589
2026-09-01 11:00:00+09:00,114.589,114.616,114.562,114.61
2026-09-01 11:05:00+09:00,114.61,114.617,114.592,114.6
2026-09-01 11:10:00+09:00,114.6,114.63,114.594,114.627
2026-09-01 11:15:00+09:00,114.627,114.648,114.599,114.623
2026-09-01 11:20:00+09:00,114.623,114.63,114.59,114.596
2026-09-01 11:25:00+09:00,114.596,114.597,114.577,114.583
2026-09-01 11:30:00+09:00,114.583,114.59,114.573,114.576
2026-09-01 11:35:00+09:00,114.576,114.578,114.556,114.569
2026-09-01 11:40:00+09:00,114.569,114.594,114.564,114.578
2026-09-01 11:45:00+09:00,114.578,114.606,114.573,114.602
2026-09-01 11:50:00+09:00,114.602,114.616,114.594,114.611
2026-09-01 11:55:00+09:00,114.611,114.628,114.603,114.626
2026-09-01 12:00:00+09:00,114.626,114.628,114.579,114.59
2026-09-01 12:05:00+09:00,114.59,114.594,114.57,114.573
2026-09-01 12:10:00+09:00,114.573,114.582,114.554,114.558
2026-09-01 12:15:00+09:00,114.559,114.562,114.538,114.546
2026-09-01 12:20:00+09:00,114.546,114.547,114.517,114.522
2026-09-01 12:25:00+09:00,114.522,114.554,114.522,114.527
2026-09-01 12:30:00+09:00,114.527,114.576,114.522,114.574
2026-09-01 12:35:00+09:00,114.574,114.589,114.568,114.569
2026-09-01 12:40:00+09:00,114.569,114.586,114.545,114.546
2026-09-01 12:45:00+09:00,114.546,114.585,114.545,114.583
2026-09-01 12:50:00+09:00,114.583,114.594,114.555,114.555
2026-09-01 12:55:00+09:00,114.555,114.555,114.533,114.533
2026-09-01 13:00:00+09:00,114.533,114.537,114.524,114.533
2026-09-01 13:05:00+09:00,114.545,114.558,114.538,114.553
2026-09-01 13:10:00+09:00,114.553,114.572,114.552,114.571
2026-09-01 13:15:00+09:00,114.571,114.577,114.557,114.565
2026-09-01 13:20:00+09:00,114.565,114.581,114.564,114.572
2026-09-01 13:25:00+09:00,114.572,114.575,114.559,114.56
2026-09-01 13:30:00+09:00,114.56,114.571,114.551,114.57
2026-09-01 13:35:00+09:00,114.57,114.581,114.563,114.572
2026-09-01 13:40:00+09:00,114.572,114.606,114.57,114.596
2026-09-01 13:45:00+09:00,114.596,114.611,114.592,114.607
2026-09-01 13:50:00+09:00,114.607,114.608,114.596,114.597
2026-09-01 13:55:00+09:00,114.597,114.597,114.578,114.594
2026-09-01 14:00:00+09:00,114.594,114.628,114.593,114.626
2026-09-01 14:05:00+09:00,114.626,114.637,114.613,114.619
2026-09-01 14:10:00+09:00,114.619,114.639,114.617,114.638
2026-09-01 14:15:00+09:00,114.638,114.639,114.624,114.624
2026-09-01 14:20:00+09:00,114.624,114.64,114.609,114.616
2026-09-01 14:25:00+09:00,114.616,114.637,114.615,114.626
2026-09-01 14:30:00+09:00,114.626,114.665,114.617,114.63
2026-09-01 14:35:00+09:00,114.63,114.642,114.625,114.631
2026-09-01 14:40:00+09:00,114.631,114.635,114.607,114.609
2026-09-01 14:45:00+09:00,114.609,114.623,114.609,114.616
2026-09-01 14:50:00+09:00,114.616,114.63,114.604,114.628
2026-09-01 14:55:00+09:00,114.628,114.649,114.62,114.62
2026-09-01 15:00:00+09:00,114.62,114.655,114.608,114.648
2026-09-01 15:05:00+09:00,114.648,114.673,114.645,114.656
2026-09-01 15:10:00+09:00,114.656,114.663,114.634,114.66
2026-09-01 15:15:00+09:00,114.66,114.668,114.634,114.638
2026-09-01 15:20:00+09:00,114.638,114.642,114.619,114.633
2026-09-01 15:25:00+09:00,114.633,114.648,114.602,114.608
2026-09-01 15:30:00+09:00,114.608,114.64,114.607,114.63
2026-09-01 15:35:00+09:00,114.63,114.633,114.583,114.612
2026-09-01 15:40:00+09:00,114.612,114.617,114.592,114.617
2026-09-01 15:45:00+09:00,114.617,114.618,114.598,114.61
2026-09-01 15:50:00+09:00,114.61,114.613,114.582,114.613
2026-09-01 15:55:00+09:00,114.613,114.63,114.582,114.6
2026-09-01 16:00:00+09:00,114.6,114.615,114.558,114.562
2026-09-01 16:05:00+09:00,114.563,114.589,114.563,114.583
2026-09-01 16:10:00+09:00,114.583,114.596,114.565,114.593
2026-09-01 16:15:00+09:00,114.593,114.604,114.585,114.601
2026-09-01 16:20:00+09:00,114.601,114.601,114.571,114.571
2026-09-01 16:25:00+09:00,114.571,114.58,114.557,114.561
2026-09-01 16:30:00+09:00,114.561,114.561,114.524,114.539
2026-09-01 16:35:00+09:00,114.539,114.548,114.48,114.481
2026-09-01 16:40:00+09:00,114.48,114.493,114.467,114.48
2026-09-01 16:45:00+09:00,114.48,114.5,114.475,114.493
2026-09-01 16:50:00+09:00,114.492,114.494,114.463,114.467
2026-09-01 16:55:00+09:00,114.467,114.471,114.458,114.468
2026-09-01 17:00:00+09:00,114.468,114.484,114.451,114.473
2026-09-01 17:05:00+09:00,114.473,114.504,114.448,114.46
2026-09-01 17:10:00+09:00,114.46,114.467,114.439,114.453
2026-09-01 17:15:00+09:00,114.453,114.467,114.425,114.453
2026-09-01 17:20:00+09:00,114.453,114.467,114.439,114.44
2026-09-01 17:25:00+09:00,114.44,114.457,114.404,114.41
2026-09-01 17:30:00+09:00,114.41,114.413,114.317,114.349
2026-09-01 17:35:00+09:00,114.349,114.367,114.342,114.363
2026-09-01 17:40:00+09:00,114.363,114.376,114.309,114.314
2026-09-01 17:45:00+09:00,114.314,114.33,114.29,114.306
2026-09-01 17:50:00+09:00,114.306,114.313,114.288,114.291
2026-09-01 17:55:00+09:00,114.291,114.292,114.249,114.255
2026-09-01 18:00:00+09:00,114.255,114.263,114.225,114.243
2026-09-01 18:05:00+09:00,114.243,114.264,114.223,114.262
2026-09-01 18:10:00+09:00,114.262,114.262,114.213,114.214
2026-09-01 18:15:00+09:00,114.214,114.23,114.201,114.201
