timestamp,open,high,low,close
2026-08-17 07:00:00+09:00,215.709,215.769,215.682,215.746
2026-08-17 07:05:00+09:00,215.746,215.747,215.727,215.732
2026-08-17 07:10:00+09:00,215.732,215.77,215.729,215.761
2026-08-17 07:15:00+09:00,215.761,215.788,215.761,215.77
2026-08-17 07:20:00+09:00,215.77,215.771,215.717,215.735
2026-08-17 07:25:00+09:00,215.735,215.749,215.73,215.741
2026-08-17 07:30:00+09:00,215.741,215.754,215.709,215.726
2026-08-17 07:35:00+09:00,215.726,215.734,215.666,215.689
2026-08-17 07:40:00+09:00,215.689,215.724,215.688,215.717
2026-08-17 07:45:00+09:00,215.717,215.717,215.682,215.688
2026-08-17 07:50:00+09:00,215.688,215.694,215.671,215.684
2026-08-17 07:55:00+09:00,215.684,215.714,215.615,215.615
2026-08-17 08:00:00+09:00,215.615,215.615,215.566,215.587
2026-08-17 08:05:00+09:00,215.587,215.626,215.584,215.617
2026-08-17 08:10:00+09:00,215.617,215.658,215.613,215.649
2026-08-17 08:15:00+09:00,215.649,215.688,215.644,215.685
2026-08-17 08:20:00+09:00,215.685,215.69,215.663,215.68
2026-08-17 08:25:00+09:00,215.68,215.68,215.66,215.661
2026-08-17 08:30:00+09:00,215.661,215.676,215.657,215.66
2026-08-17 08:35:00+09:00,215.66,215.665,215.646,215.663
2026-08-17 08:40:00+09:00,215.663,215.663,215.62,215.638
2026-08-17 08:45:00+09:00,215.638,215.683,215.638,215.679
2026-08-17 08:50:00+09:00,215.679,215.739,215.679,215.727
2026-08-17 08:55:00+09:00,215.727,215.73,215.711,215.718
2026-08-17 09:00:00+09:00,215.718,215.764,215.66,215.697
2026-08-17 09:05:00+09:00,215.697,215.712,215.675,215.692
2026-08-17 09:10:00+09:00,215.692,215.693,215.652,215.686
2026-08-17 09:15:00+09:00,215.686,215.686,215.639,215.647
2026-08-17 09:20:00+09:00,215.647,215.647,215.565,215.583
2026-08-17 09:25:00+09:00,215.583,215.631,215.554,215.626
2026-08-17 09:30:00+09:00,215.627,215.631,215.589,215.607
2026-08-17 09:35:00+09:00,215.607,215.612,215.584,215.589
2026-08-17 09:40:00+09:00,215.589,215.611,215.575,215.61
2026-08-17 09:45:00+09:00,215.609,215.621,215.605,215.611
2026-08-17 09:50:00+09:00,215.611,215.646,215.547,215.59
2026-08-17 09:55:00+09:00,215.591,215.594,215.536,215.56
2026-08-17 10:00:00+09:00,215.559,215.607,215.53,215.588
2026-08-17 10:05:00+09:00,215.588,215.594,215.551,215.583
2026-08-17 10:10:00+09:00,215.584,215.585,215.544,215.558
2026-08-17 10:15:00+09:00,215.558,215.569,215.536,215.557
2026-08-17 10:20:00+09:00,215.557,215.598,215.556,215.565
2026-08-17 10:25:00+09:00,215.565,215.59,215.56,215.56
2026-08-17 10:30:00+09:00,215.56,215.588,215.547,215.582
2026-08-17 10:35:00+09:00,215.582,215.595,215.576,215.594
2026-08-17 10:40:00+09:00,215.594,215.644,215.588,215.64
2026-08-17 10:45:00+09:00,215.639,215.655,215.608,215.615
2026-08-17 10:50:00+09:00,215.615,215.636,215.611,215.627
2026-08-17 10:55:00+09:00,215.627,215.631,215.611,215.617
2026-08-17 11:00:00+09:00,215.616,215.625,215.602,215.604
2026-08-17 11:05:00+09:00,215.604,215.607,215.582,215.586
2026-08-17 11:10:00+09:00,215.586,215.587,215.551,215.557
2026-08-17 11:15:00+09:00,215.557,215.561,215.473,215.485
2026-08-17 11:20:00+09:00,215.485,215.541,215.481,215.529
2026-08-17 11:25:00+09:00,215.529,215.541,215.499,215.531
2026-08-17 11:30:00+09:00,215.531,215.562,215.494,215.494
2026-08-17 11:35:00+09:00,215.495,215.527,215.48,215.521
2026-08-17 11:40:00+09:00,215.521,215.543,215.515,215.522
2026-08-17 11:45:00+09:00,215.523,215.53,215.512,215.524
2026-08-17 11:50:00+09:00,215.524,215.529,215.497,215.512
2026-08-17 11:55:00+09:00,215.512,215.512,215.495,215.504
2026-08-17 12:00:00+09:00,215.504,215.561,215.504,215.527
2026-08-17 12:05:00+09:00,215.527,215.545,215.516,215.529
2026-08-17 12:10:00+09:00,215.529,215.551,215.524,215.549
2026-08-17 12:15:00+09:00,215.549,215.553,215.542,215.553
2026-08-17 12:20:00+09:00,215.553,215.555,215.536,215.536
2026-08-17 12:25:00+09:00,215.536,215.568,215.535,215.562
2026-08-17 12:30:00+09:00,215.562,215.58,215.556,215.571
2026-08-17 12:35:00+09:00,215.571,215.596,215.571,215.591
2026-08-17 12:40:00+09:00,215.591,215.601,215.583,215.601
2026-08-17 12:45:00+09:00,215.601,215.621,215.601,215.614
2026-08-17 12:50:00+09:00,215.614,215.631,215.602,215.624
2026-08-17 12:55:00+09:00,215.624,215.624,215.588,215.609
2026-08-17 13:00:00+09:00,215.609,215.618,215.59,215.591
2026-08-17 13:05:00+09:00,215.591,215.627,215.59,215.615
2026-08-17 13:10:00+09:00,215.614,215.637,215.611,215.634
2026-08-17 13:15:00+09:00,215.634,215.64,215.616,215.64
2026-08-17 13:20:00+09:00,215.64,215.665,215.638,215.664
2026-08-17 13:25:00+09:00,215.663,215.674,215.646,215.662
2026-08-17 13:30:00+09:00,215.662,215.675,215.647,215.647
2026-08-17 13:35:00+09:00,215.647,215.648,215.59,215.598
2026-08-17 13:40:00+09:00,215.598,215.619,215.597,215.611
2026-08-17 13:45:00+09:00,215.611,215.62,215.595,215.618
2026-08-17 13:50:00+09:00,215.618,215.621,215.592,215.609
2026-08-17 13:55:00+09:00,215.609,215.642,215.606,215.633
2026-08-17 14:00:00+09:00,215.633,215.64,215.619,215.626
2026-08-17 14:05:00+09:00,215.626,215.626,215.608,215.618
2026-08-17 14:10:00+09:00,215.618,215.623,215.606,215.614
2026-08-17 14:15:00+09:00,215.614,215.616,215.581,215.587
2026-08-17 14:20:00+09:00,215.587,215.602,215.567,215.586
2026-08-17 14:25:00+09:00,215.586,215.602,215.555,215.583
2026-08-17 14:30:00+09:00,215.583,215.61,215.581,215.59
2026-08-17 14:35:00+09:00,215.59,215.603,215.556,215.569
2026-08-17 14:40:00+09:00,215.569,215.569,215.49,215.541
2026-08-17 14:45:00+09:00,215.54,215.628,215.54,215.628
2026-08-17 14:50:00+09:00,215.628,215.646,215.614,215.615
2026-08-17 14:55:00+09:00,215.615,215.646,215.608,215.626
2026-08-17 15:00:00+09:00,215.626,215.639,215.59,215.608
2026-08-17 15:05:00+09:00,215.608,215.628,215.59,215.591
2026-08-17 15:10:00+09:00,215.591,215.637,215.579,215.615
2026-08-17 15:15:00+09:00,215.615,215.625,215.596,215.607
2026-08-17 15:20:00+09:00,215.607,215.612,215.557,215.591
2026-08-17 15:25:00+09:00,215.591,215.595,215.554,215.577
2026-08-17 15:30:00+09:00,215.577,215.587,215.54,215.543
2026-08-17 15:35:00+09:00,215.543,215.556,215.521,215.543
2026-08-17 15:40:00+09:00,215.544,215.564,215.534,215.552
2026-08-17 15:45:00+09:00,215.552,215.574,215.541,215.562
2026-08-17 15:50:00+09:00,215.562,215.568,215.528,215.535
2026-08-17 15:55:00+09:00,215.535,215.565,215.515,215.534
2026-08-17 16:00:00+09:00,215.535,215.557,215.51,215.521
2026-08-17 16:05:00+09:00,215.521,215.521,215.419,215.439
2026-08-17 16:10:00+09:00,215.439,215.494,215.435,215.478
2026-08-17 16:15:00+09:00,215.478,215.501,215.444,215.496
2026-08-17 16:20:00+09:00,215.496,215.53,215.482,215.526
2026-08-17 16:25:00+09:00,215.526,215.599,215.52,215.549
2026-08-17 16:30:00+09:00,215.55,215.612,215.549,215.56
2026-08-17 16:35:00+09:00,215.56,215.608,215.544,215.605
2026-08-17 16:40:00+09:00,215.605,215.613,215.559,215.566
2026-08-17 16:45:00+09:00,215.566,215.587,215.527,215.573
2026-08-17 16:50:00+09:00,215.573,215.637,215.571,215.597
2026-08-17 16:55:00+09:00,215.597,215.641,215.593,215.594
2026-08-17 17:00:00+09:00,215.594,215.66,215.568,215.653
2026-08-17 17:05:00+09:00,215.653,215.672,215.606,215.62
2026-08-17 17:10:00+09:00,215.619,215.674,215.619,215.638
2026-08-17 17:15:00+09:00,215.638,215.731,215.638,215.694
2026-08-17 17:20:00+09:00,215.694,215.715,215.665,215.693
2026-08-17 17:25:00+09:00,215.694,215.722,215.683,215.7
2026-08-17 17:30:00+09:00,215.7,215.714,215.651,215.695
2026-08-17 17:35:00+09:00,215.695,215.765,215.667,215.763
2026-08-17 17:40:00+09:00,215.763,215.768,215.702,215.724
2026-08-17 17:45:00+09:00,215.724,215.74,215.684,215.689
2026-08-17 17:50:00+09:00,215.689,215.701,215.583,215.621
2026-08-17 17:55:00+09:00,215.621,215.688,215.61,215.683
2026-08-17 18:00:00+09:00,215.683,215.749,215.678,215.739
2026-08-17 18:05:00+09:00,215.739,215.755,215.718,215.732
2026-08-17 18:10:00+09:00,215.732,215.744,215.679,215.682
2026-08-17 18:15:00+09:00,215.681,215.703,215.661,215.695
2026-08-17 18:20:00+09:00,215.695,215.695,215.665,215.691
2026-08-17 18:25:00+09:00,215.691,215.763,215.688,215.749
2026-08-17 18:30:00+09:00,215.749,215.792,215.743,215.765
2026-08-17 18:35:00+09:00,215.765,215.771,215.74,215.769
2026-08-17 18:40:00+09:00,215.769,215.814,215.766,215.795
2026-08-17 18:45:00+09:00,215.793,215.807,215.763,215.789
2026-08-17 18:50:00+09:00,215.788,215.852,215.781,215.844
2026-08-17 18:55:00+09:00,215.844,215.861,215.811,215.818
2026-08-17 19:00:00+09:00,215.818,215.838,215.801,215.826
2026-08-17 19:05:00+09:00,215.826,215.838,215.805,215.806
2026-08-17 19:10:00+09:00,215.806,215.863,215.801,215.837
2026-08-17 19:15:00+09:00,215.837,215.845,215.808,215.809
2026-08-17 19:20:00+09:00,215.809,215.842,215.809,215.83
2026-08-17 19:25:00+09:00,215.83,215.866,215.818,215.826
2026-08-17 19:30:00+09:00,215.826,215.854,215.791,215.809
2026-08-17 19:35:00+09:00,215.81,215.818,215.79,215.797
2026-08-17 19:40:00+09:00,215.797,215.824,215.789,215.804
2026-08-17 19:45:00+09:00,215.804,215.817,215.784,215.792
2026-08-17 19:50:00+09:00,215.793,215.825,215.786,215.817
2026-08-17 19:55:00+09:00,215.817,215.826,215.78,215.809
2026-08-17 20:00:00+09:00,215.808,215.834,215.786,215.799
2026-08-17 20:05:00+09:00,215.799,215.857,215.798,215.838
2026-08-17 20:10:00+09:00,215.838,215.849,215.807,215.807
2026-08-17 20:15:00+09:00,215.807,215.821,215.797,215.819
2026-08-17 20:20:00+09:00,215.819,215.875,215.796,215.871
2026-08-17 20:25:00+09:00,215.871,215.92,215.865,215.915
2026-08-17 20:30:00+09:00,215.915,215.922,215.869,215.871
2026-08-17 20:35:00+09:00,215.871,215.878,215.842,215.872
2026-08-17 20:40:00+09:00,215.872,215.894,215.852,215.866
2026-08-17 20:45:00+09:00,215.866,215.867,215.842,215.857
2026-08-17 20:50:00+09:00,215.857,215.883,215.855,215.863
2026-08-17 20:55:00+09:00,215.863,215.895,215.86,215.877
2026-08-17 21:00:00+09:00,215.877,215.881,215.852,215.878
2026-08-17 21:05:00+09:00,215.878,215.926,215.873,215.894
2026-08-17 21:10:00+09:00,215.894,215.926,215.888,215.922
2026-08-17 21:15:00+09:00,215.922,215.925,215.888,215.896
2026-08-17 21:20:00+09:00,215.896,215.945,215.891,215.929
2026-08-17 21:25:00+09:00,215.929,215.936,215.875,215.905
2026-08-17 21:30:00+09:00,215.905,215.933,215.876,215.91
2026-08-17 21:35:00+09:00,215.91,215.913,215.881,215.906
2026-08-17 21:40:00+09:00,215.906,215.947,215.903,215.944
2026-08-17 21:45:00+09:00,215.944,215.951,215.887,215.898
2026-08-17 21:50:00+09:00,215.898,215.916,215.885,215.911
2026-08-17 21:55:00+09:00,215.911,215.959,215.885,215.954
2026-08-17 22:00:00+09:00,215.954,215.996,215.933,215.984
2026-08-17 22:05:00+09:00,215.983,216.013,215.968,216.012
2026-08-17 22:10:00+09:00,216.012,216.048,215.992,215.997
2026-08-17 22:15:00+09:00,215.997,216.031,215.978,216.023
2026-08-17 22:20:00+09:00,216.023,216.048,215.999,216.007
2026-08-17 22:25:00+09:00,216.007,216.023,215.983,216.012
2026-08-17 22:30:00+09:00,216.012,216.091,216.012,216.08
2026-08-17 22:35:00+09:00,216.08,216.082,216.039,216.072
2026-08-17 22:40:00+09:00,216.072,216.072,216.008,216.017
2026-08-17 22:45:00+09:00,216.017,216.027,215.979,216.018
2026-08-17 22:50:00+09:00,216.018,216.029,215.965,215.975
2026-08-17 22:55:00+09:00,215.974,215.992,215.933,215.97
2026-08-17 23:00:00+09:00,215.97,216.028,215.965,216.025
2026-08-17 23:05:00+09:00,216.025,216.025,215.968,216.016
2026-08-17 23:10:00+09:00,216.017,216.032,215.999,216.028
2026-08-17 23:15:00+09:00,216.028,216.046,215.995,216.031
2026-08-17 23:20:00+09:00,216.03,216.055,215.958,215.977
2026-08-17 23:25:00+09:00,215.977,216.002,215.945,215.957
2026-08-17 23:30:00+09:00,215.958,215.966,215.904,215.908
2026-08-17 23:35:00+09:00,215.908,215.919,215.879,215.894
2026-08-17 23:40:00+09:00,215.894,215.907,215.866,215.873
2026-08-17 23:45:00+09:00,215.873,215.891,215.854,215.865
2026-08-17 23:50:00+09:00,215.866,215.888,215.822,215.876
2026-08-17 23:55:00+09:00,215.876,215.916,215.86,215.887
2026-08-18 00:00:00+09:00,215.887,215.912,215.863,215.909
2026-08-18 00:05:00+09:00,215.908,215.961,215.908,215.961
2026-08-18 00:10:00+09:00,215.96,215.961,215.921,215.936
2026-08-18 00:15:00+09:00,215.936,215.976,215.934,215.973
2026-08-18 00:20:00+09:00,215.973,216.003,215.973,215.986
2026-08-18 00:25:00+09:00,215.986,216.018,215.982,216.018
2026-08-18 00:30:00+09:00,216.018,216.033,216.001,216.016
2026-08-18 00:35:00+09:00,216.016,216.044,216.015,216.037
2026-08-18 00:40:00+09:00,216.037,216.062,216.02,216.023
2026-08-18 00:45:00+09:00,216.023,216.073,216.014,216.066
2026-08-18 00:50:00+09:00,216.066,216.116,216.057,216.106
2026-08-18 00:55:00+09:00,216.106,216.124,216.089,216.108
2026-08-18 01:00:00+09:00,216.108,216.13,216.095,216.099
2026-08-18 01:05:00+09:00,216.099,216.115,216.089,216.092
2026-08-18 01:10:00+09:00,216.092,216.1,216.079,216.093
2026-08-18 01:15:00+09:00,216.093,216.138,216.091,216.13
2026-08-18 01:20:00+09:00,216.13,216.132,216.104,216.128
2026-08-18 01:25:00+09:00,216.127,216.14,216.118,216.121
2026-08-18 01:30:00+09:00,216.121,216.14,216.118,216.136
2026-08-18 01:35:00+09:00,216.136,216.163,216.129,216.146
2026-08-18 01:40:00+09:00,216.146,216.166,216.123,216.127
2026-08-18 01:45:00+09:00,216.127,216.127,216.111,216.119
2026-08-18 01:50:00+09:00,216.119,216.127,216.084,216.09
2026-08-18 01:55:00+09:00,216.09,216.105,216.068,216.082
2026-08-18 02:00:00+09:00,216.082,216.099,216.082,216.086
2026-08-18 02:05:00+09:00,216.086,216.089,216.057,216.078
2026-08-18 02:10:00+09:00,216.078,216.087,216.069,216.072
2026-08-18 02:15:00+09:00,216.072,216.096,216.07,216.095
2026-08-18 02:20:00+09:00,216.095,216.117,216.085,216.091
2026-08-18 02:25:00+09:00,216.091,216.105,216.083,216.1
2026-08-18 02:30:00+09:00,216.1,216.149,216.1,216.113
2026-08-18 02:35:00+09:00,216.113,216.118,216.029,216.04
2026-08-18 02:40:00+09:00,216.04,216.053,216.025,216.041
2026-08-18 02:45:00+09:00,216.041,216.05,216.011,216.029
2026-08-18 02:50:00+09:00,216.028,216.059,216.027,216.058
2026-08-18 02:55:00+09:00,216.058,216.066,216.026,216.027
2026-08-18 03:00:00+09:00,216.027,216.045,216.018,216.028
2026-08-18 03:05:00+09:00,216.028,216.058,216.025,216.043
2026-08-18 03:10:00+09:00,216.043,216.05,216.013,216.022
2026-08-18 03:15:00+09:00,216.022,216.067,216.022,216.065
2026-08-18 03:20:00+09:00,216.052,216.086,216.042,216.051
2026-08-18 03:25:00+09:00,216.051,216.08,216.037,216.062
2026-08-18 03:30:00+09:00,216.062,216.072,216.038,216.047
2026-08-18 03:35:00+09:00,216.047,216.056,216.029,216.046
2026-08-18 03:40:00+09:00,216.046,216.046,216.001,216.019
2026-08-18 03:45:00+09:00,216.019,216.039,216.011,216.035
2026-08-18 03:50:00+09:00,216.035,216.057,216.034,216.044
2026-08-18 03:55:00+09:00,216.044,216.064,216.028,216.059
2026-08-18 04:00:00+09:00,216.059,216.066,216.025,216.029
2026-08-18 04:05:00+09:00,216.029,216.03,216.0,216.022
2026-08-18 04:10:00+09:00,216.022,216.024,215.969,215.984
2026-08-18 04:15:00+09:00,215.984,216.001,215.959,215.966
2026-08-18 04:20:00+09:00,215.966,215.968,215.941,215.941
2026-08-18 04:25:00+09:00,215.941,215.954,215.923,215.928
2026-08-18 04:30:00+09:00,215.928,215.94,215.901,215.92
2026-08-18 04:35:00+09:00,215.92,215.932,215.913,215.926
2026-08-18 04:40:00+09:00,215.926,215.948,215.921,215.947
2026-08-18 04:45:00+09:00,215.947,215.962,215.934,215.952
2026-08-18 04:50:00+09:00,215.952,215.961,215.937,215.952
2026-08-18 04:55:00+09:00,215.952,215.978,215.95,215.969
2026-08-18 05:00:00+09:00,215.969,216.001,215.967,215.988
2026-08-18 05:05:00+09:00,215.988,215.991,215.973,215.989
2026-08-18 05:10:00+09:00,215.989,216.008,215.984,215.995
2026-08-18 05:15:00+09:00,215.995,216.006,215.972,215.994
2026-08-18 05:20:00+09:00,215.994,216.014,215.992,216.004
2026-08-18 05:25:00+09:00,216.004,216.008,215.997,216.005
2026-08-18 05:30:00+09:00,216.005,216.022,215.986,215.992
2026-08-18 05:35:00+09:00,215.992,215.996,215.983,215.985
2026-08-18 05:40:00+09:00,215.985,215.988,215.979,215.986
2026-08-18 05:45:00+09:00,215.986,216.07,215.986,216.039
2026-08-18 05:50:00+09:00,216.039,216.046,216.019,216.043
2026-08-18 05:55:00+09:00,216.043,216.062,215.994,216.062
2026-08-18 06:00:00+09:00,216.055,216.055,216.032,216.05
2026-08-18 06:05:00+09:00,216.05,216.069,216.042,216.051
2026-08-18 06:10:00+09:00,216.051,216.094,216.019,216.043
2026-08-18 06:15:00+09:00,216.043,216.09,216.007,216.009
2026-08-18 06:20:00+09:00,216.009,216.055,215.974,215.993
2026-08-18 06:25:00+09:00,215.993,215.997,215.945,215.986
2026-08-18 06:30:00+09:00,215.987,215.992,215.959,215.966
2026-08-18 06:35:00+09:00,215.966,215.997,215.964,215.995
2026-08-18 06:40:00+09:00,215.995,216.016,215.967,215.999
2026-08-18 06:45:00+09:00,215.999,216.033,215.977,215.985
2026-08-18 06:50:00+09:00,215.985,216.015,215.955,215.978
2026-08-18 06:55:00+09:00,215.978,215.978,215.951,215.973
2026-08-18 07:00:00+09:00,215.964,216.063,215.964,216.046
2026-08-18 07:05:00+09:00,216.046,216.051,216.033,216.04
2026-08-18 07:10:00+09:00,216.04,216.04,215.995,216.017
2026-08-18 07:15:00+09:00,216.017,216.017,215.992,215.998
2026-08-18 07:20:00+09:00,215.998,216.003,215.969,215.972
2026-08-18 07:25:00+09:00,215.972,215.982,215.95,215.962
2026-08-18 07:30:00+09:00,215.962,215.962,215.946,215.949
2026-08-18 07:35:00+09:00,215.949,215.954,215.935,215.943
2026-08-18 07:40:00+09:00,215.943,215.964,215.942,215.955
2026-08-18 07:45:00+09:00,215.955,215.956,215.942,215.948
2026-08-18 07:50:00+09:00,215.948,215.948,215.931,215.932
2026-08-18 07:55:00+09:00,215.932,215.94,215.931,215.939
2026-08-18 08:00:00+09:00,215.939,215.942,215.901,215.918
2026-08-18 08:05:00+09:00,215.918,215.918,215.885,215.89
2026-08-18 08:10:00+09:00,215.89,215.93,215.89,215.928
2026-08-18 08:15:00+09:00,215.928,215.928,215.92,215.924
2026-08-18 08:20:00+09:00,215.924,215.934,215.922,215.931
2026-08-18 08:25:00+09:00,215.93,215.933,215.92,215.93
2026-08-18 08:30:00+09:00,215.93,215.934,215.904,215.91
2026-08-18 08:35:00+09:00,215.91,215.94,215.909,215.936
2026-08-18 08:40:00+09:00,215.936,215.943,215.919,215.93
2026-08-18 08:45:00+09:00,215.93,215.937,215.914,215.934
2026-08-18 08:50:00+09:00,215.934,215.946,215.925,215.926
2026-08-18 08:55:00+09:00,215.926,215.943,215.915,215.924
2026-08-18 09:00:00+09:00,215.924,215.975,215.902,215.95
2026-08-18 09:05:00+09:00,215.949,215.98,215.942,215.98
2026-08-18 09:10:00+09:00,215.98,215.993,215.964,215.983
2026-08-18 09:15:00+09:00,215.983,216.005,215.975,216.003
2026-08-18 09:20:00+09:00,216.003,216.027,215.989,215.996
2026-08-18 09:25:00+09:00,215.996,216.009,215.987,215.996
2026-08-18 09:30:00+09:00,215.996,216.04,215.995,216.034
2026-08-18 09:35:00+09:00,216.034,216.07,216.028,216.068
2026-08-18 09:40:00+09:00,216.068,216.102,216.061,216.1
2026-08-18 09:45:00+09:00,216.1,216.122,216.092,216.107
2026-08-18 09:50:00+09:00,216.107,216.117,216.032,216.045
2026-08-18 09:55:00+09:00,216.045,216.068,216.017,216.037
2026-08-18 10:00:00+09:00,216.037,216.096,216.032,216.091
2026-08-18 10:05:00+09:00,216.091,216.092,216.048,216.06
2026-08-18 10:10:00+09:00,216.06,216.065,216.036,216.047
2026-08-18 10:15:00+09:00,216.047,216.068,216.018,216.027
2026-08-18 10:20:00+09:00,216.027,216.049,216.027,216.041
2026-08-18 10:25:00+09:00,216.04,216.045,216.01,216.037
2026-08-18 10:30:00+09:00,216.037,216.059,216.029,216.054
2026-08-18 10:35:00+09:00,216.054,216.077,216.027,216.028
2026-08-18 10:40:00+09:00,216.028,216.035,216.004,216.009
2026-08-18 10:45:00+09:00,216.009,216.063,215.998,216.055
2026-08-18 10:50:00+09:00,216.055,216.064,216.035,216.064
2026-08-18 10:55:00+09:00,216.064,216.081,216.04,216.075
2026-08-18 11:00:00+09:00,216.075,216.108,216.067,216.094
2026-08-18 11:05:00+09:00,216.094,216.097,216.059,216.065
2026-08-18 11:10:00+09:00,216.066,216.075,216.055,216.058
2026-08-18 11:15:00+09:00,216.058,216.066,216.023,216.037
2026-08-18 11:20:00+09:00,216.037,216.04,215.972,215.998
2026-08-18 11:25:00+09:00,215.998,216.008,215.972,215.98
2026-08-18 11:30:00+09:00,215.98,215.983,215.95,215.978
2026-08-18 11:35:00+09:00,215.978,216.006,215.972,216.004
2026-08-18 11:40:00+09:00,215.99,216.015,215.982,216.011
2026-08-18 11:45:00+09:00,216.011,216.015,215.999,216.008
2026-08-18 11:50:00+09:00,216.008,216.031,216.006,216.023
2026-08-18 11:55:00+09:00,216.023,216.025,216.003,216.007
2026-08-18 12:00:00+09:00,216.007,216.024,216.007,216.019
2026-08-18 12:05:00+09:00,216.019,216.02,215.984,215.985
2026-08-18 12:10:00+09:00,215.985,215.999,215.984,215.985
2026-08-18 12:15:00+09:00,215.985,215.993,215.951,215.954
2026-08-18 12:20:00+09:00,215.954,215.96,215.922,215.945
2026-08-18 12:25:00+09:00,215.945,215.957,215.936,215.956
2026-08-18 12:30:00+09:00,215.957,215.973,215.957,215.969
2026-08-18 12:35:00+09:00,215.97,215.971,215.946,215.956
2026-08-18 12:40:00+09:00,215.956,215.997,215.943,215.989
2026-08-18 12:45:00+09:00,215.989,215.99,215.955,215.958
2026-08-18 12:50:00+09:00,215.958,215.976,215.945,215.959
2026-08-18 12:55:00+09:00,215.959,215.97,215.949,215.967
2026-08-18 13:00:00+09:00,215.967,216.02,215.96,216.003
2026-08-18 13:05:00+09:00,216.004,216.068,216.003,216.024
2026-08-18 13:10:00+09:00,216.024,216.096,216.024,216.064
2026-08-18 13:15:00+09:00,216.064,216.099,216.059,216.095
2026-08-18 13:20:00+09:00,216.096,216.168,216.091,216.166
2026-08-18 13:25:00+09:00,216.166,216.184,216.142,216.182
2026-08-18 13:30:00+09:00,216.182,216.223,216.182,216.192
2026-08-18 13:35:00+09:00,216.192,216.224,216.189,216.195
2026-08-18 13:40:00+09:00,216.195,216.201,216.163,216.172
2026-08-18 13:45:00+09:00,216.172,216.181,216.155,216.177
2026-08-18 13:50:00+09:00,216.177,216.213,216.177,216.209
2026-08-18 13:55:00+09:00,216.209,216.209,216.148,216.157
2026-08-18 14:00:00+09:00,216.157,216.159,216.123,216.149
2026-08-18 14:05:00+09:00,216.149,216.175,216.142,216.164
2026-08-18 14:10:00+09:00,216.164,216.175,216.155,216.174
2026-08-18 14:15:00+09:00,216.174,216.19,216.158,216.159
2026-08-18 14:20:00+09:00,216.159,216.166,216.14,216.153
2026-08-18 14:25:00+09:00,216.153,216.174,216.153,216.173
2026-08-18 14:30:00+09:00,216.173,216.185,216.164,216.173
2026-08-18 14:35:00+09:00,216.173,216.173,216.156,216.161
2026-08-18 14:40:00+09:00,216.161,216.176,216.157,216.162
2026-08-18 14:45:00+09:00,216.162,216.171,216.145,216.171
2026-08-18 14:50:00+09:00,216.171,216.171,216.131,216.135
2026-08-18 14:55:00+09:00,216.135,216.141,216.098,216.124
2026-08-18 15:00:00+09:00,216.123,216.233,215.977,215.987
2026-08-18 15:05:00+09:00,215.987,216.032,215.963,216.029
2026-08-18 15:10:00+09:00,216.029,216.079,216.018,216.033
2026-08-18 15:15:00+09:00,216.034,216.103,216.033,216.1
2026-08-18 15:20:00+09:00,216.1,216.149,216.076,216.138
2026-08-18 15:25:00+09:00,216.138,216.185,216.13,216.154
2026-08-18 15:30:00+09:00,216.155,216.155,216.107,216.126
2026-08-18 15:35:00+09:00,216.12,216.15,216.105,216.137
2026-08-18 15:40:00+09:00,216.136,216.141,216.105,216.114
2026-08-18 15:45:00+09:00,216.113,216.126,216.075,216.109
2026-08-18 15:50:00+09:00,216.109,216.115,216.023,216.051
2026-08-18 15:55:00+09:00,216.051,216.082,216.022,216.057
2026-08-18 16:00:00+09:00,216.056,216.079,216.03,216.054
2026-08-18 16:05:00+09:00,216.054,216.059,215.996,216.008
2026-08-18 16:10:00+09:00,216.008,216.031,215.988,216.005
2026-08-18 16:15:00+09:00,216.005,216.031,215.985,216.023
2026-08-18 16:20:00+09:00,216.023,216.062,215.996,216.019
2026-08-18 16:25:00+09:00,216.019,216.063,216.011,216.044
2026-08-18 16:30:00+09:00,216.044,216.086,216.043,216.053
2026-08-18 16:35:00+09:00,216.053,216.108,216.052,216.086
2026-08-18 16:40:00+09:00,216.087,216.112,216.073,216.079
2026-08-18 16:45:00+09:00,216.079,216.088,216.058,216.062
2026-08-18 16:50:00+09:00,216.062,216.098,216.031,216.04
2026-08-18 16:55:00+09:00,216.04,216.091,216.035,216.088
2026-08-18 17:00:00+09:00,216.088,216.09,216.02,216.059
2026-08-18 17:05:00+09:00,216.059,216.069,216.012,216.025
2026-08-18 17:10:00+09:00,216.023,216.066,216.015,216.038
2026-08-18 17:15:00+09:00,216.038,216.058,216.028,216.057
2026-08-18 17:20:00+09:00,216.057,216.057,216.015,216.03
2026-08-18 17:25:00+09:00,216.03,216.095,216.026,216.093
2026-08-18 17:30:00+09:00,216.093,216.109,216.071,216.075
2026-08-18 17:35:00+09:00,216.075,216.077,216.021,216.041
2026-08-18 17:40:00+09:00,216.041,216.046,216.001,216.003
2026-08-18 17:45:00+09:00,216.003,216.034,216.0,216.032
2026-08-18 17:50:00+09:00,216.032,216.035,216.015,216.032
2026-08-18 17:55:00+09:00,216.032,216.079,216.02,216.076
2026-08-18 18:00:00+09:00,216.076,216.081,216.043,216.062
2026-08-18 18:05:00+09:00,216.063,216.076,216.028,216.036
2026-08-18 18:10:00+09:00,216.036,216.043,216.018,216.019
2026-08-18 18:15:00+09:00,216.019,216.02,215.97,215.973
2026-08-18 18:20:00+09:00,215.973,216.015,215.971,215.999
2026-08-18 18:25:00+09:00,215.999,216.013,215.986,215.994
2026-08-18 18:30:00+09:00,215.994,216.01,215.962,216.002
2026-08-18 18:35:00+09:00,216.002,216.005,215.959,215.966
2026-08-18 18:40:00+09:00,215.966,215.975,215.942,215.974
2026-08-18 18:45:00+09:00,215.974,216.008,215.973,215.997
2026-08-18 18:50:00+09:00,215.996,216.016,215.975,215.986
2026-08-18 18:55:00+09:00,215.986,216.015,215.974,215.991
2026-08-18 19:00:00+09:00,215.991,215.994,215.938,215.956
2026-08-18 19:05:00+09:00,215.956,215.965,215.932,215.962
2026-08-18 19:10:00+09:00,215.962,215.987,215.951,215.98
2026-08-18 19:15:00+09:00,215.98,216.02,215.965,215.966
2026-08-18 19:20:00+09:00,215.966,216.014,215.964,216.014
2026-08-18 19:25:00+09:00,216.014,216.036,216.0,216.029
2026-08-18 19:30:00+09:00,216.029,216.047,216.01,216.011
2026-08-18 19:35:00+09:00,216.011,216.023,215.993,216.004
2026-08-18 19:40:00+09:00,216.005,216.02,215.993,216.005
2026-08-18 19:45:00+09:00,216.005,216.05,216.004,216.046
2026-08-18 19:50:00+09:00,216.046,216.078,216.016,216.027
2026-08-18 19:55:00+09:00,216.028,216.052,215.987,216.021
2026-08-18 20:00:00+09:00,216.021,216.049,215.994,215.994
2026-08-18 20:05:00+09:00,215.995,216.03,215.995,216.014
2026-08-18 20:10:00+09:00,216.014,216.052,216.007,216.019
2026-08-18 20:15:00+09:00,216.019,216.029,215.995,215.997
2026-08-18 20:20:00+09:00,215.996,216.038,215.995,216.007
2026-08-18 20:25:00+09:00,216.007,216.024,215.971,215.979
2026-08-18 20:30:00+09:00,215.979,216.02,215.976,216.0
2026-08-18 20:35:00+09:00,216.0,216.0,215.973,215.979
2026-08-18 20:40:00+09:00,215.981,216.016,215.971,215.974
2026-08-18 20:45:00+09:00,215.974,216.003,215.968,215.999
2026-08-18 20:50:00+09:00,216.001,216.023,215.989,216.005
2026-08-18 20:55:00+09:00,216.005,216.043,216.001,216.031
2026-08-18 21:00:00+09:00,216.032,216.035,215.998,216.002
2026-08-18 21:05:00+09:00,216.003,216.017,215.978,216.008
2026-08-18 21:10:00+09:00,216.008,216.038,215.984,216.008
2026-08-18 21:15:00+09:00,216.008,216.028,215.991,216.028
2026-08-18 21:20:00+09:00,216.029,216.045,215.999,216.014
2026-08-18 21:25:00+09:00,216.014,216.021,215.983,215.996
2026-08-18 21:30:00+09:00,215.992,216.034,215.984,216.0
2026-08-18 21:35:00+09:00,216.0,216.028,215.984,216.028
2026-08-18 21:40:00+09:00,216.028,216.056,216.025,216.034
2026-08-18 21:45:00+09:00,216.034,216.07,216.016,216.058
2026-08-18 21:50:00+09:00,216.058,216.08,216.049,216.073
2026-08-18 21:55:00+09:00,216.073,216.087,216.041,216.063
2026-08-18 22:00:00+09:00,216.063,216.106,216.057,216.106
2026-08-18 22:05:00+09:00,216.106,216.114,216.077,216.092
2026-08-18 22:10:00+09:00,216.092,216.108,216.075,216.105
2026-08-18 22:15:00+09:00,216.101,216.112,216.084,216.096
2026-08-18 22:20:00+09:00,216.096,216.118,216.07,216.093
2026-08-18 22:25:00+09:00,216.093,216.12,216.082,216.089
2026-08-18 22:30:00+09:00,216.089,216.132,216.069,216.115
2026-08-18 22:35:00+09:00,216.115,216.136,216.093,216.12
2026-08-18 22:40:00+09:00,216.12,216.137,216.093,216.119
2026-08-18 22:45:00+09:00,216.119,216.121,216.021,216.028
2026-08-18 22:50:00+09:00,216.028,216.051,215.992,216.043
2026-08-18 22:55:00+09:00,216.043,216.092,216.042,216.092
2026-08-18 23:00:00+09:00,216.092,216.111,216.048,216.058
2026-08-18 23:05:00+09:00,216.058,216.071,215.997,216.048
2026-08-18 23:10:00+09:00,216.048,216.071,216.008,216.053
2026-08-18 23:15:00+09:00,216.053,216.085,216.021,216.069
2026-08-18 23:20:00+09:00,216.069,216.076,216.033,216.04
2026-08-18 23:25:00+09:00,216.04,216.041,215.986,216.0
2026-08-18 23:30:00+09:00,216.0,216.069,215.983,216.047
2026-08-18 23:35:00+09:00,216.047,216.066,216.019,216.024
2026-08-18 23:40:00+09:00,216.025,216.093,216.004,216.087
2026-08-18 23:45:00+09:00,216.087,216.113,216.076,216.089
2026-08-18 23:50:00+09:00,216.089,216.109,216.04,216.101
2026-08-18 23:55:00+09:00,216.101,216.164,216.074,216.086
2026-08-19 00:00:00+09:00,216.086,216.103,216.007,216.097
2026-08-19 00:05:00+09:00,216.097,216.117,216.044,216.051
2026-08-19 00:10:00+09:00,216.051,216.075,216.048,216.066
2026-08-19 00:15:00+09:00,216.065,216.104,216.058,216.068
2026-08-19 00:20:00+09:00,216.066,216.107,216.049,216.082
2026-08-19 00:25:00+09:00,216.082,216.124,216.08,216.118
2026-08-19 00:30:00+09:00,216.118,216.124,216.088,216.096
2026-08-19 00:35:00+09:00,216.096,216.116,216.081,216.085
2026-08-19 00:40:00+09:00,216.085,216.097,216.07,216.076
2026-08-19 00:45:00+09:00,216.076,216.091,216.049,216.055
2026-08-19 00:50:00+09:00,216.055,216.081,216.049,216.079
2026-08-19 00:55:00+09:00,216.079,216.149,216.077,216.145
2026-08-19 01:00:00+09:00,216.145,216.145,216.104,216.141
2026-08-19 01:05:00+09:00,216.141,216.145,216.118,216.12
2026-08-19 01:10:00+09:00,216.12,216.145,216.106,216.118
2026-08-19 01:15:00+09:00,216.118,216.145,216.103,216.127
2026-08-19 01:20:00+09:00,216.127,216.158,216.127,216.153
2026-08-19 01:25:00+09:00,216.153,216.161,216.126,216.143
2026-08-19 01:30:00+09:00,216.143,216.175,216.14,216.172
2026-08-19 01:35:00+09:00,216.172,216.184,216.164,216.168
2026-08-19 01:40:00+09:00,216.168,216.17,216.136,216.144
2026-08-19 01:45:00+09:00,216.144,216.146,216.113,216.115
2026-08-19 01:50:00+09:00,216.115,216.132,216.099,216.101
2026-08-19 01:55:00+09:00,216.102,216.118,216.077,216.079
2026-08-19 02:00:00+09:00,216.079,216.084,216.042,216.05
2026-08-19 02:05:00+09:00,216.05,216.056,216.01,216.012
2026-08-19 02:10:00+09:00,216.012,216.021,216.001,216.017
2026-08-19 02:15:00+09:00,216.017,216.051,216.016,216.049
2026-08-19 02:20:00+09:00,216.049,216.06,216.037,216.06
2026-08-19 02:25:00+09:00,216.06,216.061,216.031,216.039
2026-08-19 02:30:00+09:00,216.04,216.049,216.024,216.031
2026-08-19 02:35:00+09:00,216.031,216.038,216.011,216.025
2026-08-19 02:40:00+09:00,216.025,216.04,216.022,216.04
2026-08-19 02:45:00+09:00,216.039,216.046,216.029,216.032
2026-08-19 02:50:00+09:00,216.032,216.05,216.029,216.043
2026-08-19 02:55:00+09:00,216.043,216.049,216.013,216.023
2026-08-19 03:00:00+09:00,216.024,216.029,215.996,215.998
2026-08-19 03:05:00+09:00,215.998,216.011,215.993,216.007
2026-08-19 03:10:00+09:00,216.007,216.016,215.995,216.011
2026-08-19 03:15:00+09:00,216.011,216.034,216.01,216.034
2026-08-19 03:20:00+09:00,216.034,216.038,216.01,216.015
2026-08-19 03:25:00+09:00,216.015,216.051,216.013,216.045
2026-08-19 03:30:00+09:00,216.045,216.054,216.037,216.045
2026-08-19 03:35:00+09:00,216.045,216.057,216.041,216.051
2026-08-19 03:40:00+09:00,216.051,216.051,216.034,216.035
2026-08-19 03:45:00+09:00,216.035,216.044,216.014,216.018
2026-08-19 03:50:00+09:00,216.018,216.019,216.003,216.005
2026-08-19 03:55:00+09:00,216.005,216.029,215.993,216.01
2026-08-19 04:00:00+09:00,216.01,216.025,215.99,216.021
2026-08-19 04:05:00+09:00,216.022,216.032,216.011,216.021
2026-08-19 04:10:00+09:00,216.021,216.038,216.015,216.032
2026-08-19 04:15:00+09:00,216.032,216.038,216.019,216.024
2026-08-19 04:20:00+09:00,216.024,216.035,216.011,216.023
2026-08-19 04:25:00+09:00,216.023,216.051,216.02,216.044
2026-08-19 04:30:00+09:00,216.044,216.058,216.039,216.057
2026-08-19 04:35:00+09:00,216.058,216.078,216.048,216.078
2026-08-19 04:40:00+09:00,216.078,216.084,216.053,216.069
2026-08-19 04:45:00+09:00,216.069,216.072,216.047,216.057
2026-08-19 04:50:00+09:00,216.057,216.08,216.054,216.065
2026-08-19 04:55:00+09:00,216.065,216.076,216.035,216.047
2026-08-19 05:00:00+09:00,216.047,216.054,216.03,216.034
2026-08-19 05:05:00+09:00,216.034,216.041,216.024,216.04
2026-08-19 05:10:00+09:00,216.04,216.05,216.024,216.03
2026-08-19 05:15:00+09:00,216.03,216.031,216.019,216.023
2026-08-19 05:20:00+09:00,216.023,216.027,216.005,216.005
2026-08-19 05:25:00+09:00,216.005,216.016,215.995,216.015
2026-08-19 05:30:00+09:00,216.015,216.036,216.013,216.035
2026-08-19 05:35:00+09:00,216.035,216.044,216.029,216.039
2026-08-19 05:40:00+09:00,216.039,216.047,216.029,216.047
2026-08-19 05:45:00+09:00,216.047,216.125,216.046,216.092
2026-08-19 05:50:00+09:00,216.092,216.1,216.087,216.098
2026-08-19 05:55:00+09:00,216.098,216.1,216.04,216.04
2026-08-19 06:00:00+09:00,216.04,216.06,216.034,216.058
2026-08-19 06:05:00+09:00,216.058,216.162,216.058,216.075
2026-08-19 06:10:00+09:00,216.075,216.146,216.065,216.132
2026-08-19 06:15:00+09:00,216.132,216.137,216.113,216.134
2026-08-19 06:20:00+09:00,216.134,216.153,216.119,216.139
2026-08-19 06:25:00+09:00,216.139,216.144,216.1,216.121
2026-08-19 06:30:00+09:00,216.121,216.132,216.114,216.115
2026-08-19 06:35:00+09:00,216.115,216.123,216.068,216.074
2026-08-19 06:40:00+09:00,216.074,216.081,216.031,216.047
2026-08-19 06:45:00+09:00,216.048,216.057,216.026,216.051
2026-08-19 06:50:00+09:00,216.051,216.058,216.043,216.046
2026-08-19 06:55:00+09:00,216.046,216.132,216.023,216.127
2026-08-19 07:00:00+09:00,216.129,216.166,216.026,216.051
2026-08-19 07:05:00+09:00,216.051,216.06,216.046,216.046
2026-08-19 07:10:00+09:00,216.046,216.057,216.008,216.057
2026-08-19 07:15:00+09:00,216.057,216.058,216.031,216.04
2026-08-19 07:20:00+09:00,216.04,216.046,216.03,216.032
2026-08-19 07:25:00+09:00,216.032,216.041,216.027,216.039
2026-08-19 07:30:00+09:00,216.039,216.042,216.013,216.015
2026-08-19 07:35:00+09:00,216.015,216.026,215.995,216.013
2026-08-19 07:40:00+09:00,216.013,216.015,216.005,216.014
2026-08-19 07:45:00+09:00,216.014,216.035,216.012,216.013
2026-08-19 07:50:00+09:00,216.013,216.029,216.013,216.026
2026-08-19 07:55:00+09:00,216.026,216.029,216.021,216.022
2026-08-19 08:00:00+09:00,216.022,216.026,215.987,215.993
2026-08-19 08:05:00+09:00,215.993,216.011,215.993,216.002
2026-08-19 08:10:00+09:00,216.002,216.004,215.976,215.999
2026-08-19 08:15:00+09:00,215.998,216.003,215.984,215.998
2026-08-19 08:20:00+09:00,215.998,216.001,215.988,215.989
2026-08-19 08:25:00+09:00,215.989,216.006,215.978,215.987
2026-08-19 08:30:00+09:00,215.988,215.99,215.973,215.988
2026-08-19 08:35:00+09:00,215.988,216.006,215.975,216.004
2026-08-19 08:40:00+09:00,216.004,216.009,215.995,216.004
2026-08-19 08:45:00+09:00,216.004,216.019,215.998,216.008
2026-08-19 08:50:00+09:00,216.008,216.008,215.978,215.984
2026-08-19 08:55:00+09:00,215.985,216.004,215.966,216.004
2026-08-19 09:00:00+09:00,216.004,216.004,215.922,215.959
2026-08-19 09:05:00+09:00,215.959,215.966,215.913,215.928
2026-08-19 09:10:00+09:00,215.928,215.946,215.903,215.909
2026-08-19 09:15:00+09:00,215.909,215.922,215.886,215.91
2026-08-19 09:20:00+09:00,215.91,215.927,215.902,215.913
2026-08-19 09:25:00+09:00,215.913,215.943,215.905,215.94
2026-08-19 09:30:00+09:00,215.94,215.948,215.886,215.895
2026-08-19 09:35:00+09:00,215.895,215.9,215.848,215.851
2026-08-19 09:40:00+09:00,215.851,215.872,215.834,215.849
2026-08-19 09:45:00+09:00,215.849,215.855,215.805,215.815
2026-08-19 09:50:00+09:00,215.815,215.821,215.72,215.774
2026-08-19 09:55:00+09:00,215.772,215.795,215.742,215.742
2026-08-19 10:00:00+09:00,215.742,215.787,215.741,215.786
2026-08-19 10:05:00+09:00,215.786,215.799,215.732,215.745
2026-08-19 10:10:00+09:00,215.745,215.766,215.734,215.751
2026-08-19 10:15:00+09:00,215.751,215.76,215.711,215.727
2026-08-19 10:20:00+09:00,215.727,215.766,215.712,215.763
2026-08-19 10:25:00+09:00,215.764,215.792,215.748,215.777
2026-08-19 10:30:00+09:00,215.777,215.786,215.738,215.755
2026-08-19 10:35:00+09:00,215.755,215.769,215.727,215.727
2026-08-19 10:40:00+09:00,215.727,215.749,215.715,215.741
2026-08-19 10:45:00+09:00,215.741,215.757,215.735,215.754
2026-08-19 10:50:00+09:00,215.754,215.77,215.74,215.758
2026-08-19 10:55:00+09:00,215.759,215.785,215.743,215.757
2026-08-19 11:00:00+09:00,215.757,215.785,215.755,215.772
2026-08-19 11:05:00+09:00,215.772,215.79,215.756,215.762
2026-08-19 11:10:00+09:00,215.762,215.773,215.735,215.749
2026-08-19 11:15:00+09:00,215.749,215.795,215.727,215.733
2026-08-19 11:20:00+09:00,215.732,215.746,215.701,215.721
2026-08-19 11:25:00+09:00,215.721,215.745,215.708,215.732
2026-08-19 11:30:00+09:00,215.732,215.769,215.721,215.769
2026-08-19 11:35:00+09:00,215.769,215.79,215.754,215.758
2026-08-19 11:40:00+09:00,215.758,215.763,215.712,215.741
2026-08-19 11:45:00+09:00,215.743,215.763,215.721,215.756
2026-08-19 11:50:00+09:00,215.756,215.768,215.737,215.763
2026-08-19 11:55:00+09:00,215.763,215.784,215.749,215.78
2026-08-19 12:00:00+09:00,215.78,215.795,215.769,215.787
2026-08-19 12:05:00+09:00,215.787,215.793,215.771,215.783
2026-08-19 12:10:00+09:00,215.783,215.808,215.776,215.803
2026-08-19 12:15:00+09:00,215.803,215.826,215.795,215.823
2026-08-19 12:20:00+09:00,215.823,215.829,215.812,215.813
2026-08-19 12:25:00+09:00,215.813,215.829,215.803,215.825
2026-08-19 12:30:00+09:00,215.824,215.864,215.813,215.835
2026-08-19 12:35:00+09:00,215.835,215.873,215.828,215.864
2026-08-19 12:40:00+09:00,215.864,215.866,215.83,215.83
2026-08-19 12:45:00+09:00,215.83,215.853,215.828,215.852
2026-08-19 12:50:00+09:00,215.853,215.855,215.84,215.848
2026-08-19 12:55:00+09:00,215.848,215.851,215.822,215.824
2026-08-19 13:00:00+09:00,215.824,215.83,215.802,215.812
2026-08-19 13:05:00+09:00,215.812,215.817,215.804,215.807
2026-08-19 13:10:00+09:00,215.807,215.819,215.794,215.816
2026-08-19 13:15:00+09:00,215.816,215.818,215.806,215.808
2026-08-19 13:20:00+09:00,215.808,215.808,215.764,215.766
2026-08-19 13:25:00+09:00,215.766,215.777,215.738,215.749
2026-08-19 13:30:00+09:00,215.749,215.749,215.657,215.719
2026-08-19 13:35:00+09:00,215.719,215.742,215.717,215.727
2026-08-19 13:40:00+09:00,215.727,215.762,215.722,215.762
2026-08-19 13:45:00+09:00,215.762,215.762,215.704,215.717
2026-08-19 13:50:00+09:00,215.716,215.734,215.697,215.729
2026-08-19 13:55:00+09:00,215.729,215.778,215.713,215.766
2026-08-19 14:00:00+09:00,215.767,215.77,215.713,215.732
2026-08-19 14:05:00+09:00,215.731,215.739,215.699,215.7
2026-08-19 14:10:00+09:00,215.7,215.746,215.7,215.729
2026-08-19 14:15:00+09:00,215.729,215.732,215.665,215.68
2026-08-19 14:20:00+09:00,215.681,215.695,215.655,215.664
2026-08-19 14:25:00+09:00,215.664,215.709,215.663,215.694
2026-08-19 14:30:00+09:00,215.694,215.696,215.621,215.636
2026-08-19 14:35:00+09:00,215.635,215.671,215.625,215.654
2026-08-19 14:40:00+09:00,215.655,215.696,215.65,215.693
2026-08-19 14:45:00+09:00,215.693,215.707,215.661,215.692
2026-08-19 14:50:00+09:00,215.692,215.761,215.691,215.744
2026-08-19 14:55:00+09:00,215.745,215.781,215.745,215.754
2026-08-19 15:00:00+09:00,215.755,215.851,215.683,215.763
2026-08-19 15:05:00+09:00,215.763,215.779,215.696,215.702
2026-08-19 15:10:00+09:00,215.701,215.705,215.648,215.682
2026-08-19 15:15:00+09:00,215.683,215.782,215.662,215.764
2026-08-19 15:20:00+09:00,215.764,215.81,215.733,215.804
2026-08-19 15:25:00+09:00,215.804,215.821,215.703,215.722
2026-08-19 15:30:00+09:00,215.722,215.724,215.658,215.663
2026-08-19 15:35:00+09:00,215.663,215.695,215.624,215.693
2026-08-19 15:40:00+09:00,215.693,215.763,215.683,215.763
2026-08-19 15:45:00+09:00,215.764,215.81,215.748,215.808
2026-08-19 15:50:00+09:00,215.808,215.824,215.782,215.79
2026-08-19 15:55:00+09:00,215.789,215.822,215.747,215.8
2026-08-19 16:00:00+09:00,215.799,215.835,215.738,215.77
2026-08-19 16:05:00+09:00,215.77,215.776,215.714,215.749
2026-08-19 16:10:00+09:00,215.749,215.762,215.704,215.723
2026-08-19 16:15:00+09:00,215.723,215.764,215.707,215.726
2026-08-19 16:20:00+09:00,215.725,215.75,215.681,215.7
2026-08-19 16:25:00+09:00,215.701,215.729,215.686,215.722
2026-08-19 16:30:00+09:00,215.722,215.74,215.674,215.702
2026-08-19 16:35:00+09:00,215.702,215.729,215.669,215.727
2026-08-19 16:40:00+09:00,215.727,215.745,215.677,215.716
2026-08-19 16:45:00+09:00,215.716,215.744,215.698,215.743
2026-08-19 16:50:00+09:00,215.743,215.755,215.707,215.712
2026-08-19 16:55:00+09:00,215.712,215.8,215.712,215.773
2026-08-19 17:00:00+09:00,215.773,215.773,215.733,215.765
2026-08-19 17:05:00+09:00,215.765,215.798,215.742,215.769
2026-08-19 17:10:00+09:00,215.769,215.813,215.762,215.791
2026-08-19 17:15:00+09:00,215.791,215.8,215.724,215.737
2026-08-19 17:20:00+09:00,215.737,215.753,215.679,215.689
2026-08-19 17:25:00+09:00,215.69,215.728,215.676,215.685
2026-08-19 17:30:00+09:00,215.684,215.687,215.639,215.646
2026-08-19 17:35:00+09:00,215.646,215.68,215.637,215.666
2026-08-19 17:40:00+09:00,215.666,215.733,215.665,215.718
2026-08-19 17:45:00+09:00,215.718,215.758,215.713,215.756
2026-08-19 17:50:00+09:00,215.756,215.817,215.728,215.804
2026-08-19 17:55:00+09:00,215.806,215.81,215.71,215.732
2026-08-19 18:00:00+09:00,215.732,215.79,215.716,215.777
2026-08-19 18:05:00+09:00,215.777,215.782,215.743,215.761
2026-08-19 18:10:00+09:00,215.761,215.823,215.76,215.822
2026-08-19 18:15:00+09:00,215.821,215.847,215.799,215.804
2026-08-19 18:20:00+09:00,215.804,215.812,215.767,215.802
2026-08-19 18:25:00+09:00,215.802,215.816,215.76,215.78
2026-08-19 18:30:00+09:00,215.781,215.782,215.668,215.693
2026-08-19 18:35:00+09:00,215.693,215.727,215.679,215.684
2026-08-19 18:40:00+09:00,215.684,215.707,215.667,215.69
2026-08-19 18:45:00+09:00,215.69,215.729,215.684,215.716
2026-08-19 18:50:00+09:00,215.717,215.734,215.688,215.706
2026-08-19 18:55:00+09:00,215.707,215.727,215.693,215.705
2026-08-19 19:00:00+09:00,215.705,215.706,215.646,215.654
2026-08-19 19:05:00+09:00,215.653,215.699,215.651,215.687
2026-08-19 19:10:00+09:00,215.687,215.703,215.651,215.703
2026-08-19 19:15:00+09:00,215.703,215.719,215.669,215.679
2026-08-19 19:20:00+09:00,215.68,215.699,215.652,215.681
2026-08-19 19:25:00+09:00,215.682,215.736,215.667,215.729
2026-08-19 19:30:00+09:00,215.729,215.75,215.697,215.727
2026-08-19 19:35:00+09:00,215.727,215.774,215.727,215.761
2026-08-19 19:40:00+09:00,215.761,215.78,215.729,215.741
2026-08-19 19:45:00+09:00,215.742,215.759,215.719,215.724
2026-08-19 19:50:00+09:00,215.724,215.731,215.69,215.691
2026-08-19 19:55:00+09:00,215.691,215.712,215.653,215.683
2026-08-19 20:00:00+09:00,215.683,215.753,215.68,215.699
2026-08-19 20:05:00+09:00,215.699,215.725,215.693,215.706
2026-08-19 20:10:00+09:00,215.706,215.715,215.672,215.711
2026-08-19 20:15:00+09:00,215.711,215.715,215.655,215.659
2026-08-19 20:20:00+09:00,215.659,215.7,215.65,215.684
2026-08-19 20:25:00+09:00,215.685,215.697,215.666,215.672
2026-08-19 20:30:00+09:00,215.671,215.689,215.656,215.671
2026-08-19 20:35:00+09:00,215.671,215.68,215.641,215.659
2026-08-19 20:40:00+09:00,215.659,215.691,215.653,215.668
2026-08-19 20:45:00+09:00,215.667,215.684,215.644,215.668
2026-08-19 20:50:00+09:00,215.668,215.692,215.656,215.674
2026-08-19 20:55:00+09:00,215.674,215.695,215.649,215.688
2026-08-19 21:00:00+09:00,215.688,215.702,215.65,215.657
2026-08-19 21:05:00+09:00,215.656,215.684,215.65,215.668
2026-08-19 21:10:00+09:00,215.668,215.725,215.667,215.724
2026-08-19 21:15:00+09:00,215.724,215.727,215.691,215.691
2026-08-19 21:20:00+09:00,215.692,215.726,215.6,215.634
2026-08-19 21:25:00+09:00,215.634,215.689,215.617,215.675
2026-08-19 21:30:00+09:00,215.675,215.676,215.425,215.488
2026-08-19 21:35:00+09:00,215.489,215.573,214.854,214.927
2026-08-19 21:40:00+09:00,214.928,215.379,214.91,215.331
2026-08-19 21:45:00+09:00,215.332,215.562,215.259,215.534
2026-08-19 21:50:00+09:00,215.532,215.597,215.512,215.549
2026-08-19 21:55:00+09:00,215.55,215.626,215.523,215.615
2026-08-19 22:00:00+09:00,215.615,215.649,215.526,215.565
2026-08-19 22:05:00+09:00,215.564,215.628,215.533,215.582
2026-08-19 22:10:00+09:00,215.578,215.66,215.535,215.642
2026-08-19 22:15:00+09:00,215.643,215.742,215.614,215.737
2026-08-19 22:20:00+09:00,215.737,215.782,215.666,215.759
2026-08-19 22:25:00+09:00,215.763,215.822,215.746,215.798
2026-08-19 22:30:00+09:00,215.798,215.817,215.739,215.805
2026-08-19 22:35:00+09:00,215.808,215.818,215.746,215.799
2026-08-19 22:40:00+09:00,215.8,215.876,215.776,215.834
2026-08-19 22:45:00+09:00,215.834,215.857,215.726,215.743
2026-08-19 22:50:00+09:00,215.743,215.833,215.714,215.832
2026-08-19 22:55:00+09:00,215.833,215.895,215.759,215.763
2026-08-19 23:00:00+09:00,215.762,215.783,215.693,215.737
2026-08-19 23:05:00+09:00,215.737,215.762,215.703,215.727
2026-08-19 23:10:00+09:00,215.727,215.759,215.61,215.613
2026-08-19 23:15:00+09:00,215.619,215.647,215.58,215.624
2026-08-19 23:20:00+09:00,215.625,215.643,215.558,215.617
2026-08-19 23:25:00+09:00,215.617,215.645,215.579,215.642
2026-08-19 23:30:00+09:00,215.643,215.646,215.402,215.429
2026-08-19 23:35:00+09:00,215.432,215.5,215.379,215.391
2026-08-19 23:40:00+09:00,215.391,215.491,215.381,215.49
2026-08-19 23:45:00+09:00,215.491,215.52,215.467,215.515
2026-08-19 23:50:00+09:00,215.516,215.532,215.472,215.499
2026-08-19 23:55:00+09:00,215.498,215.554,215.451,215.497
2026-08-20 00:00:00+09:00,215.497,215.602,215.497,215.588
2026-08-20 00:05:00+09:00,215.588,215.66,215.586,215.646
2026-08-20 00:10:00+09:00,215.646,215.671,215.622,215.651
2026-08-20 00:15:00+09:00,215.645,215.654,215.581,215.592
2026-08-20 00:20:00+09:00,215.592,215.628,215.55,215.618
2026-08-20 00:25:00+09:00,215.618,215.683,215.586,215.676
2026-08-20 00:30:00+09:00,215.677,215.722,215.627,215.639
2026-08-20 00:35:00+09:00,215.639,215.652,215.605,215.629
2026-08-20 00:40:00+09:00,215.628,215.636,215.576,215.579
2026-08-20 00:45:00+09:00,215.579,215.628,215.552,215.621
2026-08-20 00:50:00+09:00,215.621,215.627,215.579,215.579
2026-08-20 00:55:00+09:00,215.579,215.628,215.558,215.611
2026-08-20 01:00:00+09:00,215.611,215.67,215.575,215.586
2026-08-20 01:05:00+09:00,215.586,215.636,215.57,215.601
2026-08-20 01:10:00+09:00,215.601,215.633,215.579,215.609
2026-08-20 01:15:00+09:00,215.609,215.635,215.586,215.607
2026-08-20 01:20:00+09:00,215.607,215.638,215.589,215.617
2026-08-20 01:25:00+09:00,215.617,215.619,215.573,215.58
2026-08-20 01:30:00+09:00,215.579,215.619,215.563,215.587
2026-08-20 01:35:00+09:00,215.587,215.612,215.586,215.605
2026-08-20 01:40:00+09:00,215.605,215.626,215.565,215.578
2026-08-20 01:45:00+09:00,215.578,215.581,215.538,215.544
2026-08-20 01:50:00+09:00,215.544,215.588,215.534,215.583
2026-08-20 01:55:00+09:00,215.583,215.593,215.542,215.573
2026-08-20 02:00:00+09:00,215.573,215.615,215.566,215.6
2026-08-20 02:05:00+09:00,215.6,215.62,215.586,215.609
2026-08-20 02:10:00+09:00,215.609,215.627,215.593,215.602
2026-08-20 02:15:00+09:00,215.602,215.603,215.503,215.516
2026-08-20 02:20:00+09:00,215.516,215.547,215.516,215.537
2026-08-20 02:25:00+09:00,215.537,215.547,215.516,215.536
2026-08-20 02:30:00+09:00,215.536,215.539,215.491,215.515
2026-08-20 02:35:00+09:00,215.515,215.559,215.503,215.556
2026-08-20 02:40:00+09:00,215.557,215.579,215.529,215.551
2026-08-20 02:45:00+09:00,215.551,215.608,215.549,215.607
2026-08-20 02:50:00+09:00,215.607,215.618,215.592,215.599
2026-08-20 02:55:00+09:00,215.601,215.601,215.533,215.557
2026-08-20 03:00:00+09:00,215.558,215.56,215.452,215.458
2026-08-20 03:05:00+09:00,215.46,215.485,215.422,215.433
2026-08-20 03:10:00+09:00,215.433,215.44,215.402,215.429
2026-08-20 03:15:00+09:00,215.429,215.468,215.428,215.449
2026-08-20 03:20:00+09:00,215.448,215.453,215.412,215.429
2026-08-20 03:25:00+09:00,215.429,215.438,215.391,215.411
2026-08-20 03:30:00+09:00,215.408,215.423,215.377,215.399
2026-08-20 03:35:00+09:00,215.4,215.424,215.382,215.404
2026-08-20 03:40:00+09:00,215.404,215.425,215.351,215.424
2026-08-20 03:45:00+09:00,215.424,215.433,215.389,215.417
2026-08-20 03:50:00+09:00,215.417,215.45,215.417,215.427
2026-08-20 03:55:00+09:00,215.427,215.442,215.402,215.432
2026-08-20 04:00:00+09:00,215.433,215.488,215.405,215.422
2026-08-20 04:05:00+09:00,215.422,215.437,215.391,215.434
2026-08-20 04:10:00+09:00,215.434,215.437,215.389,215.402
2026-08-20 04:15:00+09:00,215.402,215.416,215.369,215.369
2026-08-20 04:20:00+09:00,215.371,215.388,215.346,215.349
2026-08-20 04:25:00+09:00,215.349,215.355,215.26,215.272
2026-08-20 04:30:00+09:00,215.272,215.298,215.259,215.282
2026-08-20 04:35:00+09:00,215.282,215.323,215.262,215.281
2026-08-20 04:40:00+09:00,215.281,215.346,215.257,215.344
2026-08-20 04:45:00+09:00,215.343,215.371,215.339,215.351
2026-08-20 04:50:00+09:00,215.351,215.358,215.315,215.325
2026-08-20 04:55:00+09:00,215.325,215.325,215.157,215.21
2026-08-20 05:00:00+09:00,215.21,215.213,215.139,215.206
2026-08-20 05:05:00+09:00,215.206,215.229,215.181,215.184
2026-08-20 05:10:00+09:00,215.184,215.211,215.162,215.172
2026-08-20 05:15:00+09:00,215.17,215.194,215.168,215.189
2026-08-20 05:20:00+09:00,215.189,215.19,215.167,215.182
2026-08-20 05:25:00+09:00,215.181,215.235,215.173,215.218
2026-08-20 05:30:00+09:00,215.218,215.234,215.21,215.21
2026-08-20 05:35:00+09:00,215.21,215.216,215.174,215.211
2026-08-20 05:40:00+09:00,215.21,215.225,215.189,215.197
2026-08-20 05:45:00+09:00,215.197,215.27,215.193,215.254
2026-08-20 05:50:00+09:00,215.255,215.283,215.248,215.274
2026-08-20 05:55:00+09:00,215.274,215.294,215.251,215.284
2026-08-20 06:00:00+09:00,215.285,215.285,215.261,215.261
2026-08-20 06:05:00+09:00,215.261,215.261,215.224,215.229
2026-08-20 06:10:00+09:00,215.229,215.238,215.205,215.206
2026-08-20 06:15:00+09:00,215.206,215.254,215.204,215.218
2026-08-20 06:20:00+09:00,215.219,215.325,215.194,215.258
2026-08-20 06:25:00+09:00,215.258,215.268,215.253,215.257
2026-08-20 06:30:00+09:00,215.257,215.265,215.252,215.256
2026-08-20 06:35:00+09:00,215.256,215.256,215.231,215.243
2026-08-20 06:40:00+09:00,215.243,215.274,215.229,215.254
2026-08-20 06:45:00+09:00,215.254,215.26,215.198,215.205
2026-08-20 06:50:00+09:00,215.205,215.241,215.175,215.214
2026-08-20 06:55:00+09:00,215.214,215.293,215.211,215.245
2026-08-20 07:00:00+09:00,215.245,215.253,215.137,215.156
2026-08-20 07:05:00+09:00,215.156,215.2,215.148,215.189
2026-08-20 07:10:00+09:00,215.189,215.189,215.115,215.129
2026-08-20 07:15:00+09:00,215.129,215.134,215.101,215.134
2026-08-20 07:20:00+09:00,215.134,215.135,215.109,215.119
2026-08-20 07:25:00+09:00,215.119,215.138,215.119,215.137
2026-08-20 07:30:00+09:00,215.137,215.174,215.136,215.155
2026-08-20 07:35:00+09:00,215.155,215.177,215.152,215.173
2026-08-20 07:40:00+09:00,215.173,215.199,215.167,215.192
2026-08-20 07:45:00+09:00,215.192,215.215,215.182,215.215
2026-08-20 07:50:00+09:00,215.215,215.253,215.215,215.252
2026-08-20 07:55:00+09:00,215.252,215.253,215.225,215.232
2026-08-20 08:00:00+09:00,215.232,215.273,215.228,215.272
2026-08-20 08:05:00+09:00,215.272,215.29,215.237,215.264
2026-08-20 08:10:00+09:00,215.264,215.282,215.255,215.262
2026-08-20 08:15:00+09:00,215.263,215.278,215.249,215.25
2026-08-20 08:20:00+09:00,215.25,215.255,215.224,215.238
2026-08-20 08:25:00+09:00,215.238,215.266,215.236,215.257
2026-08-20 08:30:00+09:00,215.257,215.263,215.239,215.263
2026-08-20 08:35:00+09:00,215.264,215.279,215.225,215.234
2026-08-20 08:40:00+09:00,215.234,215.262,215.229,215.256
2026-08-20 08:45:00+09:00,215.256,215.283,215.251,215.272
2026-08-20 08:50:00+09:00,215.272,215.28,215.241,215.249
2026-08-20 08:55:00+09:00,215.249,215.284,215.241,215.263
2026-08-20 09:00:00+09:00,215.263,215.33,215.217,215.254
2026-08-20 09:05:00+09:00,215.253,215.361,215.253,215.356
2026-08-20 09:10:00+09:00,215.356,215.396,215.349,215.38
2026-08-20 09:15:00+09:00,215.378,215.383,215.329,215.36
2026-08-20 09:20:00+09:00,215.36,215.384,215.327,215.376
2026-08-20 09:25:00+09:00,215.377,215.399,215.35,215.367
2026-08-20 09:30:00+09:00,215.367,215.37,215.324,215.367
2026-08-20 09:35:00+09:00,215.367,215.382,215.348,215.378
2026-08-20 09:40:00+09:00,215.378,215.404,215.37,215.404
2026-08-20 09:45:00+09:00,215.403,215.415,215.389,215.412
2026-08-20 09:50:00+09:00,215.412,215.454,215.396,215.431
2026-08-20 09:55:00+09:00,215.429,215.433,215.37,215.431
2026-08-20 10:00:00+09:00,215.431,215.479,215.422,215.456
2026-08-20 10:05:00+09:00,215.456,215.483,215.441,215.457
2026-08-20 10:10:00+09:00,215.457,215.505,215.451,215.49
2026-08-20 10:15:00+09:00,215.49,215.527,215.483,215.503
2026-08-20 10:20:00+09:00,215.503,215.521,215.486,215.503
2026-08-20 10:25:00+09:00,215.503,215.52,215.488,215.496
2026-08-20 10:30:00+09:00,215.493,215.496,215.439,215.478
2026-08-20 10:35:00+09:00,215.478,215.558,215.477,215.542
2026-08-20 10:40:00+09:00,215.542,215.64,215.542,215.637
2026-08-20 10:45:00+09:00,215.637,215.711,215.633,215.702
2026-08-20 10:50:00+09:00,215.702,215.711,215.646,215.661
2026-08-20 10:55:00+09:00,215.661,215.736,215.653,215.734
2026-08-20 11:00:00+09:00,215.733,215.735,215.563,215.713
2026-08-20 11:05:00+09:00,215.713,215.724,215.658,215.716
2026-08-20 11:10:00+09:00,215.716,215.745,215.666,215.688
2026-08-20 11:15:00+09:00,215.688,215.688,215.624,215.632
2026-08-20 11:20:00+09:00,215.632,215.634,215.58,215.607
2026-08-20 11:25:00+09:00,215.607,215.61,215.568,215.575
2026-08-20 11:30:00+09:00,215.575,215.577,215.528,215.548
2026-08-20 11:35:00+09:00,215.548,215.553,215.53,215.552
2026-08-20 11:40:00+09:00,215.552,215.559,215.521,215.55
2026-08-20 11:45:00+09:00,215.55,215.56,215.532,215.548
2026-08-20 11:50:00+09:00,215.548,215.586,215.543,215.58
2026-08-20 11:55:00+09:00,215.58,215.59,215.562,215.568
2026-08-20 12:00:00+09:00,215.568,215.597,215.565,215.59
2026-08-20 12:05:00+09:00,215.59,215.652,215.59,215.627
2026-08-20 12:10:00+09:00,215.627,215.629,215.582,215.583
2026-08-20 12:15:00+09:00,215.583,215.6,215.576,215.586
2026-08-20 12:20:00+09:00,215.586,215.608,215.583,215.593
2026-08-20 12:25:00+09:00,215.593,215.679,215.593,215.64
2026-08-20 12:30:00+09:00,215.64,215.685,215.633,215.685
2026-08-20 12:35:00+09:00,215.685,215.701,215.674,215.687
2026-08-20 12:40:00+09:00,215.687,215.71,215.673,215.697
2026-08-20 12:45:00+09:00,215.697,215.704,215.69,215.704
2026-08-20 12:50:00+09:00,215.704,215.733,215.669,215.672
2026-08-20 12:55:00+09:00,215.673,215.702,215.673,215.699
2026-08-20 13:00:00+09:00,215.699,215.699,215.682,215.683
2026-08-20 13:05:00+09:00,215.683,215.715,215.683,215.71
2026-08-20 13:10:00+09:00,215.71,215.748,215.71,215.719
2026-08-20 13:15:00+09:00,215.719,215.75,215.719,215.738
2026-08-20 13:20:00+09:00,215.738,215.738,215.704,215.71
2026-08-20 13:25:00+09:00,215.71,215.726,215.7,215.721
2026-08-20 13:30:00+09:00,215.721,215.762,215.715,215.755
2026-08-20 13:35:00+09:00,215.755,215.782,215.751,215.779
2026-08-20 13:40:00+09:00,215.782,215.791,215.776,215.785
2026-08-20 13:45:00+09:00,215.785,215.817,215.784,215.807
2026-08-20 13:50:00+09:00,215.807,215.874,215.787,215.855
2026-08-20 13:55:00+09:00,215.856,215.883,215.723,215.779
2026-08-20 14:00:00+09:00,215.781,215.806,215.774,215.794
2026-08-20 14:05:00+09:00,215.794,215.826,215.792,215.814
2026-08-20 14:10:00+09:00,215.814,215.838,215.79,215.801
2026-08-20 14:15:00+09:00,215.801,215.816,215.777,215.789
2026-08-20 14:20:00+09:00,215.789,215.864,215.787,215.851
2026-08-20 14:25:00+09:00,215.851,215.887,215.85,215.88
2026-08-20 14:30:00+09:00,215.88,215.92,215.871,215.902
2026-08-20 14:35:00+09:00,215.902,215.923,215.872,215.875
2026-08-20 14:40:00+09:00,215.875,215.908,215.856,215.895
2026-08-20 14:45:00+09:00,215.896,215.902,215.862,215.863
2026-08-20 14:50:00+09:00,215.863,215.877,215.806,215.807
2026-08-20 14:55:00+09:00,215.807,215.837,215.791,215.826
2026-08-20 15:00:00+09:00,215.826,215.833,215.798,215.82
2026-08-20 15:05:00+09:00,215.821,215.847,215.812,215.82
2026-08-20 15:10:00+09:00,215.82,215.826,215.782,215.818
2026-08-20 15:15:00+09:00,215.818,215.819,215.738,215.739
2026-08-20 15:20:00+09:00,215.739,215.747,215.638,215.652
2026-08-20 15:25:00+09:00,215.652,215.727,215.652,215.693
2026-08-20 15:30:00+09:00,215.693,215.727,215.675,215.717
2026-08-20 15:35:00+09:00,215.717,215.723,215.656,215.663
2026-08-20 15:40:00+09:00,215.663,215.706,215.663,215.676
2026-08-20 15:45:00+09:00,215.676,215.725,215.675,215.719
2026-08-20 15:50:00+09:00,215.719,215.726,215.687,215.688
2026-08-20 15:55:00+09:00,215.688,215.701,215.637,215.646
2026-08-20 16:00:00+09:00,215.646,215.648,215.58,215.603
2026-08-20 16:05:00+09:00,215.603,215.626,215.54,215.605
2026-08-20 16:10:00+09:00,215.605,215.638,215.575,215.627
2026-08-20 16:15:00+09:00,215.627,215.686,215.627,215.668
2026-08-20 16:20:00+09:00,215.668,215.765,215.66,215.761
2026-08-20 16:25:00+09:00,215.759,215.814,215.755,215.812
2026-08-20 16:30:00+09:00,215.812,215.897,215.801,215.825
2026-08-20 16:35:00+09:00,215.825,215.913,215.823,215.912
2026-08-20 16:40:00+09:00,215.912,215.962,215.885,215.952
2026-08-20 16:45:00+09:00,215.952,215.953,215.895,215.901
2026-08-20 16:50:00+09:00,215.901,215.91,215.878,215.907
2026-08-20 16:55:00+09:00,215.907,215.942,215.871,215.88
2026-08-20 17:00:00+09:00,215.88,215.936,215.859,215.912
2026-08-20 17:05:00+09:00,215.912,215.94,215.856,215.916
2026-08-20 17:10:00+09:00,215.915,215.937,215.898,215.905
2026-08-20 17:15:00+09:00,215.906,215.983,215.901,215.977
2026-08-20 17:20:00+09:00,215.977,216.011,215.976,216.005
2026-08-20 17:25:00+09:00,216.005,216.083,215.989,216.081
2026-08-20 17:30:00+09:00,216.081,216.085,216.01,216.028
2026-08-20 17:35:00+09:00,216.028,216.057,216.001,216.027
2026-08-20 17:40:00+09:00,216.027,216.111,216.027,216.076
2026-08-20 17:45:00+09:00,216.076,216.11,216.062,216.102
2026-08-20 17:50:00+09:00,216.102,216.191,216.102,216.157
2026-08-20 17:55:00+09:00,216.156,216.159,216.113,216.122
2026-08-20 18:00:00+09:00,216.122,216.123,216.036,216.044
2026-08-20 18:05:00+09:00,216.044,216.072,216.037,216.055
2026-08-20 18:10:00+09:00,216.055,216.095,216.036,216.076
2026-08-20 18:15:00+09:00,216.076,216.077,215.899,215.923
2026-08-20 18:20:00+09:00,215.923,215.946,215.867,215.905
2026-08-20 18:25:00+09:00,215.905,215.998,215.885,215.986
2026-08-20 18:30:00+09:00,215.985,215.994,215.939,215.96
2026-08-20 18:35:00+09:00,215.96,215.997,215.945,215.983
2026-08-20 18:40:00+09:00,215.983,216.036,215.976,216.016
2026-08-20 18:45:00+09:00,216.016,216.048,216.0,216.044
2026-08-20 18:50:00+09:00,216.044,216.088,216.024,216.077
2026-08-20 18:55:00+09:00,216.077,216.124,216.072,216.105
2026-08-20 19:00:00+09:00,216.105,216.111,216.051,216.081
2026-08-20 19:05:00+09:00,216.081,216.085,216.015,216.082
2026-08-20 19:10:00+09:00,216.082,216.179,216.067,216.124
2026-08-20 19:15:00+09:00,216.123,216.141,216.097,216.104
2026-08-20 19:20:00+09:00,216.104,216.145,216.096,216.123
2026-08-20 19:25:00+09:00,216.123,216.156,216.118,216.136
2026-08-20 19:30:00+09:00,216.137,216.18,216.136,216.165
2026-08-20 19:35:00+09:00,216.165,216.168,216.118,216.124
2026-08-20 19:40:00+09:00,216.124,216.155,216.117,216.138
2026-08-20 19:45:00+09:00,216.138,216.208,216.138,216.202
2026-08-20 19:50:00+09:00,216.204,216.207,216.167,216.19
2026-08-20 19:55:00+09:00,216.19,216.263,216.186,216.233
2026-08-20 20:00:00+09:00,216.233,216.282,216.229,216.267
2026-08-20 20:05:00+09:00,216.267,216.301,216.198,216.198
2026-08-20 20:10:00+09:00,216.197,216.254,216.185,216.253
2026-08-20 20:15:00+09:00,216.253,216.3,216.252,216.276
2026-08-20 20:20:00+09:00,216.276,216.276,216.235,216.259
2026-08-20 20:25:00+09:00,216.261,216.263,216.227,216.235
2026-08-20 20:30:00+09:00,216.234,216.286,216.201,216.275
2026-08-20 20:35:00+09:00,216.275,216.314,216.258,216.261
2026-08-20 20:40:00+09:00,216.261,216.301,216.241,216.272
2026-08-20 20:45:00+09:00,216.272,216.331,216.262,216.288
2026-08-20 20:50:00+09:00,216.288,216.346,216.288,216.329
2026-08-20 20:55:00+09:00,216.329,216.329,216.275,216.29
2026-08-20 21:00:00+09:00,216.29,216.398,216.28,216.329
2026-08-20 21:05:00+09:00,216.328,216.357,216.284,216.34
2026-08-20 21:10:00+09:00,216.339,216.432,216.328,216.394
2026-08-20 21:15:00+09:00,216.394,216.439,216.359,216.385
2026-08-20 21:20:00+09:00,216.386,216.417,216.377,216.385
2026-08-20 21:25:00+09:00,216.385,216.386,216.321,216.366
2026-08-20 21:30:00+09:00,216.366,216.409,216.339,216.352
2026-08-20 21:35:00+09:00,216.353,216.384,216.339,216.358
2026-08-20 21:40:00+09:00,216.358,216.396,216.35,216.374
2026-08-20 21:45:00+09:00,216.374,216.408,216.336,216.337
2026-08-20 21:50:00+09:00,216.337,216.397,216.337,216.375
2026-08-20 21:55:00+09:00,216.375,216.462,216.366,216.431
2026-08-20 22:00:00+09:00,216.43,216.493,216.405,216.46
2026-08-20 22:05:00+09:00,216.459,216.485,216.417,216.424
2026-08-20 22:10:00+09:00,216.424,216.466,216.418,216.439
2026-08-20 22:15:00+09:00,216.439,216.454,216.417,216.427
2026-08-20 22:20:00+09:00,216.427,216.438,216.367,216.393
2026-08-20 22:25:00+09:00,216.393,216.417,216.354,216.404
2026-08-20 22:30:00+09:00,216.402,216.472,216.386,216.452
2026-08-20 22:35:00+09:00,216.452,216.453,216.353,216.385
2026-08-20 22:40:00+09:00,216.385,216.444,216.378,216.43
2026-08-20 22:45:00+09:00,216.43,216.522,216.43,216.522
2026-08-20 22:50:00+09:00,216.523,216.535,216.465,216.479
2026-08-20 22:55:00+09:00,216.479,216.556,216.479,216.544
2026-08-20 23:00:00+09:00,216.545,216.629,216.512,216.625
2026-08-20 23:05:00+09:00,216.625,216.634,216.555,216.572
2026-08-20 23:10:00+09:00,216.572,216.572,216.467,216.512
2026-08-20 23:15:00+09:00,216.512,216.543,216.487,216.527
2026-08-20 23:20:00+09:00,216.527,216.531,216.437,216.477
2026-08-20 23:25:00+09:00,216.476,216.546,216.468,216.516
2026-08-20 23:30:00+09:00,216.518,216.547,216.477,216.507
2026-08-20 23:35:00+09:00,216.51,216.515,216.454,216.477
2026-08-20 23:40:00+09:00,216.477,216.487,216.427,216.428
2026-08-20 23:45:00+09:00,216.428,216.478,216.4,216.432
2026-08-20 23:50:00+09:00,216.432,216.451,216.391,216.433
2026-08-20 23:55:00+09:00,216.433,216.448,216.364,216.379
2026-08-21 00:00:00+09:00,216.379,216.47,216.336,216.457
2026-08-21 00:05:00+09:00,216.457,216.471,216.256,216.454
2026-08-21 00:10:00+09:00,216.453,216.532,216.453,216.504
2026-08-21 00:15:00+09:00,216.504,216.563,216.494,216.546
2026-08-21 00:20:00+09:00,216.546,216.557,216.5,216.511
2026-08-21 00:25:00+09:00,216.51,216.609,216.504,216.593
2026-08-21 00:30:00+09:00,216.594,216.63,216.589,216.618
2026-08-21 00:35:00+09:00,216.618,216.669,216.615,216.642
2026-08-21 00:40:00+09:00,216.642,216.679,216.609,216.668
2026-08-21 00:45:00+09:00,216.668,216.672,216.623,216.662
2026-08-21 00:50:00+09:00,216.661,216.715,216.653,216.703
2026-08-21 00:55:00+09:00,216.701,216.727,216.627,216.63
2026-08-21 01:00:00+09:00,216.63,216.643,216.611,216.643
2026-08-21 01:05:00+09:00,216.643,216.678,216.637,216.675
2026-08-21 01:10:00+09:00,216.675,216.699,216.675,216.693
2026-08-21 01:15:00+09:00,216.693,216.723,216.688,216.717
2026-08-21 01:20:00+09:00,216.717,216.75,216.698,216.729
2026-08-21 01:25:00+09:00,216.729,216.821,216.729,216.787
2026-08-21 01:30:00+09:00,216.788,216.799,216.722,216.723
2026-08-21 01:35:00+09:00,216.723,216.754,216.713,216.725
2026-08-21 01:40:00+09:00,216.725,216.775,216.722,216.744
2026-08-21 01:45:00+09:00,216.744,216.762,216.733,216.734
2026-08-21 01:50:00+09:00,216.734,216.781,216.726,216.775
2026-08-21 01:55:00+09:00,216.775,216.794,216.731,216.733
2026-08-21 02:00:00+09:00,216.732,216.736,216.674,216.689
2026-08-21 02:05:00+09:00,216.689,216.69,216.668,216.668
2026-08-21 02:10:00+09:00,216.668,216.693,216.658,216.681
2026-08-21 02:15:00+09:00,216.681,216.695,216.664,216.694
2026-08-21 02:20:00+09:00,216.694,216.724,216.685,216.713
2026-08-21 02:25:00+09:00,216.713,216.725,216.706,216.714
2026-08-21 02:30:00+09:00,216.715,216.753,216.715,216.744
2026-08-21 02:35:00+09:00,216.744,216.748,216.711,216.731
2026-08-21 02:40:00+09:00,216.732,216.755,216.721,216.727
2026-08-21 02:45:00+09:00,216.727,216.762,216.726,216.746
2026-08-21 02:50:00+09:00,216.746,216.756,216.733,216.747
2026-08-21 02:55:00+09:00,216.746,216.779,216.746,216.752
2026-08-21 03:00:00+09:00,216.752,216.753,216.733,216.741
2026-08-21 03:05:00+09:00,216.741,216.754,216.738,216.748
2026-08-21 03:10:00+09:00,216.748,216.8,216.741,216.781
2026-08-21 03:15:00+09:00,216.781,216.813,216.766,216.794
2026-08-21 03:20:00+09:00,216.794,216.825,216.788,216.816
2026-08-21 03:25:00+09:00,216.816,216.845,216.798,216.839
2026-08-21 03:30:00+09:00,216.839,216.85,216.813,216.819
2026-08-21 03:35:00+09:00,216.819,216.835,216.812,216.825
2026-08-21 03:40:00+09:00,216.825,216.826,216.805,216.817
2026-08-21 03:45:00+09:00,216.817,216.88,216.817,216.874
2026-08-21 03:50:00+09:00,216.874,216.874,216.823,216.844
2026-08-21 03:55:00+09:00,216.844,216.883,216.842,216.877
2026-08-21 04:00:00+09:00,216.877,216.903,216.873,216.877
2026-08-21 04:05:00+09:00,216.877,216.895,216.876,216.888
2026-08-21 04:10:00+09:00,216.888,216.898,216.876,216.893
2026-08-21 04:15:00+09:00,216.893,216.895,216.877,216.882
2026-08-21 04:20:00+09:00,216.883,216.887,216.865,216.875
2026-08-21 04:25:00+09:00,216.875,216.904,216.865,216.9
2026-08-21 04:30:00+09:00,216.901,216.911,216.853,216.859
2026-08-21 04:35:00+09:00,216.859,216.872,216.848,216.859
2026-08-21 04:40:00+09:00,216.859,216.875,216.856,216.872
2026-08-21 04:45:00+09:00,216.871,216.902,216.866,216.893
2026-08-21 04:50:00+09:00,216.894,216.904,216.889,216.89
2026-08-21 04:55:00+09:00,216.89,216.902,216.856,216.86
2026-08-21 05:00:00+09:00,216.86,216.884,216.848,216.865
2026-08-21 05:05:00+09:00,216.865,216.882,216.858,216.865
2026-08-21 05:10:00+09:00,216.865,216.872,216.848,216.866
2026-08-21 05:15:00+09:00,216.866,216.873,216.864,216.868
2026-08-21 05:20:00+09:00,216.868,216.882,216.861,216.879
2026-08-21 05:25:00+09:00,216.879,216.881,216.863,216.868
2026-08-21 05:30:00+09:00,216.868,216.87,216.841,216.846
2026-08-21 05:35:00+09:00,216.846,216.854,216.842,216.844
2026-08-21 05:40:00+09:00,216.843,216.876,216.843,216.866
2026-08-21 05:45:00+09:00,216.867,216.941,216.866,216.923
2026-08-21 05:50:00+09:00,216.924,216.938,216.905,216.907
2026-08-21 05:55:00+09:00,216.907,216.916,216.864,216.87
2026-08-21 06:00:00+09:00,216.87,216.872,216.814,216.832
2026-08-21 06:05:00+09:00,216.832,216.918,216.789,216.882
2026-08-21 06:10:00+09:00,216.882,216.887,216.831,216.866
2026-08-21 06:15:00+09:00,216.866,216.888,216.854,216.865
2026-08-21 06:20:00+09:00,216.865,216.869,216.851,216.866
2026-08-21 06:25:00+09:00,216.866,216.879,216.862,216.868
2026-08-21 06:30:00+09:00,216.868,216.879,216.859,216.868
2026-08-21 06:35:00+09:00,216.867,216.873,216.843,216.852
2026-08-21 06:40:00+09:00,216.852,216.913,216.846,216.886
2026-08-21 06:45:00+09:00,216.886,216.892,216.868,216.885
2026-08-21 06:50:00+09:00,216.887,216.918,216.875,216.875
2026-08-21 06:55:00+09:00,216.875,216.909,216.851,216.875
2026-08-21 07:00:00+09:00,216.875,216.93,216.875,216.908
2026-08-21 07:05:00+09:00,216.908,216.912,216.891,216.894
2026-08-21 07:10:00+09:00,216.894,216.894,216.845,216.847
2026-08-21 07:15:00+09:00,216.847,216.865,216.832,216.834
2026-08-21 07:20:00+09:00,216.834,216.85,216.833,216.836
2026-08-21 07:25:00+09:00,216.835,216.837,216.79,216.81
2026-08-21 07:30:00+09:00,216.81,216.83,216.809,216.82
2026-08-21 07:35:00+09:00,216.82,216.835,216.819,216.82
2026-08-21 07:40:00+09:00,216.82,216.827,216.802,216.819
2026-08-21 07:45:00+09:00,216.819,216.825,216.798,216.809
2026-08-21 07:50:00+09:00,216.809,216.812,216.777,216.794
2026-08-21 07:55:00+09:00,216.795,216.805,216.786,216.789
2026-08-21 08:00:00+09:00,216.789,216.794,216.764,216.789
2026-08-21 08:05:00+09:00,216.789,216.795,216.767,216.78
2026-08-21 08:10:00+09:00,216.78,216.787,216.745,216.758
2026-08-21 08:15:00+09:00,216.758,216.76,216.732,216.757
2026-08-21 08:20:00+09:00,216.757,216.778,216.757,216.767
2026-08-21 08:25:00+09:00,216.767,216.788,216.748,216.771
2026-08-21 08:30:00+09:00,216.771,216.803,216.735,216.784
2026-08-21 08:35:00+09:00,216.784,216.813,216.784,216.787
2026-08-21 08:40:00+09:00,216.787,216.797,216.754,216.776
2026-08-21 08:45:00+09:00,216.776,216.793,216.754,216.774
2026-08-21 08:50:00+09:00,216.774,216.828,216.758,216.827
2026-08-21 08:55:00+09:00,216.827,216.845,216.804,216.804
2026-08-21 09:00:00+09:00,216.804,216.878,216.757,216.852
2026-08-21 09:05:00+09:00,216.852,216.913,216.845,216.897
2026-08-21 09:10:00+09:00,216.897,216.92,216.888,216.92
2026-08-21 09:15:00+09:00,216.919,216.938,216.864,216.87
2026-08-21 09:20:00+09:00,216.871,216.919,216.865,216.909
2026-08-21 09:25:00+09:00,216.909,216.937,216.897,216.915
2026-08-21 09:30:00+09:00,216.915,217.008,216.912,217.001
2026-08-21 09:35:00+09:00,217.001,217.017,216.973,217.007
2026-08-21 09:40:00+09:00,217.007,217.012,216.958,216.993
2026-08-21 09:45:00+09:00,216.993,217.046,216.989,217.042
2026-08-21 09:50:00+09:00,217.041,217.041,216.962,216.975
2026-08-21 09:55:00+09:00,216.971,217.007,216.945,216.976
2026-08-21 10:00:00+09:00,216.976,217.026,216.971,216.994
2026-08-21 10:05:00+09:00,216.994,217.015,216.966,216.996
2026-08-21 10:10:00+09:00,216.998,217.008,216.975,216.987
2026-08-21 10:15:00+09:00,216.987,216.99,216.955,216.979
2026-08-21 10:20:00+09:00,216.978,216.98,216.918,216.922
2026-08-21 10:25:00+09:00,216.922,216.94,216.894,216.935
2026-08-21 10:30:00+09:00,216.935,216.954,216.904,216.933
2026-08-21 10:35:00+09:00,216.932,216.938,216.893,216.904
2026-08-21 10:40:00+09:00,216.904,216.953,216.9,216.945
2026-08-21 10:45:00+09:00,216.945,216.946,216.895,216.897
2026-08-21 10:50:00+09:00,216.897,216.929,216.886,216.911
2026-08-21 10:55:00+09:00,216.911,216.922,216.871,216.884
2026-08-21 11:00:00+09:00,216.884,216.898,216.854,216.898
2026-08-21 11:05:00+09:00,216.899,216.935,216.884,216.929
2026-08-21 11:10:00+09:00,216.929,216.937,216.911,216.935
2026-08-21 11:15:00+09:00,216.935,216.966,216.933,216.959
2026-08-21 11:20:00+09:00,216.959,217.0,216.952,216.995
2026-08-21 11:25:00+09:00,216.995,217.002,216.968,217.002
2026-08-21 11:30:00+09:00,217.002,217.014,216.954,216.956
2026-08-21 11:35:00+09:00,216.956,216.966,216.912,216.916
2026-08-21 11:40:00+09:00,216.916,216.955,216.891,216.952
2026-08-21 11:45:00+09:00,216.952,216.977,216.94,216.975
2026-08-21 11:50:00+09:00,216.975,217.015,216.967,217.009
2026-08-21 11:55:00+09:00,217.009,217.009,216.959,216.978
2026-08-21 12:00:00+09:00,216.978,216.997,216.958,216.991
2026-08-21 12:05:00+09:00,216.991,216.995,216.956,216.976
2026-08-21 12:10:00+09:00,216.976,217.001,216.967,216.988
2026-08-21 12:15:00+09:00,216.988,216.99,216.961,216.969
2026-08-21 12:20:00+09:00,216.969,216.999,216.968,216.993
2026-08-21 12:25:00+09:00,216.994,217.007,216.98,216.985
2026-08-21 12:30:00+09:00,216.985,217.064,216.982,217.04
2026-08-21 12:35:00+09:00,217.04,217.062,217.021,217.021
2026-08-21 12:40:00+09:00,217.021,217.032,217.012,217.015
2026-08-21 12:45:00+09:00,217.015,217.039,217.015,217.028
2026-08-21 12:50:00+09:00,217.028,217.036,216.991,216.994
2026-08-21 12:55:00+09:00,216.994,216.994,216.958,216.971
2026-08-21 13:00:00+09:00,216.971,216.976,216.905,216.913
2026-08-21 13:05:00+09:00,216.913,216.946,216.897,216.937
2026-08-21 13:10:00+09:00,216.937,216.946,216.92,216.923
2026-08-21 13:15:00+09:00,216.923,216.935,216.913,216.921
2026-08-21 13:20:00+09:00,216.921,216.937,216.913,216.935
2026-08-21 13:25:00+09:00,216.936,216.959,216.924,216.924
2026-08-21 13:30:00+09:00,216.924,216.955,216.922,216.929
2026-08-21 13:35:00+09:00,216.929,216.96,216.929,216.942
2026-08-21 13:40:00+09:00,216.942,216.974,216.942,216.958
2026-08-21 13:45:00+09:00,216.958,216.997,216.952,216.978
2026-08-21 13:50:00+09:00,216.978,216.985,216.955,216.958
2026-08-21 13:55:00+09:00,216.958,216.968,216.924,216.942
2026-08-21 14:00:00+09:00,216.943,216.96,216.92,216.93
2026-08-21 14:05:00+09:00,216.93,216.948,216.926,216.94
2026-08-21 14:10:00+09:00,216.94,216.948,216.928,216.945
2026-08-21 14:15:00+09:00,216.945,216.958,216.938,216.949
2026-08-21 14:20:00+09:00,216.949,216.968,216.946,216.954
2026-08-21 14:25:00+09:00,216.954,216.962,216.935,216.935
2026-08-21 14:30:00+09:00,216.935,216.936,216.911,216.916
2026-08-21 14:35:00+09:00,216.916,216.92,216.864,216.894
2026-08-21 14:40:00+09:00,216.894,216.897,216.816,216.816
2026-08-21 14:45:00+09:00,216.817,216.846,216.793,216.799
2026-08-21 14:50:00+09:00,216.799,216.865,216.791,216.853
2026-08-21 14:55:00+09:00,216.854,216.871,216.827,216.853
2026-08-21 15:00:00+09:00,216.852,216.858,216.755,216.792
2026-08-21 15:05:00+09:00,216.792,216.825,216.769,216.78
2026-08-21 15:10:00+09:00,216.78,216.838,216.777,216.815
2026-08-21 15:15:00+09:00,216.815,216.904,216.81,216.898
2026-08-21 15:20:00+09:00,216.898,216.899,216.834,216.857
2026-08-21 15:25:00+09:00,216.857,216.93,216.857,216.925
2026-08-21 15:30:00+09:00,216.925,216.938,216.89,216.912
2026-08-21 15:35:00+09:00,216.908,216.922,216.867,216.895
2026-08-21 15:40:00+09:00,216.895,216.904,216.868,216.881
2026-08-21 15:45:00+09:00,216.881,216.893,216.85,216.877
2026-08-21 15:50:00+09:00,216.877,216.877,216.831,216.853
2026-08-21 15:55:00+09:00,216.853,216.906,216.85,216.885
2026-08-21 16:00:00+09:00,216.886,216.928,216.83,216.858
2026-08-21 16:05:00+09:00,216.858,216.858,216.799,216.83
2026-08-21 16:10:00+09:00,216.83,216.889,216.829,216.867
2026-08-21 16:15:00+09:00,216.867,216.908,216.845,216.908
2026-08-21 16:20:00+09:00,216.908,216.918,216.87,216.896
2026-08-21 16:25:00+09:00,216.896,216.9,216.856,216.876
2026-08-21 16:30:00+09:00,216.874,216.877,216.813,216.834
2026-08-21 16:35:00+09:00,216.834,216.84,216.767,216.786
2026-08-21 16:40:00+09:00,216.786,216.792,216.699,216.724
2026-08-21 16:45:00+09:00,216.724,216.724,216.597,216.614
2026-08-21 16:50:00+09:00,216.614,216.65,216.569,216.627
2026-08-21 16:55:00+09:00,216.627,216.658,216.607,216.656
2026-08-21 17:00:00+09:00,216.656,216.657,216.603,216.622
2026-08-21 17:05:00+09:00,216.621,216.656,216.572,216.642
2026-08-21 17:10:00+09:00,216.642,216.671,216.627,216.642
2026-08-21 17:15:00+09:00,216.642,216.662,216.618,216.623
2026-08-21 17:20:00+09:00,216.623,216.652,216.617,216.622
2026-08-21 17:25:00+09:00,216.622,216.668,216.561,216.615
2026-08-21 17:30:00+09:00,216.616,216.688,216.579,216.586
2026-08-21 17:35:00+09:00,216.584,216.633,216.536,216.544
2026-08-21 17:40:00+09:00,216.544,216.613,216.529,216.573
2026-08-21 17:45:00+09:00,216.573,216.632,216.549,216.597
2026-08-21 17:50:00+09:00,216.597,216.625,216.586,216.597
2026-08-21 17:55:00+09:00,216.597,216.66,216.561,216.63
2026-08-21 18:00:00+09:00,216.63,216.676,216.584,216.61
2026-08-21 18:05:00+09:00,216.61,216.679,216.571,216.609
2026-08-21 18:10:00+09:00,216.609,216.623,216.557,216.6
2026-08-21 18:15:00+09:00,216.601,216.642,216.581,216.595
2026-08-21 18:20:00+09:00,216.595,216.602,216.525,216.538
2026-08-21 18:25:00+09:00,216.538,216.569,216.501,216.525
2026-08-21 18:30:00+09:00,216.525,216.544,216.465,216.5
2026-08-21 18:35:00+09:00,216.501,216.535,216.482,216.527
2026-08-21 18:40:00+09:00,216.527,216.573,216.52,216.546
2026-08-21 18:45:00+09:00,216.546,216.609,216.543,216.599
2026-08-21 18:50:00+09:00,216.599,216.634,216.592,216.605
2026-08-21 18:55:00+09:00,216.605,216.606,216.565,216.581
2026-08-21 19:00:00+09:00,216.582,216.661,216.563,216.657
2026-08-21 19:05:00+09:00,216.656,216.682,216.619,216.672
2026-08-21 19:10:00+09:00,216.672,216.687,216.654,216.666
2026-08-21 19:15:00+09:00,216.666,216.677,216.649,216.664
2026-08-21 19:20:00+09:00,216.664,216.687,216.646,216.667
2026-08-21 19:25:00+09:00,216.667,216.683,216.626,216.63
2026-08-21 19:30:00+09:00,216.63,216.657,216.625,216.653
2026-08-21 19:35:00+09:00,216.654,216.689,216.652,216.689
2026-08-21 19:40:00+09:00,216.691,216.692,216.649,216.664
2026-08-21 19:45:00+09:00,216.664,216.67,216.636,216.66
2026-08-21 19:50:00+09:00,216.66,216.722,216.66,216.701
2026-08-21 19:55:00+09:00,216.701,216.717,216.578,216.609
2026-08-21 20:00:00+09:00,216.609,216.63,216.581,216.616
2026-08-21 20:05:00+09:00,216.616,216.702,216.611,216.701
2026-08-21 20:10:00+09:00,216.701,216.75,216.682,216.748
2026-08-21 20:15:00+09:00,216.748,216.769,216.728,216.728
2026-08-21 20:20:00+09:00,216.728,216.761,216.686,216.725
2026-08-21 20:25:00+09:00,216.726,216.738,216.618,216.642
2026-08-21 20:30:00+09:00,216.642,216.667,216.626,216.643
2026-08-21 20:35:00+09:00,216.643,216.683,216.59,216.607
2026-08-21 20:40:00+09:00,216.607,216.643,216.602,216.621
2026-08-21 20:45:00+09:00,216.62,216.674,216.615,216.652
2026-08-21 20:50:00+09:00,216.652,216.674,216.636,216.664
2026-08-21 20:55:00+09:00,216.664,216.736,216.664,216.731
2026-08-21 21:00:00+09:00,216.731,216.736,216.682,216.718
2026-08-21 21:05:00+09:00,216.718,216.74,216.7,216.717
2026-08-21 21:10:00+09:00,216.718,216.732,216.692,216.71
2026-08-21 21:15:00+09:00,216.708,216.776,216.708,216.767
2026-08-21 21:20:00+09:00,216.768,216.8,216.716,216.724
2026-08-21 21:25:00+09:00,216.724,216.743,216.685,216.7
2026-08-21 21:30:00+09:00,216.7,216.703,216.666,216.672
2026-08-21 21:35:00+09:00,216.674,216.676,216.551,216.59
2026-08-21 21:40:00+09:00,216.589,216.656,216.587,216.641
2026-08-21 21:45:00+09:00,216.641,216.663,216.623,216.634
2026-08-21 21:50:00+09:00,216.634,216.669,216.607,216.614
2026-08-21 21:55:00+09:00,216.614,216.614,216.583,216.6
2026-08-21 22:00:00+09:00,216.6,216.634,216.584,216.625
2026-08-21 22:05:00+09:00,216.625,216.629,216.575,216.611
2026-08-21 22:10:00+09:00,216.611,216.628,216.52,216.553
2026-08-21 22:15:00+09:00,216.556,216.626,216.553,216.602
2026-08-21 22:20:00+09:00,216.602,216.633,216.594,216.61
2026-08-21 22:25:00+09:00,216.61,216.638,216.596,216.628
2026-08-21 22:30:00+09:00,216.628,216.654,216.613,216.646
2026-08-21 22:35:00+09:00,216.648,216.649,216.568,216.594
2026-08-21 22:40:00+09:00,216.594,216.658,216.586,216.643
2026-08-21 22:45:00+09:00,216.644,216.717,216.643,216.689
2026-08-21 22:50:00+09:00,216.689,216.696,216.619,216.651
2026-08-21 22:55:00+09:00,216.652,216.673,216.635,216.642
2026-08-21 23:00:00+09:00,216.642,216.699,216.625,216.699
2026-08-21 23:05:00+09:00,216.699,216.7,216.653,216.683
2026-08-21 23:10:00+09:00,216.683,216.698,216.651,216.674
2026-08-21 23:15:00+09:00,216.674,216.71,216.669,216.701
2026-08-21 23:20:00+09:00,216.701,216.708,216.651,216.661
2026-08-21 23:25:00+09:00,216.661,216.663,216.609,216.612
2026-08-21 23:30:00+09:00,216.612,216.636,216.565,216.616
2026-08-21 23:35:00+09:00,216.613,216.641,216.524,216.543
2026-08-21 23:40:00+09:00,216.543,216.604,216.533,216.581
2026-08-21 23:45:00+09:00,216.581,216.601,216.566,216.58
2026-08-21 23:50:00+09:00,216.58,216.648,216.56,216.564
2026-08-21 23:55:00+09:00,216.564,216.654,216.512,216.571
2026-08-22 00:00:00+09:00,216.571,216.613,216.553,216.602
2026-08-22 00:05:00+09:00,216.603,216.622,216.578,216.594
2026-08-22 00:10:00+09:00,216.593,216.715,216.593,216.688
2026-08-22 00:15:00+09:00,216.689,216.692,216.647,216.661
2026-08-22 00:20:00+09:00,216.661,216.707,216.646,216.704
2026-08-22 00:25:00+09:00,216.704,216.715,216.671,216.689
2026-08-22 00:30:00+09:00,216.689,216.723,216.677,216.7
2026-08-22 00:35:00+09:00,216.7,216.753,216.693,216.694
2026-08-22 00:40:00+09:00,216.694,216.743,216.688,216.741
2026-08-22 00:45:00+09:00,216.741,216.76,216.738,216.749
2026-08-22 00:50:00+09:00,216.749,216.805,216.734,216.8
2026-08-22 00:55:00+09:00,216.8,216.818,216.777,216.798
2026-08-22 01:00:00+09:00,216.798,216.858,216.798,216.846
2026-08-22 01:05:00+09:00,216.846,216.846,216.801,216.838
2026-08-22 01:10:00+09:00,216.837,216.838,216.805,216.807
2026-08-22 01:15:00+09:00,216.807,216.82,216.785,216.791
2026-08-22 01:20:00+09:00,216.791,216.844,216.749,216.835
2026-08-22 01:25:00+09:00,216.835,216.854,216.82,216.847
2026-08-22 01:30:00+09:00,216.847,216.863,216.836,216.861
2026-08-22 01:35:00+09:00,216.861,216.872,216.85,216.869
2026-08-22 01:40:00+09:00,216.869,216.869,216.837,216.845
2026-08-22 01:45:00+09:00,216.845,216.851,216.811,216.816
2026-08-22 01:50:00+09:00,216.816,216.847,216.81,216.823
2026-08-22 01:55:00+09:00,216.824,216.871,216.824,216.867
2026-08-22 02:00:00+09:00,216.868,216.913,216.868,216.898
2026-08-22 02:05:00+09:00,216.898,216.94,216.898,216.938
2026-08-22 02:10:00+09:00,216.938,216.944,216.912,216.917
2026-08-22 02:15:00+09:00,216.916,216.952,216.912,216.948
2026-08-22 02:20:00+09:00,216.948,216.959,216.939,216.957
2026-08-22 02:25:00+09:00,216.957,216.977,216.922,216.948
2026-08-22 02:30:00+09:00,216.947,216.968,216.942,216.963
2026-08-22 02:35:00+09:00,216.963,217.014,216.958,216.98
2026-08-22 02:40:00+09:00,216.98,216.995,216.971,216.986
2026-08-22 02:45:00+09:00,216.986,217.021,216.983,217.017
2026-08-22 02:50:00+09:00,217.017,217.034,217.01,217.029
2026-08-22 02:55:00+09:00,217.029,217.048,217.022,217.042
2026-08-22 03:00:00+09:00,217.042,217.086,217.041,217.078
2026-08-22 03:05:00+09:00,217.078,217.1,217.076,217.093
2026-08-22 03:10:00+09:00,217.093,217.1,217.059,217.061
2026-08-22 03:15:00+09:00,217.061,217.076,217.058,217.068
2026-08-22 03:20:00+09:00,217.068,217.093,217.067,217.084
2026-08-22 03:25:00+09:00,217.084,217.102,217.079,217.091
2026-08-22 03:30:00+09:00,217.091,217.102,217.086,217.1
2026-08-22 03:35:00+09:00,217.1,217.102,217.086,217.098
2026-08-22 03:40:00+09:00,217.098,217.107,217.095,217.1
2026-08-22 03:45:00+09:00,217.1,217.108,217.086,217.098
2026-08-22 03:50:00+09:00,217.098,217.113,217.089,217.104
2026-08-22 03:55:00+09:00,217.104,217.115,217.082,217.093
2026-08-22 04:00:00+09:00,217.093,217.11,217.063,217.063
2026-08-22 04:05:00+09:00,217.063,217.066,217.035,217.035
2026-08-22 04:10:00+09:00,217.035,217.073,217.034,217.068
2026-08-22 04:15:00+09:00,217.069,217.076,217.051,217.052
2026-08-22 04:20:00+09:00,217.052,217.063,217.045,217.052
2026-08-22 04:25:00+09:00,217.051,217.058,217.041,217.053
2026-08-22 04:30:00+09:00,217.053,217.062,217.026,217.027
2026-08-22 04:35:00+09:00,217.027,217.027,216.998,217.0
2026-08-22 04:40:00+09:00,217.0,217.007,216.992,217.004
2026-08-22 04:45:00+09:00,217.004,217.027,216.991,216.991
2026-08-22 04:50:00+09:00,216.991,217.009,216.976,216.977
2026-08-22 04:55:00+09:00,216.977,216.998,216.967,216.994
2026-08-22 05:00:00+09:00,216.994,217.006,216.987,217.002
2026-08-22 05:05:00+09:00,217.002,217.011,216.995,217.007
2026-08-22 05:10:00+09:00,217.007,217.007,216.981,216.994
2026-08-22 05:15:00+09:00,216.994,216.994,216.966,216.978
2026-08-22 05:20:00+09:00,216.977,216.991,216.975,216.979
2026-08-22 05:25:00+09:00,216.979,216.991,216.964,216.977
2026-08-22 05:30:00+09:00,216.977,216.983,216.932,216.938
2026-08-22 05:35:00+09:00,216.938,216.957,216.925,216.925
2026-08-22 05:40:00+09:00,216.925,216.932,216.904,216.907
2026-08-22 05:45:00+09:00,216.907,217.007,216.907,216.976
2026-08-22 05:50:00+09:00,216.977,217.002,216.965,216.992
2026-08-22 05:55:00+09:00,216.993,217.005,216.969,216.995
2026-08-24 07:00:00+09:00,216.728,216.883,216.728,216.84
2026-08-24 07:05:00+09:00,216.84,216.857,216.816,216.833
2026-08-24 07:10:00+09:00,216.833,216.91,216.831,216.893
2026-08-24 07:15:00+09:00,216.893,216.929,216.893,216.927
2026-08-24 07:20:00+09:00,216.927,216.957,216.926,216.951
2026-08-24 07:25:00+09:00,216.951,216.966,216.945,216.946
2026-08-24 07:30:00+09:00,216.946,216.975,216.946,216.972
2026-08-24 07:35:00+09:00,216.972,216.975,216.954,216.956
2026-08-24 07:40:00+09:00,216.956,216.958,216.941,216.945
2026-08-24 07:45:00+09:00,216.945,216.95,216.938,216.949
2026-08-24 07:50:00+09:00,216.949,216.953,216.929,216.937
2026-08-24 07:55:00+09:00,216.937,216.952,216.931,216.942
2026-08-24 08:00:00+09:00,216.942,216.947,216.883,216.895
2026-08-24 08:05:00+09:00,216.895,216.906,216.892,216.905
2026-08-24 08:10:00+09:00,216.905,216.909,216.893,216.907
2026-08-24 08:15:00+09:00,216.907,216.912,216.895,216.911
2026-08-24 08:20:00+09:00,216.911,216.946,216.911,216.946
2026-08-24 08:25:00+09:00,216.946,216.973,216.934,216.946
2026-08-24 08:30:00+09:00,216.946,216.969,216.945,216.96
2026-08-24 08:35:00+09:00,216.96,216.981,216.96,216.974
2026-08-24 08:40:00+09:00,216.974,216.999,216.973,216.985
2026-08-24 08:45:00+09:00,216.986,217.018,216.986,217.01
2026-08-24 08:50:00+09:00,217.01,217.019,216.989,216.989
2026-08-24 08:55:00+09:00,216.989,217.01,216.947,216.952
2026-08-24 09:00:00+09:00,216.952,216.958,216.907,216.931
2026-08-24 09:05:00+09:00,216.931,216.947,216.88,216.886
2026-08-24 09:10:00+09:00,216.886,216.911,216.862,216.876
2026-08-24 09:15:00+09:00,216.876,216.878,216.838,216.843
2026-08-24 09:20:00+09:00,216.843,216.844,216.749,216.762
2026-08-24 09:25:00+09:00,216.762,216.777,216.739,216.755
2026-08-24 09:30:00+09:00,216.755,216.766,216.694,216.695
2026-08-24 09:35:00+09:00,216.695,216.72,216.675,216.693
2026-08-24 09:40:00+09:00,216.693,216.728,216.692,216.712
2026-08-24 09:45:00+09:00,216.712,216.791,216.69,216.784
2026-08-24 09:50:00+09:00,216.784,216.805,216.724,216.735
2026-08-24 09:55:00+09:00,216.732,216.794,216.726,216.744
2026-08-24 10:00:00+09:00,216.744,216.786,216.734,216.765
2026-08-24 10:05:00+09:00,216.764,216.788,216.752,216.754
2026-08-24 10:10:00+09:00,216.754,216.796,216.754,216.788
2026-08-24 10:15:00+09:00,216.788,216.842,216.782,216.836
2026-08-24 10:20:00+09:00,216.835,216.858,216.799,216.807
2026-08-24 10:25:00+09:00,216.807,216.845,216.8,216.825
2026-08-24 10:30:00+09:00,216.825,216.842,216.803,216.821
2026-08-24 10:35:00+09:00,216.822,216.843,216.819,216.829
2026-08-24 10:40:00+09:00,216.829,216.829,216.785,216.794
2026-08-24 10:45:00+09:00,216.793,216.802,216.779,216.782
2026-08-24 10:50:00+09:00,216.782,216.829,216.781,216.812
2026-08-24 10:55:00+09:00,216.812,216.813,216.778,216.791
2026-08-24 11:00:00+09:00,216.792,216.797,216.764,216.78
2026-08-24 11:05:00+09:00,216.78,216.815,216.778,216.813
2026-08-24 11:10:00+09:00,216.813,216.837,216.806,216.832
2026-08-24 11:15:00+09:00,216.831,216.85,216.804,216.835
2026-08-24 11:20:00+09:00,216.835,216.841,216.82,216.824
2026-08-24 11:25:00+09:00,216.824,216.845,216.808,216.842
2026-08-24 11:30:00+09:00,216.842,216.857,216.834,216.844
2026-08-24 11:35:00+09:00,216.844,216.872,216.844,216.854
2026-08-24 11:40:00+09:00,216.854,216.87,216.849,216.861
2026-08-24 11:45:00+09:00,216.861,216.863,216.833,216.85
2026-08-24 11:50:00+09:00,216.849,216.865,216.844,216.851
2026-08-24 11:55:00+09:00,216.851,216.878,216.842,216.868
2026-08-24 12:00:00+09:00,216.869,216.907,216.868,216.906
2026-08-24 12:05:00+09:00,216.905,216.925,216.892,216.902
2026-08-24 12:10:00+09:00,216.902,216.905,216.874,216.895
2026-08-24 12:15:00+09:00,216.895,216.903,216.885,216.889
2026-08-24 12:20:00+09:00,216.889,216.906,216.885,216.889
2026-08-24 12:25:00+09:00,216.889,216.898,216.878,216.881
2026-08-24 12:30:00+09:00,216.882,216.899,216.881,216.898
2026-08-24 12:35:00+09:00,216.898,216.922,216.897,216.911
2026-08-24 12:40:00+09:00,216.911,216.921,216.89,216.896
2026-08-24 12:45:00+09:00,216.896,216.898,216.865,216.886
2026-08-24 12:50:00+09:00,216.886,216.901,216.87,216.876
2026-08-24 12:55:00+09:00,216.876,216.901,216.864,216.875
2026-08-24 13:00:00+09:00,216.875,216.881,216.849,216.867
2026-08-24 13:05:00+09:00,216.867,216.884,216.847,216.848
2026-08-24 13:10:00+09:00,216.848,216.856,216.74,216.816
2026-08-24 13:15:00+09:00,216.816,216.84,216.814,216.817
2026-08-24 13:20:00+09:00,216.817,216.83,216.805,216.814
2026-08-24 13:25:00+09:00,216.815,216.82,216.738,216.773
2026-08-24 13:30:00+09:00,216.773,216.783,216.757,216.767
2026-08-24 13:35:00+09:00,216.767,216.791,216.75,216.785
2026-08-24 13:40:00+09:00,216.785,216.803,216.778,216.792
2026-08-24 13:45:00+09:00,216.791,216.845,216.788,216.83
2026-08-24 13:50:00+09:00,216.829,216.842,216.806,216.81
2026-08-24 13:55:00+09:00,216.81,216.818,216.793,216.808
2026-08-24 14:00:00+09:00,216.808,216.856,216.804,216.814
2026-08-24 14:05:00+09:00,216.814,216.853,216.811,216.836
2026-08-24 14:10:00+09:00,216.836,216.865,216.823,216.857
2026-08-24 14:15:00+09:00,216.857,216.859,216.833,216.834
2026-08-24 14:20:00+09:00,216.834,216.847,216.82,216.837
2026-08-24 14:25:00+09:00,216.837,216.855,216.835,216.837
2026-08-24 14:30:00+09:00,216.836,216.853,216.806,216.819
2026-08-24 14:35:00+09:00,216.819,216.823,216.802,216.819
2026-08-24 14:40:00+09:00,216.819,216.849,216.819,216.828
2026-08-24 14:45:00+09:00,216.828,216.84,216.809,216.832
2026-08-24 14:50:00+09:00,216.832,216.856,216.828,216.838
2026-08-24 14:55:00+09:00,216.838,216.838,216.807,216.812
2026-08-24 15:00:00+09:00,216.812,216.829,216.772,216.776
2026-08-24 15:05:00+09:00,216.776,216.786,216.749,216.785
2026-08-24 15:10:00+09:00,216.785,216.801,216.771,216.774
2026-08-24 15:15:00+09:00,216.774,216.812,216.749,216.798
2026-08-24 15:20:00+09:00,216.799,216.838,216.782,216.83
2026-08-24 15:25:00+09:00,216.83,216.841,216.791,216.793
2026-08-24 15:30:00+09:00,216.793,216.847,216.793,216.845
2026-08-24 15:35:00+09:00,216.846,216.884,216.826,216.864
2026-08-24 15:40:00+09:00,216.864,216.867,216.835,216.835
2026-08-24 15:45:00+09:00,216.835,216.854,216.805,216.84
2026-08-24 15:50:00+09:00,216.841,216.911,216.835,216.901
2026-08-24 15:55:00+09:00,216.901,216.979,216.895,216.978
2026-08-24 16:00:00+09:00,216.978,217.02,216.975,216.976
2026-08-24 16:05:00+09:00,216.976,217.082,216.958,217.077
2026-08-24 16:10:00+09:00,217.077,217.094,217.045,217.064
2026-08-24 16:15:00+09:00,217.064,217.104,217.039,217.082
2026-08-24 16:20:00+09:00,217.084,217.101,217.071,217.098
2026-08-24 16:25:00+09:00,217.096,217.153,217.096,217.139
2026-08-24 16:30:00+09:00,217.139,217.161,217.116,217.145
2026-08-24 16:35:00+09:00,217.145,217.159,217.131,217.138
2026-08-24 16:40:00+09:00,217.138,217.14,217.0,217.004
2026-08-24 16:45:00+09:00,217.004,217.028,216.975,217.009
2026-08-24 16:50:00+09:00,217.009,217.049,217.004,217.049
2026-08-24 16:55:00+09:00,217.049,217.057,216.987,216.987
2026-08-24 17:00:00+09:00,216.987,217.074,216.977,217.061
2026-08-24 17:05:00+09:00,217.061,217.114,217.047,217.089
2026-08-24 17:10:00+09:00,217.089,217.093,217.037,217.037
2026-08-24 17:15:00+09:00,217.037,217.084,217.025,217.074
2026-08-24 17:20:00+09:00,217.074,217.089,217.018,217.018
2026-08-24 17:25:00+09:00,217.02,217.046,216.987,217.029
2026-08-24 17:30:00+09:00,217.03,217.101,217.027,217.096
2026-08-24 17:35:00+09:00,217.096,217.096,217.064,217.067
2026-08-24 17:40:00+09:00,217.067,217.079,217.032,217.037
2026-08-24 17:45:00+09:00,217.037,217.038,216.976,217.004
2026-08-24 17:50:00+09:00,217.004,217.01,216.952,216.957
2026-08-24 17:55:00+09:00,216.957,216.961,216.851,216.854
2026-08-24 18:00:00+09:00,216.854,216.927,216.854,216.911
2026-08-24 18:05:00+09:00,216.911,216.932,216.902,216.902
2026-08-24 18:10:00+09:00,216.902,216.954,216.899,216.933
2026-08-24 18:15:00+09:00,216.933,216.967,216.917,216.964
2026-08-24 18:20:00+09:00,216.964,216.997,216.953,216.989
2026-08-24 18:25:00+09:00,216.989,217.016,216.957,216.98
2026-08-24 18:30:00+09:00,216.98,216.985,216.927,216.934
2026-08-24 18:35:00+09:00,216.934,216.947,216.907,216.936
2026-08-24 18:40:00+09:00,216.936,216.988,216.929,216.984
2026-08-24 18:45:00+09:00,216.984,217.027,216.983,217.014
2026-08-24 18:50:00+09:00,217.014,217.049,217.01,217.029
2026-08-24 18:55:00+09:00,217.029,217.069,217.022,217.067
2026-08-24 19:00:00+09:00,217.067,217.077,217.035,217.046
2026-08-24 19:05:00+09:00,217.046,217.051,217.008,217.034
2026-08-24 19:10:00+09:00,217.033,217.044,217.008,217.023
2026-08-24 19:15:00+09:00,217.023,217.024,216.97,216.996
2026-08-24 19:20:00+09:00,216.996,217.008,216.955,217.008
2026-08-24 19:25:00+09:00,217.008,217.032,216.984,217.006
2026-08-24 19:30:00+09:00,217.006,217.006,216.919,216.927
2026-08-24 19:35:00+09:00,216.926,216.934,216.902,216.915
2026-08-24 19:40:00+09:00,216.915,216.933,216.889,216.91
2026-08-24 19:45:00+09:00,216.91,216.949,216.91,216.94
2026-08-24 19:50:00+09:00,216.94,216.951,216.918,216.918
2026-08-24 19:55:00+09:00,216.918,216.95,216.917,216.938
2026-08-24 20:00:00+09:00,216.938,216.993,216.913,216.933
2026-08-24 20:05:00+09:00,216.933,216.996,216.933,216.987
2026-08-24 20:10:00+09:00,216.988,217.001,216.952,216.967
2026-08-24 20:15:00+09:00,216.967,216.973,216.939,216.943
2026-08-24 20:20:00+09:00,216.943,216.981,216.942,216.976
2026-08-24 20:25:00+09:00,216.976,216.991,216.965,216.975
2026-08-24 20:30:00+09:00,216.975,217.014,216.972,216.993
2026-08-24 20:35:00+09:00,216.992,217.006,216.86,216.889
2026-08-24 20:40:00+09:00,216.889,216.941,216.859,216.86
2026-08-24 20:45:00+09:00,216.86,216.899,216.845,216.88
2026-08-24 20:50:00+09:00,216.88,216.958,216.88,216.958
2026-08-24 20:55:00+09:00,216.958,216.981,216.928,216.953
2026-08-24 21:00:00+09:00,216.953,216.973,216.933,216.937
2026-08-24 21:05:00+09:00,216.937,216.953,216.911,216.947
2026-08-24 21:10:00+09:00,216.947,216.948,216.899,216.899
2026-08-24 21:15:00+09:00,216.899,216.902,216.817,216.844
2026-08-24 21:20:00+09:00,216.844,216.856,216.792,216.836
2026-08-24 21:25:00+09:00,216.836,216.891,216.827,216.888
2026-08-24 21:30:00+09:00,216.888,216.905,216.844,216.883
2026-08-24 21:35:00+09:00,216.882,216.887,216.824,216.852
2026-08-24 21:40:00+09:00,216.852,216.899,216.849,216.876
2026-08-24 21:45:00+09:00,216.876,216.908,216.867,216.908
2026-08-24 21:50:00+09:00,216.908,216.974,216.881,216.973
2026-08-24 21:55:00+09:00,216.974,217.008,216.961,216.991
2026-08-24 22:00:00+09:00,216.991,217.039,216.981,217.029
2026-08-24 22:05:00+09:00,217.028,217.101,217.028,217.094
2026-08-24 22:10:00+09:00,217.094,217.116,217.088,217.109
2026-08-24 22:15:00+09:00,217.109,217.141,217.09,217.139
2026-08-24 22:20:00+09:00,217.139,217.18,217.136,217.171
2026-08-24 22:25:00+09:00,217.172,217.177,217.132,217.132
2026-08-24 22:30:00+09:00,217.132,217.144,217.102,217.123
2026-08-24 22:35:00+09:00,217.122,217.167,217.11,217.142
2026-08-24 22:40:00+09:00,217.139,217.161,217.092,217.094
2026-08-24 22:45:00+09:00,217.097,217.106,217.04,217.055
2026-08-24 22:50:00+09:00,217.055,217.074,217.024,217.061
2026-08-24 22:55:00+09:00,217.057,217.089,217.031,217.046
2026-08-24 23:00:00+09:00,217.046,217.049,216.993,217.026
2026-08-24 23:05:00+09:00,217.026,217.045,217.0,217.044
2026-08-24 23:10:00+09:00,217.044,217.092,217.04,217.079
2026-08-24 23:15:00+09:00,217.079,217.079,217.027,217.049
2026-08-24 23:20:00+09:00,217.049,217.11,217.048,217.1
2026-08-24 23:25:00+09:00,217.1,217.101,217.051,217.052
2026-08-24 23:30:00+09:00,217.053,217.063,217.02,217.039
2026-08-24 23:35:00+09:00,217.039,217.056,217.019,217.037
2026-08-24 23:40:00+09:00,217.036,217.063,217.033,217.061
2026-08-24 23:45:00+09:00,217.061,217.113,217.058,217.084
2026-08-24 23:50:00+09:00,217.084,217.09,217.005,217.018
2026-08-24 23:55:00+09:00,217.019,217.072,217.002,217.061
2026-08-25 00:00:00+09:00,217.061,217.101,217.034,217.093
2026-08-25 00:05:00+09:00,217.093,217.104,217.058,217.06
2026-08-25 00:10:00+09:00,217.06,217.067,217.019,217.058
2026-08-25 00:15:00+09:00,217.058,217.069,217.039,217.051
2026-08-25 00:20:00+09:00,217.052,217.077,217.041,217.072
2026-08-25 00:25:00+09:00,217.072,217.09,217.039,217.039
2026-08-25 00:30:00+09:00,217.039,217.067,217.029,217.067
2026-08-25 00:35:00+09:00,217.067,217.076,217.038,217.04
2026-08-25 00:40:00+09:00,217.04,217.049,217.006,217.011
2026-08-25 00:45:00+09:00,217.012,217.017,216.966,216.969
2026-08-25 00:50:00+09:00,216.968,216.98,216.951,216.963
2026-08-25 00:55:00+09:00,216.963,216.971,216.943,216.957
2026-08-25 01:00:00+09:00,216.957,216.982,216.884,216.918
2026-08-25 01:05:00+09:00,216.917,216.933,216.889,216.903
2026-08-25 01:10:00+09:00,216.904,216.907,216.869,216.889
2026-08-25 01:15:00+09:00,216.889,216.899,216.865,216.888
2026-08-25 01:20:00+09:00,216.888,216.906,216.873,216.886
2026-08-25 01:25:00+09:00,216.886,216.909,216.879,216.905
2026-08-25 01:30:00+09:00,216.905,216.947,216.884,216.9
2026-08-25 01:35:00+09:00,216.9,216.902,216.844,216.865
2026-08-25 01:40:00+09:00,216.865,216.912,216.859,216.911
2026-08-25 01:45:00+09:00,216.911,216.911,216.886,216.888
2026-08-25 01:50:00+09:00,216.888,216.891,216.859,216.872
2026-08-25 01:55:00+09:00,216.872,216.924,216.865,216.898
2026-08-25 02:00:00+09:00,216.898,216.907,216.875,216.882
2026-08-25 02:05:00+09:00,216.882,216.889,216.822,216.862
2026-08-25 02:10:00+09:00,216.862,216.897,216.849,216.888
2026-08-25 02:15:00+09:00,216.888,216.903,216.87,216.903
2026-08-25 02:20:00+09:00,216.903,216.919,216.894,216.909
2026-08-25 02:25:00+09:00,216.909,216.914,216.89,216.899
2026-08-25 02:30:00+09:00,216.899,216.942,216.894,216.933
2026-08-25 02:35:00+09:00,216.933,216.934,216.902,216.908
2026-08-25 02:40:00+09:00,216.908,216.923,216.899,216.909
2026-08-25 02:45:00+09:00,216.908,216.918,216.884,216.912
2026-08-25 02:50:00+09:00,216.912,216.923,216.908,216.922
2026-08-25 02:55:00+09:00,216.922,216.924,216.905,216.92
2026-08-25 03:00:00+09:00,216.921,216.928,216.904,216.916
2026-08-25 03:05:00+09:00,216.916,216.924,216.901,216.924
2026-08-25 03:10:00+09:00,216.924,216.943,216.922,216.936
2026-08-25 03:15:00+09:00,216.936,216.945,216.916,216.938
2026-08-25 03:20:00+09:00,216.938,216.977,216.933,216.975
2026-08-25 03:25:00+09:00,216.975,216.998,216.972,216.982
2026-08-25 03:30:00+09:00,216.982,217.008,216.981,216.997
2026-08-25 03:35:00+09:00,216.997,217.009,216.986,217.001
2026-08-25 03:40:00+09:00,217.001,217.007,216.987,217.005
2026-08-25 03:45:00+09:00,217.005,217.017,217.0,217.01
2026-08-25 03:50:00+09:00,217.01,217.011,216.977,216.998
2026-08-25 03:55:00+09:00,216.998,216.998,216.965,216.989
2026-08-25 04:00:00+09:00,216.989,216.991,216.956,216.961
2026-08-25 04:05:00+09:00,216.961,216.961,216.934,216.938
2026-08-25 04:10:00+09:00,216.938,216.949,216.932,216.946
2026-08-25 04:15:00+09:00,216.946,216.975,216.945,216.973
2026-08-25 04:20:00+09:00,216.973,216.975,216.951,216.951
2026-08-25 04:25:00+09:00,216.951,216.96,216.943,216.946
2026-08-25 04:30:00+09:00,216.946,216.948,216.913,216.921
2026-08-25 04:35:00+09:00,216.921,216.925,216.904,216.904
2026-08-25 04:40:00+09:00,216.904,216.922,216.904,216.911
2026-08-25 04:45:00+09:00,216.911,216.925,216.897,216.915
2026-08-25 04:50:00+09:00,216.914,216.918,216.896,216.907
2026-08-25 04:55:00+09:00,216.907,216.947,216.891,216.915
2026-08-25 05:00:00+09:00,216.915,216.945,216.915,216.942
2026-08-25 05:05:00+09:00,216.942,216.947,216.926,216.932
2026-08-25 05:10:00+09:00,216.933,216.938,216.923,216.937
2026-08-25 05:15:00+09:00,216.937,216.939,216.926,216.927
2026-08-25 05:20:00+09:00,216.927,216.936,216.926,216.932
2026-08-25 05:25:00+09:00,216.932,216.95,216.92,216.94
2026-08-25 05:30:00+09:00,216.94,216.941,216.922,216.924
2026-08-25 05:35:00+09:00,216.926,216.928,216.913,216.917
2026-08-25 05:40:00+09:00,216.917,216.918,216.892,216.893
2026-08-25 05:45:00+09:00,216.893,216.97,216.893,216.942
2026-08-25 05:50:00+09:00,216.941,216.945,216.912,216.931
2026-08-25 05:55:00+09:00,216.931,216.961,216.927,216.954
2026-08-25 06:00:00+09:00,216.954,216.972,216.949,216.958
2026-08-25 06:05:00+09:00,216.958,216.958,216.949,216.949
2026-08-25 06:10:00+09:00,216.949,216.949,216.93,216.943
2026-08-25 06:15:00+09:00,216.943,216.953,216.884,216.937
2026-08-25 06:20:00+09:00,216.937,216.993,216.93,216.942
2026-08-25 06:25:00+09:00,216.942,216.946,216.929,216.938
2026-08-25 06:30:00+09:00,216.938,216.957,216.923,216.933
2026-08-25 06:35:00+09:00,216.933,216.944,216.844,216.893
2026-08-25 06:40:00+09:00,216.893,216.97,216.856,216.967
2026-08-25 06:45:00+09:00,216.967,216.991,216.964,216.977
2026-08-25 06:50:00+09:00,216.977,217.071,216.973,216.996
2026-08-25 06:55:00+09:00,217.0,217.006,216.958,216.958
2026-08-25 07:00:00+09:00,216.932,216.992,216.92,216.927
2026-08-25 07:05:00+09:00,216.927,216.971,216.923,216.97
2026-08-25 07:10:00+09:00,216.969,216.971,216.927,216.931
2026-08-25 07:15:00+09:00,216.931,216.942,216.927,216.94
2026-08-25 07:20:00+09:00,216.94,216.955,216.933,216.948
2026-08-25 07:25:00+09:00,216.948,216.958,216.944,216.958
2026-08-25 07:30:00+09:00,216.958,216.96,216.943,216.945
2026-08-25 07:35:00+09:00,216.945,216.958,216.939,216.947
2026-08-25 07:40:00+09:00,216.947,216.957,216.946,216.953
2026-08-25 07:45:00+09:00,216.953,216.955,216.947,216.947
2026-08-25 07:50:00+09:00,216.947,216.949,216.945,216.946
2026-08-25 07:55:00+09:00,216.946,216.952,216.945,216.952
2026-08-25 08:00:00+09:00,216.952,216.959,216.91,216.911
2026-08-25 08:05:00+09:00,216.911,216.918,216.9,216.906
2026-08-25 08:10:00+09:00,216.906,216.921,216.901,216.921
2026-08-25 08:15:00+09:00,216.921,216.936,216.917,216.932
2026-08-25 08:20:00+09:00,216.932,216.963,216.931,216.958
2026-08-25 08:25:00+09:00,216.957,216.973,216.957,216.972
2026-08-25 08:30:00+09:00,216.972,216.989,216.971,216.988
2026-08-25 08:35:00+09:00,216.988,216.999,216.981,216.998
2026-08-25 08:40:00+09:00,216.998,217.015,216.989,217.013
2026-08-25 08:45:00+09:00,217.013,217.023,216.999,216.999
2026-08-25 08:50:00+09:00,216.999,217.057,216.991,217.037
2026-08-25 08:55:00+09:00,217.037,217.056,217.025,217.047
2026-08-25 09:00:00+09:00,217.047,217.047,216.985,216.985
2026-08-25 09:05:00+09:00,216.985,217.034,216.985,217.021
2026-08-25 09:10:00+09:00,217.021,217.04,217.008,217.031
2026-08-25 09:15:00+09:00,217.03,217.051,217.0,217.038
2026-08-25 09:20:00+09:00,217.039,217.063,217.031,217.049
2026-08-25 09:25:00+09:00,217.049,217.07,217.042,217.048
2026-08-25 09:30:00+09:00,217.047,217.064,217.038,217.06
2026-08-25 09:35:00+09:00,217.06,217.069,217.031,217.042
2026-08-25 09:40:00+09:00,217.042,217.053,217.018,217.043
2026-08-25 09:45:00+09:00,217.043,217.048,217.01,217.029
2026-08-25 09:50:00+09:00,217.029,217.097,217.001,217.076
2026-08-25 09:55:00+09:00,217.076,217.128,217.059,217.127
2026-08-25 10:00:00+09:00,217.127,217.139,217.097,217.103
2026-08-25 10:05:00+09:00,217.103,217.11,217.043,217.052
2026-08-25 10:10:00+09:00,217.052,217.084,217.034,217.041
2026-08-25 10:15:00+09:00,217.041,217.055,217.018,217.054
2026-08-25 10:20:00+09:00,217.054,217.067,217.032,217.037
2026-08-25 10:25:00+09:00,217.037,217.05,217.023,217.038
2026-08-25 10:30:00+09:00,217.038,217.087,217.038,217.073
2026-08-25 10:35:00+09:00,217.073,217.13,217.065,217.112
2026-08-25 10:40:00+09:00,217.112,217.126,217.096,217.101
2026-08-25 10:45:00+09:00,217.101,217.119,217.094,217.107
2026-08-25 10:50:00+09:00,217.106,217.135,217.097,217.129
2026-08-25 10:55:00+09:00,217.129,217.176,217.109,217.119
2026-08-25 11:00:00+09:00,217.119,217.14,217.104,217.133
2026-08-25 11:05:00+09:00,217.133,217.182,217.13,217.171
2026-08-25 11:10:00+09:00,217.171,217.191,217.147,217.15
2026-08-25 11:15:00+09:00,217.15,217.162,217.126,217.162
2026-08-25 11:20:00+09:00,217.162,217.168,217.148,217.156
2026-08-25 11:25:00+09:00,217.156,217.176,217.148,217.153
2026-08-25 11:30:00+09:00,217.152,217.174,217.149,217.17
2026-08-25 11:35:00+09:00,217.17,217.183,217.154,217.182
2026-08-25 11:40:00+09:00,217.183,217.206,217.181,217.183
2026-08-25 11:45:00+09:00,217.184,217.247,217.183,217.219
2026-08-25 11:50:00+09:00,217.219,217.247,217.211,217.235
2026-08-25 11:55:00+09:00,217.235,217.27,217.226,217.244
2026-08-25 12:00:00+09:00,217.244,217.252,217.22,217.222
2026-08-25 12:05:00+09:00,217.222,217.252,217.215,217.252
2026-08-25 12:10:00+09:00,217.252,217.26,217.239,217.241
2026-08-25 12:15:00+09:00,217.241,217.264,217.24,217.249
2026-08-25 12:20:00+09:00,217.249,217.25,217.237,217.243
2026-08-25 12:25:00+09:00,217.243,217.245,217.219,217.225
2026-08-25 12:30:00+09:00,217.225,217.237,217.213,217.235
2026-08-25 12:35:00+09:00,217.234,217.245,217.2,217.202
2026-08-25 12:40:00+09:00,217.202,217.219,217.197,217.197
2026-08-25 12:45:00+09:00,217.197,217.204,217.185,217.185
2026-08-25 12:50:00+09:00,217.185,217.185,217.167,217.176
2026-08-25 12:55:00+09:00,217.176,217.178,217.146,217.154
2026-08-25 13:00:00+09:00,217.154,217.157,217.134,217.154
2026-08-25 13:05:00+09:00,217.154,217.157,217.129,217.13
2026-08-25 13:10:00+09:00,217.13,217.141,217.114,217.131
2026-08-25 13:15:00+09:00,217.131,217.139,217.118,217.124
2026-08-25 13:20:00+09:00,217.123,217.125,217.102,217.105
2026-08-25 13:25:00+09:00,217.105,217.115,217.097,217.113
2026-08-25 13:30:00+09:00,217.113,217.113,217.037,217.049
2026-08-25 13:35:00+09:00,217.049,217.091,217.049,217.056
2026-08-25 13:40:00+09:00,217.056,217.057,217.018,217.019
2026-08-25 13:45:00+09:00,217.019,217.02,216.962,216.969
2026-08-25 13:50:00+09:00,216.968,217.038,216.96,217.034
2026-08-25 13:55:00+09:00,217.034,217.079,217.029,217.079
2026-08-25 14:00:00+09:00,217.079,217.081,217.057,217.064
2026-08-25 14:05:00+09:00,217.064,217.102,217.054,217.101
2026-08-25 14:10:00+09:00,217.101,217.131,217.101,217.111
2026-08-25 14:15:00+09:00,217.111,217.123,217.098,217.121
2026-08-25 14:20:00+09:00,217.122,217.134,217.092,217.094
2026-08-25 14:25:00+09:00,217.094,217.132,217.082,217.119
2026-08-25 14:30:00+09:00,217.119,217.135,217.109,217.123
2026-08-25 14:35:00+09:00,217.123,217.137,217.117,217.121
2026-08-25 14:40:00+09:00,217.121,217.122,217.057,217.073
2026-08-25 14:45:00+09:00,217.073,217.074,217.04,217.05
2026-08-25 14:50:00+09:00,217.05,217.063,217.038,217.062
2026-08-25 14:55:00+09:00,217.062,217.068,217.026,217.06
2026-08-25 15:00:00+09:00,217.06,217.076,217.029,217.046
2026-08-25 15:05:00+09:00,217.046,217.056,217.024,217.045
2026-08-25 15:10:00+09:00,217.045,217.083,217.015,217.078
2026-08-25 15:15:00+09:00,217.077,217.093,217.065,217.079
2026-08-25 15:20:00+09:00,217.079,217.151,217.068,217.144
2026-08-25 15:25:00+09:00,217.144,217.146,217.121,217.13
2026-08-25 15:30:00+09:00,217.13,217.142,217.104,217.105
2026-08-25 15:35:00+09:00,217.105,217.147,217.087,217.122
2026-08-25 15:40:00+09:00,217.122,217.146,217.086,217.145
2026-08-25 15:45:00+09:00,217.145,217.158,217.127,217.155
2026-08-25 15:50:00+09:00,217.155,217.157,217.115,217.143
2026-08-25 15:55:00+09:00,217.142,217.244,217.137,217.242
2026-08-25 16:00:00+09:00,217.242,217.322,217.242,217.321
2026-08-25 16:05:00+09:00,217.321,217.401,217.295,217.379
2026-08-25 16:10:00+09:00,217.379,217.408,217.349,217.392
2026-08-25 16:15:00+09:00,217.392,217.436,217.376,217.401
2026-08-25 16:20:00+09:00,217.401,217.41,217.369,217.372
2026-08-25 16:25:00+09:00,217.372,217.44,217.343,217.397
2026-08-25 16:30:00+09:00,217.397,217.434,217.383,217.404
2026-08-25 16:35:00+09:00,217.404,217.424,217.393,217.416
2026-08-25 16:40:00+09:00,217.416,217.467,217.415,217.449
2026-08-25 16:45:00+09:00,217.45,217.478,217.433,217.477
2026-08-25 16:50:00+09:00,217.477,217.478,217.441,217.46
2026-08-25 16:55:00+09:00,217.46,217.467,217.428,217.463
2026-08-25 17:00:00+09:00,217.463,217.466,217.421,217.422
2026-08-25 17:05:00+09:00,217.421,217.456,217.38,217.382
2026-08-25 17:10:00+09:00,217.382,217.415,217.365,217.407
2026-08-25 17:15:00+09:00,217.407,217.442,217.387,217.402
2026-08-25 17:20:00+09:00,217.402,217.446,217.373,217.39
2026-08-25 17:25:00+09:00,217.394,217.401,217.337,217.359
2026-08-25 17:30:00+09:00,217.357,217.372,217.325,217.328
2026-08-25 17:35:00+09:00,217.33,217.365,217.288,217.312
2026-08-25 17:40:00+09:00,217.311,217.346,217.294,217.326
2026-08-25 17:45:00+09:00,217.328,217.356,217.308,217.347
2026-08-25 17:50:00+09:00,217.347,217.387,217.325,217.372
2026-08-25 17:55:00+09:00,217.372,217.424,217.371,217.376
2026-08-25 18:00:00+09:00,217.375,217.434,217.347,217.366
2026-08-25 18:05:00+09:00,217.366,217.392,217.343,217.356
2026-08-25 18:10:00+09:00,217.355,217.379,217.329,217.341
2026-08-25 18:15:00+09:00,217.341,217.372,217.303,217.366
2026-08-25 18:20:00+09:00,217.366,217.398,217.35,217.378
2026-08-25 18:25:00+09:00,217.378,217.388,217.331,217.332
2026-08-25 18:30:00+09:00,217.332,217.389,217.324,217.375
2026-08-25 18:35:00+09:00,217.374,217.382,217.286,217.299
2026-08-25 18:40:00+09:00,217.299,217.333,217.282,217.317
2026-08-25 18:45:00+09:00,217.317,217.357,217.3,217.352
2026-08-25 18:50:00+09:00,217.352,217.374,217.312,217.332
2026-08-25 18:55:00+09:00,217.332,217.348,217.305,217.311
2026-08-25 19:00:00+09:00,217.311,217.322,217.264,217.292
2026-08-25 19:05:00+09:00,217.292,217.324,217.292,217.313
2026-08-25 19:10:00+09:00,217.312,217.327,217.236,217.236
2026-08-25 19:15:00+09:00,217.236,217.263,217.222,217.223
2026-08-25 19:20:00+09:00,217.223,217.246,217.213,217.215
2026-08-25 19:25:00+09:00,217.215,217.232,217.205,217.215
2026-08-25 19:30:00+09:00,217.215,217.221,217.183,217.203
2026-08-25 19:35:00+09:00,217.204,217.211,217.186,217.198
2026-08-25 19:40:00+09:00,217.198,217.231,217.197,217.23
2026-08-25 19:45:00+09:00,217.23,217.23,217.2,217.212
2026-08-25 19:50:00+09:00,217.212,217.214,217.137,217.149
2026-08-25 19:55:00+09:00,217.149,217.172,217.143,217.152
2026-08-25 20:00:00+09:00,217.152,217.167,217.094,217.123
2026-08-25 20:05:00+09:00,217.123,217.15,217.105,217.135
2026-08-25 20:10:00+09:00,217.136,217.153,217.116,217.128
2026-08-25 20:15:00+09:00,217.128,217.146,217.101,217.143
2026-08-25 20:20:00+09:00,217.144,217.16,217.126,217.135
2026-08-25 20:25:00+09:00,217.134,217.146,217.123,217.144
2026-08-25 20:30:00+09:00,217.144,217.144,217.111,217.13
2026-08-25 20:35:00+09:00,217.13,217.15,217.108,217.127
2026-08-25 20:40:00+09:00,217.126,217.136,217.1,217.106
2026-08-25 20:45:00+09:00,217.106,217.168,217.102,217.146
2026-08-25 20:50:00+09:00,217.146,217.174,217.145,217.157
2026-08-25 20:55:00+09:00,217.157,217.164,217.094,217.1
2026-08-25 21:00:00+09:00,217.1,217.142,217.071,217.134
2026-08-25 21:05:00+09:00,217.134,217.15,217.074,217.076
2026-08-25 21:10:00+09:00,217.076,217.126,217.069,217.116
2026-08-25 21:15:00+09:00,217.116,217.161,217.114,217.125
2026-08-25 21:20:00+09:00,217.125,217.143,217.081,217.101
2026-08-25 21:25:00+09:00,217.101,217.127,217.091,217.117
2026-08-25 21:30:00+09:00,217.116,217.121,217.078,217.093
2026-08-25 21:35:00+09:00,217.092,217.096,217.046,217.055
2026-08-25 21:40:00+09:00,217.055,217.116,217.054,217.091
2026-08-25 21:45:00+09:00,217.091,217.145,217.091,217.131
2026-08-25 21:50:00+09:00,217.131,217.147,217.118,217.121
2026-08-25 21:55:00+09:00,217.121,217.219,217.12,217.215
2026-08-25 22:00:00+09:00,217.216,217.222,217.181,217.187
2026-08-25 22:05:00+09:00,217.187,217.282,217.187,217.267
2026-08-25 22:10:00+09:00,217.267,217.324,217.198,217.231
2026-08-25 22:15:00+09:00,217.231,217.272,217.223,217.268
2026-08-25 22:20:00+09:00,217.268,217.28,217.25,217.272
2026-08-25 22:25:00+09:00,217.272,217.278,217.214,217.215
2026-08-25 22:30:00+09:00,217.216,217.269,217.186,217.261
2026-08-25 22:35:00+09:00,217.261,217.284,217.219,217.271
2026-08-25 22:40:00+09:00,217.27,217.282,217.231,217.243
2026-08-25 22:45:00+09:00,217.243,217.253,217.204,217.211
2026-08-25 22:50:00+09:00,217.211,217.245,217.192,217.242
2026-08-25 22:55:00+09:00,217.242,217.254,217.21,217.225
2026-08-25 23:00:00+09:00,217.223,217.259,217.214,217.227
2026-08-25 23:05:00+09:00,217.227,217.268,217.208,217.242
2026-08-25 23:10:00+09:00,217.241,217.265,217.234,217.249
2026-08-25 23:15:00+09:00,217.249,217.265,217.219,217.241
2026-08-25 23:20:00+09:00,217.242,217.263,217.176,217.178
2026-08-25 23:25:00+09:00,217.178,217.178,217.1,217.151
2026-08-25 23:30:00+09:00,217.151,217.157,217.104,217.133
2026-08-25 23:35:00+09:00,217.133,217.175,217.103,217.175
2026-08-25 23:40:00+09:00,217.176,217.179,217.116,217.144
2026-08-25 23:45:00+09:00,217.144,217.205,217.122,217.187
2026-08-25 23:50:00+09:00,217.187,217.189,217.1,217.111
2026-08-25 23:55:00+09:00,217.109,217.147,217.082,217.111
2026-08-26 00:00:00+09:00,217.111,217.153,217.111,217.146
2026-08-26 00:05:00+09:00,217.145,217.17,217.105,217.152
2026-08-26 00:10:00+09:00,217.152,217.156,217.127,217.131
2026-08-26 00:15:00+09:00,217.131,217.14,217.102,217.122
2026-08-26 00:20:00+09:00,217.122,217.149,217.101,217.134
2026-08-26 00:25:00+09:00,217.134,217.196,217.132,217.19
2026-08-26 00:30:00+09:00,217.19,217.199,217.118,217.147
2026-08-26 00:35:00+09:00,217.147,217.151,217.076,217.082
2026-08-26 00:40:00+09:00,217.082,217.082,217.049,217.066
2026-08-26 00:45:00+09:00,217.066,217.11,217.063,217.11
2026-08-26 00:50:00+09:00,217.11,217.149,217.103,217.142
2026-08-26 00:55:00+09:00,217.143,217.173,217.126,217.17
2026-08-26 01:00:00+09:00,217.17,217.187,217.148,217.149
2026-08-26 01:05:00+09:00,217.149,217.19,217.148,217.155
2026-08-26 01:10:00+09:00,217.156,217.166,217.149,217.151
2026-08-26 01:15:00+09:00,217.151,217.156,217.126,217.136
2026-08-26 01:20:00+09:00,217.136,217.165,217.134,217.158
2026-08-26 01:25:00+09:00,217.158,217.174,217.156,217.166
2026-08-26 01:30:00+09:00,217.166,217.206,217.166,217.186
2026-08-26 01:35:00+09:00,217.187,217.22,217.187,217.197
2026-08-26 01:40:00+09:00,217.198,217.198,217.181,217.185
2026-08-26 01:45:00+09:00,217.185,217.193,217.176,217.184
2026-08-26 01:50:00+09:00,217.184,217.185,217.159,217.16
2026-08-26 01:55:00+09:00,217.16,217.175,217.156,217.175
2026-08-26 02:00:00+09:00,217.175,217.207,217.167,217.195
2026-08-26 02:05:00+09:00,217.195,217.221,217.194,217.219
2026-08-26 02:10:00+09:00,217.219,217.232,217.216,217.217
2026-08-26 02:15:00+09:00,217.217,217.261,217.216,217.251
2026-08-26 02:20:00+09:00,217.251,217.26,217.243,217.25
2026-08-26 02:25:00+09:00,217.25,217.26,217.238,217.243
2026-08-26 02:30:00+09:00,217.243,217.246,217.227,217.242
2026-08-26 02:35:00+09:00,217.241,217.269,217.241,217.264
2026-08-26 02:40:00+09:00,217.264,217.264,217.229,217.242
2026-08-26 02:45:00+09:00,217.242,217.259,217.237,217.253
2026-08-26 02:50:00+09:00,217.253,217.254,217.216,217.233
2026-08-26 02:55:00+09:00,217.233,217.253,217.232,217.245
2026-08-26 03:00:00+09:00,217.244,217.26,217.242,217.254
2026-08-26 03:05:00+09:00,217.253,217.285,217.246,217.269
2026-08-26 03:10:00+09:00,217.269,217.276,217.24,217.249
2026-08-26 03:15:00+09:00,217.249,217.262,217.239,217.258
2026-08-26 03:20:00+09:00,217.258,217.275,217.254,217.265
2026-08-26 03:25:00+09:00,217.265,217.282,217.264,217.269
2026-08-26 03:30:00+09:00,217.269,217.273,217.262,217.266
2026-08-26 03:35:00+09:00,217.266,217.273,217.252,217.272
2026-08-26 03:40:00+09:00,217.272,217.298,217.263,217.289
2026-08-26 03:45:00+09:00,217.289,217.291,217.27,217.271
2026-08-26 03:50:00+09:00,217.271,217.299,217.25,217.297
2026-08-26 03:55:00+09:00,217.297,217.298,217.27,217.279
2026-08-26 04:00:00+09:00,217.278,217.291,217.26,217.282
2026-08-26 04:05:00+09:00,217.282,217.284,217.254,217.274
2026-08-26 04:10:00+09:00,217.274,217.29,217.269,217.282
2026-08-26 04:15:00+09:00,217.282,217.31,217.27,217.289
2026-08-26 04:20:00+09:00,217.289,217.293,217.256,217.257
2026-08-26 04:25:00+09:00,217.256,217.278,217.252,217.269
2026-08-26 04:30:00+09:00,217.269,217.273,217.248,217.249
2026-08-26 04:35:00+09:00,217.249,217.251,217.224,217.235
2026-08-26 04:40:00+09:00,217.235,217.248,217.229,217.232
2026-08-26 04:45:00+09:00,217.232,217.259,217.231,217.235
2026-08-26 04:50:00+09:00,217.236,217.251,217.211,217.22
2026-08-26 04:55:00+09:00,217.22,217.278,217.2,217.277
2026-08-26 05:00:00+09:00,217.277,217.29,217.223,217.27
2026-08-26 05:05:00+09:00,217.27,217.329,217.26,217.312
2026-08-26 05:10:00+09:00,217.312,217.337,217.272,217.285
2026-08-26 05:15:00+09:00,217.285,217.313,217.276,217.308
2026-08-26 05:20:00+09:00,217.308,217.324,217.295,217.322
2026-08-26 05:25:00+09:00,217.322,217.35,217.316,217.318
2026-08-26 05:30:00+09:00,217.318,217.354,217.318,217.344
2026-08-26 05:35:00+09:00,217.344,217.345,217.317,217.332
2026-08-26 05:40:00+09:00,217.332,217.351,217.312,217.312
2026-08-26 05:45:00+09:00,217.312,217.381,217.312,217.35
2026-08-26 05:50:00+09:00,217.35,217.388,217.35,217.375
2026-08-26 05:55:00+09:00,217.375,217.387,217.353,217.367
2026-08-26 06:00:00+09:00,217.366,217.369,217.347,217.347
2026-08-26 06:05:00+09:00,217.347,217.425,217.347,217.421
2026-08-26 06:10:00+09:00,217.421,217.423,217.412,217.416
2026-08-26 06:15:00+09:00,217.416,217.418,217.392,217.406
2026-08-26 06:20:00+09:00,217.406,217.414,217.392,217.405
2026-08-26 06:25:00+09:00,217.405,217.414,217.397,217.413
2026-08-26 06:30:00+09:00,217.412,217.417,217.36,217.371
2026-08-26 06:35:00+09:00,217.371,217.379,217.344,217.35
2026-08-26 06:40:00+09:00,217.35,217.373,217.34,217.364
2026-08-26 06:45:00+09:00,217.364,217.376,217.348,217.36
2026-08-26 06:50:00+09:00,217.36,217.369,217.291,217.316
2026-08-26 06:55:00+09:00,217.316,217.349,217.286,217.349
2026-08-26 07:00:00+09:00,217.349,217.385,217.335,217.38
2026-08-26 07:05:00+09:00,217.38,217.384,217.364,217.374
2026-08-26 07:10:00+09:00,217.374,217.375,217.32,217.333
2026-08-26 07:15:00+09:00,217.333,217.336,217.312,217.316
2026-08-26 07:20:00+09:00,217.316,217.325,217.305,217.321
2026-08-26 07:25:00+09:00,217.321,217.333,217.318,217.33
2026-08-26 07:30:00+09:00,217.33,217.339,217.328,217.339
2026-08-26 07:35:00+09:00,217.339,217.34,217.326,217.334
2026-08-26 07:40:00+09:00,217.334,217.336,217.322,217.336
2026-08-26 07:45:00+09:00,217.336,217.338,217.331,217.337
2026-08-26 07:50:00+09:00,217.337,217.34,217.334,217.336
2026-08-26 07:55:00+09:00,217.336,217.344,217.334,217.341
2026-08-26 08:00:00+09:00,217.341,217.341,217.327,217.33
2026-08-26 08:05:00+09:00,217.33,217.351,217.329,217.347
2026-08-26 08:10:00+09:00,217.347,217.356,217.34,217.355
2026-08-26 08:15:00+09:00,217.355,217.356,217.345,217.346
2026-08-26 08:20:00+09:00,217.346,217.354,217.345,217.35
2026-08-26 08:25:00+09:00,217.35,217.359,217.333,217.356
2026-08-26 08:30:00+09:00,217.356,217.362,217.354,217.362
2026-08-26 08:35:00+09:00,217.361,217.363,217.339,217.347
2026-08-26 08:40:00+09:00,217.347,217.349,217.33,217.344
2026-08-26 08:45:00+09:00,217.344,217.347,217.329,217.334
2026-08-26 08:50:00+09:00,217.334,217.338,217.322,217.33
2026-08-26 08:55:00+09:00,217.33,217.333,217.285,217.287
2026-08-26 09:00:00+09:00,217.287,217.31,217.267,217.292
2026-08-26 09:05:00+09:00,217.292,217.308,217.282,217.297
2026-08-26 09:10:00+09:00,217.298,217.314,217.287,217.303
2026-08-26 09:15:00+09:00,217.304,217.339,217.303,217.328
2026-08-26 09:20:00+09:00,217.327,217.331,217.301,217.317
2026-08-26 09:25:00+09:00,217.316,217.326,217.283,217.297
2026-08-26 09:30:00+09:00,217.297,217.31,217.264,217.278
2026-08-26 09:35:00+09:00,217.278,217.282,217.227,217.23
2026-08-26 09:40:00+09:00,217.231,217.242,217.198,217.229
2026-08-26 09:45:00+09:00,217.229,217.242,217.169,217.183
2026-08-26 09:50:00+09:00,217.183,217.2,217.145,217.159
2026-08-26 09:55:00+09:00,217.159,217.207,217.157,217.19
2026-08-26 10:00:00+09:00,217.19,217.204,217.166,217.181
2026-08-26 10:05:00+09:00,217.181,217.191,217.159,217.167
2026-08-26 10:10:00+09:00,217.167,217.197,217.161,217.18
2026-08-26 10:15:00+09:00,217.18,217.207,217.163,217.164
2026-08-26 10:20:00+09:00,217.164,217.179,217.16,217.172
2026-08-26 10:25:00+09:00,217.172,217.183,217.153,217.172
2026-08-26 10:30:00+09:00,217.173,217.21,217.148,217.165
2026-08-26 10:35:00+09:00,217.165,217.176,217.094,217.1
2026-08-26 10:40:00+09:00,217.099,217.121,217.068,217.069
2026-08-26 10:45:00+09:00,217.07,217.089,217.034,217.045
2026-08-26 10:50:00+09:00,217.044,217.044,216.946,217.019
2026-08-26 10:55:00+09:00,217.019,217.045,217.007,217.022
2026-08-26 11:00:00+09:00,217.022,217.022,216.841,216.869
2026-08-26 11:05:00+09:00,216.869,216.892,216.818,216.874
2026-08-26 11:10:00+09:00,216.874,216.911,216.84,216.91
2026-08-26 11:15:00+09:00,216.91,216.934,216.878,216.885
2026-08-26 11:20:00+09:00,216.885,216.907,216.835,216.858
2026-08-26 11:25:00+09:00,216.858,216.89,216.852,216.884
2026-08-26 11:30:00+09:00,216.884,216.916,216.884,216.902
2026-08-26 11:35:00+09:00,216.902,216.948,216.899,216.944
2026-08-26 11:40:00+09:00,216.944,216.958,216.912,216.926
2026-08-26 11:45:00+09:00,216.926,216.943,216.913,216.938
2026-08-26 11:50:00+09:00,216.938,216.96,216.936,216.944
2026-08-26 11:55:00+09:00,216.944,216.954,216.92,216.93
2026-08-26 12:00:00+09:00,216.93,216.93,216.896,216.902
2026-08-26 12:05:00+09:00,216.902,216.906,216.864,216.864
2026-08-26 12:10:00+09:00,216.864,216.894,216.857,216.894
2026-08-26 12:15:00+09:00,216.894,216.905,216.877,216.885
2026-08-26 12:20:00+09:00,216.885,216.889,216.858,216.864
2026-08-26 12:25:00+09:00,216.864,216.87,216.813,216.835
2026-08-26 12:30:00+09:00,216.834,216.835,216.705,216.731
2026-08-26 12:35:00+09:00,216.731,216.774,216.712,216.774
2026-08-26 12:40:00+09:00,216.775,216.815,216.77,216.799
2026-08-26 12:45:00+09:00,216.799,216.809,216.773,216.774
2026-08-26 12:50:00+09:00,216.774,216.807,216.768,216.77
2026-08-26 12:55:00+09:00,216.77,216.789,216.755,216.778
2026-08-26 13:00:00+09:00,216.779,216.789,216.75,216.789
2026-08-26 13:05:00+09:00,216.789,216.794,216.778,216.783
2026-08-26 13:10:00+09:00,216.783,216.816,216.78,216.808
2026-08-26 13:15:00+09:00,216.808,216.825,216.768,216.784
2026-08-26 13:20:00+09:00,216.784,216.812,216.767,216.798
2026-08-26 13:25:00+09:00,216.798,216.818,216.797,216.812
2026-08-26 13:30:00+09:00,216.812,216.813,216.771,216.785
2026-08-26 13:35:00+09:00,216.785,216.792,216.758,216.767
2026-08-26 13:40:00+09:00,216.767,216.791,216.76,216.775
2026-08-26 13:45:00+09:00,216.775,216.781,216.763,216.772
2026-08-26 13:50:00+09:00,216.772,216.83,216.77,216.806
2026-08-26 13:55:00+09:00,216.806,216.827,216.793,216.811
2026-08-26 14:00:00+09:00,216.811,216.835,216.795,216.806
2026-08-26 14:05:00+09:00,216.806,216.812,216.782,216.788
2026-08-26 14:10:00+09:00,216.788,216.797,216.765,216.765
2026-08-26 14:15:00+09:00,216.765,216.797,216.762,216.794
2026-08-26 14:20:00+09:00,216.794,216.803,216.791,216.803
2026-08-26 14:25:00+09:00,216.803,216.803,216.784,216.792
2026-08-26 14:30:00+09:00,216.791,216.799,216.767,216.772
2026-08-26 14:35:00+09:00,216.772,216.803,216.771,216.788
2026-08-26 14:40:00+09:00,216.788,216.798,216.763,216.772
2026-08-26 14:45:00+09:00,216.772,216.794,216.765,216.779
2026-08-26 14:50:00+09:00,216.779,216.791,216.767,216.789
2026-08-26 14:55:00+09:00,216.79,216.816,216.779,216.814
2026-08-26 15:00:00+09:00,216.814,216.817,216.766,216.794
2026-08-26 15:05:00+09:00,216.794,216.825,216.781,216.811
2026-08-26 15:10:00+09:00,216.811,216.858,216.807,216.815
2026-08-26 15:15:00+09:00,216.816,216.846,216.796,216.799
2026-08-26 15:20:00+09:00,216.799,216.821,216.772,216.817
2026-08-26 15:25:00+09:00,216.817,216.837,216.797,216.797
2026-08-26 15:30:00+09:00,216.797,216.833,216.777,216.821
2026-08-26 15:35:00+09:00,216.821,216.85,216.806,216.821
2026-08-26 15:40:00+09:00,216.821,216.834,216.804,216.812
2026-08-26 15:45:00+09:00,216.812,216.812,216.743,216.762
2026-08-26 15:50:00+09:00,216.762,216.799,216.761,216.769
2026-08-26 15:55:00+09:00,216.769,216.851,216.755,216.834
2026-08-26 16:00:00+09:00,216.834,216.858,216.769,216.796
2026-08-26 16:05:00+09:00,216.796,216.845,216.778,216.835
2026-08-26 16:10:00+09:00,216.835,216.85,216.807,216.85
2026-08-26 16:15:00+09:00,216.85,216.893,216.848,216.848
2026-08-26 16:20:00+09:00,216.848,216.857,216.821,216.833
2026-08-26 16:25:00+09:00,216.833,216.874,216.828,216.867
2026-08-26 16:30:00+09:00,216.867,216.867,216.837,216.856
2026-08-26 16:35:00+09:00,216.856,216.871,216.806,216.815
2026-08-26 16:40:00+09:00,216.815,216.821,216.795,216.81
2026-08-26 16:45:00+09:00,216.81,216.824,216.778,216.79
2026-08-26 16:50:00+09:00,216.79,216.798,216.722,216.742
2026-08-26 16:55:00+09:00,216.742,216.775,216.73,216.767
2026-08-26 17:00:00+09:00,216.767,216.767,216.705,216.744
2026-08-26 17:05:00+09:00,216.744,216.751,216.708,216.743
2026-08-26 17:10:00+09:00,216.743,216.804,216.743,216.759
2026-08-26 17:15:00+09:00,216.759,216.771,216.726,216.751
2026-08-26 17:20:00+09:00,216.751,216.793,216.75,216.764
2026-08-26 17:25:00+09:00,216.764,216.766,216.698,216.736
2026-08-26 17:30:00+09:00,216.737,216.747,216.708,216.711
2026-08-26 17:35:00+09:00,216.711,216.729,216.69,216.725
2026-08-26 17:40:00+09:00,216.726,216.749,216.716,216.736
2026-08-26 17:45:00+09:00,216.736,216.737,216.672,216.686
2026-08-26 17:50:00+09:00,216.686,216.705,216.674,216.684
2026-08-26 17:55:00+09:00,216.684,216.722,216.673,216.717
2026-08-26 18:00:00+09:00,216.717,216.738,216.697,216.717
2026-08-26 18:05:00+09:00,216.717,216.717,216.68,216.684
2026-08-26 18:10:00+09:00,216.685,216.717,216.659,216.677
2026-08-26 18:15:00+09:00,216.677,216.69,216.632,216.635
2026-08-26 18:20:00+09:00,216.635,216.639,216.598,216.629
2026-08-26 18:25:00+09:00,216.629,216.654,216.604,216.638
2026-08-26 18:30:00+09:00,216.638,216.666,216.627,216.63
2026-08-26 18:35:00+09:00,216.63,216.665,216.622,216.66
2026-08-26 18:40:00+09:00,216.66,216.677,216.639,216.64
2026-08-26 18:45:00+09:00,216.64,216.671,216.638,216.667
2026-08-26 18:50:00+09:00,216.667,216.69,216.653,216.657
2026-08-26 18:55:00+09:00,216.655,216.685,216.653,216.659
2026-08-26 19:00:00+09:00,216.659,216.663,216.618,216.621
2026-08-26 19:05:00+09:00,216.621,216.638,216.608,216.626
2026-08-26 19:10:00+09:00,216.626,216.634,216.619,216.633
2026-08-26 19:15:00+09:00,216.633,216.633,216.587,216.598
2026-08-26 19:20:00+09:00,216.598,216.619,216.582,216.586
2026-08-26 19:25:00+09:00,216.586,216.602,216.568,216.572
2026-08-26 19:30:00+09:00,216.573,216.618,216.573,216.612
2026-08-26 19:35:00+09:00,216.612,216.627,216.591,216.616
2026-08-26 19:40:00+09:00,216.616,216.675,216.614,216.675
2026-08-26 19:45:00+09:00,216.675,216.706,216.661,216.697
2026-08-26 19:50:00+09:00,216.697,216.706,216.68,216.697
2026-08-26 19:55:00+09:00,216.697,216.724,216.682,216.695
2026-08-26 20:00:00+09:00,216.695,216.721,216.676,216.717
2026-08-26 20:05:00+09:00,216.715,216.758,216.707,216.745
2026-08-26 20:10:00+09:00,216.745,216.788,216.743,216.775
2026-08-26 20:15:00+09:00,216.776,216.784,216.74,216.75
2026-08-26 20:20:00+09:00,216.75,216.808,216.75,216.803
2026-08-26 20:25:00+09:00,216.803,216.848,216.803,216.832
2026-08-26 20:30:00+09:00,216.832,216.852,216.827,216.835
2026-08-26 20:35:00+09:00,216.835,216.858,216.823,216.825
2026-08-26 20:40:00+09:00,216.825,216.833,216.812,216.817
2026-08-26 20:45:00+09:00,216.817,216.852,216.813,216.837
2026-08-26 20:50:00+09:00,216.837,216.843,216.808,216.821
2026-08-26 20:55:00+09:00,216.82,216.858,216.814,216.822
2026-08-26 21:00:00+09:00,216.822,216.829,216.776,216.796
2026-08-26 21:05:00+09:00,216.798,216.838,216.793,216.812
2026-08-26 21:10:00+09:00,216.812,216.856,216.811,216.85
2026-08-26 21:15:00+09:00,216.85,216.86,216.812,216.813
2026-08-26 21:20:00+09:00,216.813,216.813,216.753,216.753
2026-08-26 21:25:00+09:00,216.753,216.756,216.64,216.682
2026-08-26 21:30:00+09:00,216.693,216.725,216.616,216.643
2026-08-26 21:35:00+09:00,216.643,216.668,216.608,216.64
2026-08-26 21:40:00+09:00,216.639,216.706,216.636,216.675
2026-08-26 21:45:00+09:00,216.675,216.738,216.649,216.738
2026-08-26 21:50:00+09:00,216.738,216.762,216.703,216.723
2026-08-26 21:55:00+09:00,216.723,216.755,216.666,216.679
2026-08-26 22:00:00+09:00,216.679,216.729,216.666,216.706
2026-08-26 22:05:00+09:00,216.706,216.751,216.705,216.742
2026-08-26 22:10:00+09:00,216.742,216.763,216.733,216.754
2026-08-26 22:15:00+09:00,216.754,216.762,216.723,216.742
2026-08-26 22:20:00+09:00,216.742,216.743,216.708,216.732
2026-08-26 22:25:00+09:00,216.732,216.738,216.697,216.731
2026-08-26 22:30:00+09:00,216.731,216.755,216.702,216.728
2026-08-26 22:35:00+09:00,216.728,216.796,216.728,216.744
2026-08-26 22:40:00+09:00,216.744,216.797,216.739,216.783
2026-08-26 22:45:00+09:00,216.783,216.798,216.739,216.796
2026-08-26 22:50:00+09:00,216.796,216.828,216.775,216.788
2026-08-26 22:55:00+09:00,216.788,216.827,216.77,216.816
2026-08-26 23:00:00+09:00,216.816,216.818,216.755,216.771
2026-08-26 23:05:00+09:00,216.772,216.792,216.733,216.75
2026-08-26 23:10:00+09:00,216.75,216.766,216.711,216.763
2026-08-26 23:15:00+09:00,216.763,216.768,216.722,216.731
2026-08-26 23:20:00+09:00,216.73,216.745,216.624,216.633
2026-08-26 23:25:00+09:00,216.633,216.646,216.584,216.604
2026-08-26 23:30:00+09:00,216.604,216.659,216.587,216.649
2026-08-26 23:35:00+09:00,216.649,216.689,216.635,216.659
2026-08-26 23:40:00+09:00,216.659,216.674,216.629,216.663
2026-08-26 23:45:00+09:00,216.662,216.668,216.566,216.571
2026-08-26 23:50:00+09:00,216.571,216.6,216.55,216.586
2026-08-26 23:55:00+09:00,216.586,216.666,216.577,216.608
2026-08-27 00:00:00+09:00,216.608,216.637,216.586,216.623
2026-08-27 00:05:00+09:00,216.623,216.653,216.59,216.65
2026-08-27 00:10:00+09:00,216.65,216.666,216.588,216.593
2026-08-27 00:15:00+09:00,216.595,216.604,216.555,216.573
2026-08-27 00:20:00+09:00,216.573,216.594,216.551,216.575
2026-08-27 00:25:00+09:00,216.575,216.626,216.573,216.61
2026-08-27 00:30:00+09:00,216.609,216.627,216.595,216.626
2026-08-27 00:35:00+09:00,216.626,216.674,216.622,216.674
2026-08-27 00:40:00+09:00,216.673,216.687,216.655,216.668
2026-08-27 00:45:00+09:00,216.668,216.67,216.627,216.634
2026-08-27 00:50:00+09:00,216.634,216.638,216.587,216.634
2026-08-27 00:55:00+09:00,216.634,216.661,216.619,216.642
2026-08-27 01:00:00+09:00,216.643,216.647,216.614,216.631
2026-08-27 01:05:00+09:00,216.631,216.673,216.623,216.652
2026-08-27 01:10:00+09:00,216.652,216.667,216.623,216.632
2026-08-27 01:15:00+09:00,216.632,216.633,216.595,216.609
2026-08-27 01:20:00+09:00,216.609,216.622,216.596,216.616
2026-08-27 01:25:00+09:00,216.616,216.64,216.611,216.625
2026-08-27 01:30:00+09:00,216.626,216.641,216.605,216.612
2026-08-27 01:35:00+09:00,216.612,216.622,216.579,216.581
2026-08-27 01:40:00+09:00,216.581,216.622,216.575,216.6
2026-08-27 01:45:00+09:00,216.6,216.65,216.595,216.648
2026-08-27 01:50:00+09:00,216.648,216.656,216.629,216.638
2026-08-27 01:55:00+09:00,216.638,216.679,216.635,216.661
2026-08-27 02:00:00+09:00,216.661,216.688,216.657,216.664
2026-08-27 02:05:00+09:00,216.664,216.667,216.646,216.659
2026-08-27 02:10:00+09:00,216.659,216.67,216.636,216.67
2026-08-27 02:15:00+09:00,216.673,216.68,216.652,216.664
2026-08-27 02:20:00+09:00,216.664,216.685,216.664,216.668
2026-08-27 02:25:00+09:00,216.668,216.669,216.645,216.661
2026-08-27 02:30:00+09:00,216.661,216.678,216.645,216.673
2026-08-27 02:35:00+09:00,216.673,216.675,216.647,216.671
2026-08-27 02:40:00+09:00,216.671,216.682,216.656,216.682
2026-08-27 02:45:00+09:00,216.682,216.709,216.676,216.693
2026-08-27 02:50:00+09:00,216.693,216.699,216.681,216.695
2026-08-27 02:55:00+09:00,216.695,216.707,216.68,216.684
2026-08-27 03:00:00+09:00,216.684,216.702,216.674,216.679
2026-08-27 03:05:00+09:00,216.679,216.696,216.664,216.69
2026-08-27 03:10:00+09:00,216.69,216.707,216.678,216.685
2026-08-27 03:15:00+09:00,216.685,216.703,216.678,216.701
2026-08-27 03:20:00+09:00,216.702,216.707,216.68,216.687
2026-08-27 03:25:00+09:00,216.687,216.696,216.674,216.676
2026-08-27 03:30:00+09:00,216.676,216.68,216.66,216.663
2026-08-27 03:35:00+09:00,216.663,216.664,216.648,216.656
2026-08-27 03:40:00+09:00,216.657,216.664,216.65,216.651
2026-08-27 03:45:00+09:00,216.651,216.666,216.646,216.652
2026-08-27 03:50:00+09:00,216.652,216.663,216.645,216.653
2026-08-27 03:55:00+09:00,216.653,216.657,216.622,216.654
2026-08-27 04:00:00+09:00,216.654,216.67,216.639,216.64
2026-08-27 04:05:00+09:00,216.64,216.646,216.612,216.612
2026-08-27 04:10:00+09:00,216.612,216.624,216.602,216.607
2026-08-27 04:15:00+09:00,216.607,216.624,216.607,216.624
2026-08-27 04:20:00+09:00,216.624,216.645,216.623,216.641
2026-08-27 04:25:00+09:00,216.641,216.655,216.639,216.647
2026-08-27 04:30:00+09:00,216.646,216.653,216.597,216.609
2026-08-27 04:35:00+09:00,216.61,216.635,216.606,216.63
2026-08-27 04:40:00+09:00,216.63,216.638,216.6,216.605
2026-08-27 04:45:00+09:00,216.605,216.626,216.599,216.614
2026-08-27 04:50:00+09:00,216.614,216.622,216.603,216.606
2026-08-27 04:55:00+09:00,216.607,216.634,216.605,216.621
2026-08-27 05:00:00+09:00,216.621,216.633,216.617,216.627
2026-08-27 05:05:00+09:00,216.627,216.658,216.622,216.624
2026-08-27 05:10:00+09:00,216.624,216.633,216.612,216.613
2026-08-27 05:15:00+09:00,216.612,216.619,216.607,216.613
2026-08-27 05:20:00+09:00,216.613,216.613,216.587,216.592
2026-08-27 05:25:00+09:00,216.592,216.598,216.573,216.574
2026-08-27 05:30:00+09:00,216.574,216.612,216.572,216.604
2026-08-27 05:35:00+09:00,216.604,216.61,216.58,216.58
2026-08-27 05:40:00+09:00,216.58,216.587,216.572,216.579
2026-08-27 05:45:00+09:00,216.579,216.663,216.572,216.648
2026-08-27 05:50:00+09:00,216.648,216.666,216.644,216.664
2026-08-27 05:55:00+09:00,216.664,216.717,216.649,216.655
2026-08-27 06:00:00+09:00,216.655,216.686,216.638,216.653
2026-08-27 06:05:00+09:00,216.653,216.66,216.611,216.613
2026-08-27 06:10:00+09:00,216.613,216.617,216.568,216.575
2026-08-27 06:15:00+09:00,216.575,216.59,216.565,216.589
2026-08-27 06:20:00+09:00,216.589,216.609,216.582,216.596
2026-08-27 06:25:00+09:00,216.596,216.606,216.574,216.599
2026-08-27 06:30:00+09:00,216.599,216.616,216.58,216.6
2026-08-27 06:35:00+09:00,216.6,216.621,216.587,216.613
2026-08-27 06:40:00+09:00,216.613,216.622,216.579,216.589
2026-08-27 06:45:00+09:00,216.589,216.6,216.562,216.568
2026-08-27 06:50:00+09:00,216.568,216.596,216.566,216.576
2026-08-27 06:55:00+09:00,216.576,216.643,216.545,216.603
2026-08-27 07:00:00+09:00,216.594,216.658,216.594,216.621
2026-08-27 07:05:00+09:00,216.621,216.63,216.587,216.589
2026-08-27 07:10:00+09:00,216.589,216.602,216.548,216.578
2026-08-27 07:15:00+09:00,216.578,216.593,216.562,216.583
2026-08-27 07:20:00+09:00,216.583,216.587,216.567,216.569
2026-08-27 07:25:00+09:00,216.568,216.573,216.559,216.566
2026-08-27 07:30:00+09:00,216.566,216.58,216.564,216.571
2026-08-27 07:35:00+09:00,216.571,216.573,216.543,216.545
2026-08-27 07:40:00+09:00,216.545,216.562,216.545,216.555
2026-08-27 07:45:00+09:00,216.555,216.556,216.535,216.539
2026-08-27 07:50:00+09:00,216.539,216.545,216.528,216.539
2026-08-27 07:55:00+09:00,216.539,216.553,216.533,216.548
2026-08-27 08:00:00+09:00,216.548,216.548,216.507,216.516
2026-08-27 08:05:00+09:00,216.516,216.531,216.515,216.528
2026-08-27 08:10:00+09:00,216.528,216.539,216.493,216.516
2026-08-27 08:15:00+09:00,216.516,216.519,216.498,216.501
2026-08-27 08:20:00+09:00,216.502,216.516,216.498,216.508
2026-08-27 08:25:00+09:00,216.508,216.537,216.508,216.531
2026-08-27 08:30:00+09:00,216.531,216.532,216.512,216.525
2026-08-27 08:35:00+09:00,216.525,216.53,216.522,216.527
2026-08-27 08:40:00+09:00,216.527,216.538,216.524,216.538
2026-08-27 08:45:00+09:00,216.538,216.554,216.52,216.539
2026-08-27 08:50:00+09:00,216.539,216.564,216.536,216.557
2026-08-27 08:55:00+09:00,216.557,216.557,216.536,216.54
2026-08-27 09:00:00+09:00,216.541,216.545,216.403,216.426
2026-08-27 09:05:00+09:00,216.426,216.432,216.363,216.374
2026-08-27 09:10:00+09:00,216.374,216.385,216.294,216.313
2026-08-27 09:15:00+09:00,216.313,216.334,216.297,216.326
2026-08-27 09:20:00+09:00,216.326,216.364,216.311,216.324
2026-08-27 09:25:00+09:00,216.323,216.361,216.303,216.349
2026-08-27 09:30:00+09:00,216.349,216.375,216.322,216.322
2026-08-27 09:35:00+09:00,216.322,216.348,216.309,216.316
2026-08-27 09:40:00+09:00,216.316,216.316,216.291,216.297
2026-08-27 09:45:00+09:00,216.297,216.327,216.297,216.312
2026-08-27 09:50:00+09:00,216.312,216.33,216.277,216.294
2026-08-27 09:55:00+09:00,216.294,216.369,216.283,216.35
2026-08-27 10:00:00+09:00,216.352,216.389,216.343,216.356
2026-08-27 10:05:00+09:00,216.356,216.371,216.328,216.334
2026-08-27 10:10:00+09:00,216.334,216.34,216.313,216.322
2026-08-27 10:15:00+09:00,216.322,216.351,216.301,216.349
2026-08-27 10:20:00+09:00,216.348,216.389,216.347,216.36
2026-08-27 10:25:00+09:00,216.36,216.376,216.317,216.317
2026-08-27 10:30:00+09:00,216.317,216.403,216.303,216.349
2026-08-27 10:35:00+09:00,216.349,216.484,216.311,216.454
2026-08-27 10:40:00+09:00,216.453,216.456,216.366,216.383
2026-08-27 10:45:00+09:00,216.383,216.433,216.371,216.425
2026-08-27 10:50:00+09:00,216.425,216.454,216.42,216.449
2026-08-27 10:55:00+09:00,216.449,216.46,216.422,216.46
2026-08-27 11:00:00+09:00,216.46,216.52,216.46,216.519
2026-08-27 11:05:00+09:00,216.519,216.538,216.503,216.506
2026-08-27 11:10:00+09:00,216.506,216.532,216.504,216.532
2026-08-27 11:15:00+09:00,216.532,216.581,216.529,216.573
2026-08-27 11:20:00+09:00,216.573,216.587,216.555,216.579
2026-08-27 11:25:00+09:00,216.579,216.585,216.562,216.571
2026-08-27 11:30:00+09:00,216.571,216.598,216.555,216.571
2026-08-27 11:35:00+09:00,216.571,216.583,216.54,216.545
2026-08-27 11:40:00+09:00,216.545,216.552,216.518,216.546
2026-08-27 11:45:00+09:00,216.546,216.546,216.501,216.507
2026-08-27 11:50:00+09:00,216.507,216.557,216.501,216.522
2026-08-27 11:55:00+09:00,216.522,216.543,216.522,216.543
2026-08-27 12:00:00+09:00,216.542,216.567,216.535,216.545
2026-08-27 12:05:00+09:00,216.545,216.55,216.53,216.535
2026-08-27 12:10:00+09:00,216.535,216.537,216.522,216.528
2026-08-27 12:15:00+09:00,216.528,216.543,216.527,216.543
2026-08-27 12:20:00+09:00,216.543,216.553,216.531,216.551
2026-08-27 12:25:00+09:00,216.55,216.566,216.548,216.55
2026-08-27 12:30:00+09:00,216.55,216.566,216.542,216.555
2026-08-27 12:35:00+09:00,216.555,216.561,216.542,216.549
2026-08-27 12:40:00+09:00,216.549,216.557,216.522,216.53
2026-08-27 12:45:00+09:00,216.53,216.547,216.528,216.53
2026-08-27 12:50:00+09:00,216.53,216.538,216.522,216.536
2026-08-27 12:55:00+09:00,216.537,216.538,216.502,216.503
2026-08-27 13:00:00+09:00,216.503,216.536,216.503,216.52
2026-08-27 13:05:00+09:00,216.52,216.54,216.514,216.54
2026-08-27 13:10:00+09:00,216.54,216.557,216.537,216.556
2026-08-27 13:15:00+09:00,216.556,216.561,216.538,216.539
2026-08-27 13:20:00+09:00,216.539,216.549,216.536,216.536
2026-08-27 13:25:00+09:00,216.536,216.566,216.536,216.561
2026-08-27 13:30:00+09:00,216.561,216.567,216.545,216.546
2026-08-27 13:35:00+09:00,216.546,216.554,216.529,216.53
2026-08-27 13:40:00+09:00,216.53,216.54,216.514,216.517
2026-08-27 13:45:00+09:00,216.517,216.527,216.511,216.527
2026-08-27 13:50:00+09:00,216.527,216.547,216.522,216.526
2026-08-27 13:55:00+09:00,216.526,216.549,216.522,216.523
2026-08-27 14:00:00+09:00,216.523,216.536,216.5,216.502
2026-08-27 14:05:00+09:00,216.502,216.558,216.502,216.511
2026-08-27 14:10:00+09:00,216.511,216.512,216.492,216.505
2026-08-27 14:15:00+09:00,216.505,216.507,216.47,216.474
2026-08-27 14:20:00+09:00,216.474,216.503,216.465,216.502
2026-08-27 14:25:00+09:00,216.502,216.503,216.476,216.484
2026-08-27 14:30:00+09:00,216.484,216.493,216.465,216.478
2026-08-27 14:35:00+09:00,216.478,216.492,216.468,216.489
2026-08-27 14:40:00+09:00,216.489,216.516,216.484,216.495
2026-08-27 14:45:00+09:00,216.495,216.531,216.495,216.519
2026-08-27 14:50:00+09:00,216.519,216.536,216.508,216.536
2026-08-27 14:55:00+09:00,216.536,216.559,216.533,216.548
2026-08-27 15:00:00+09:00,216.548,216.556,216.522,216.542
2026-08-27 15:05:00+09:00,216.542,216.548,216.524,216.536
2026-08-27 15:10:00+09:00,216.536,216.55,216.524,216.531
2026-08-27 15:15:00+09:00,216.53,216.56,216.527,216.555
2026-08-27 15:20:00+09:00,216.555,216.562,216.537,216.549
2026-08-27 15:25:00+09:00,216.548,216.563,216.536,216.553
2026-08-27 15:30:00+09:00,216.553,216.581,216.538,216.541
2026-08-27 15:35:00+09:00,216.541,216.545,216.509,216.51
2026-08-27 15:40:00+09:00,216.509,216.542,216.505,216.537
2026-08-27 15:45:00+09:00,216.537,216.554,216.518,216.522
2026-08-27 15:50:00+09:00,216.522,216.537,216.51,216.512
2026-08-27 15:55:00+09:00,216.512,216.556,216.512,216.553
2026-08-27 16:00:00+09:00,216.553,216.574,216.533,216.572
2026-08-27 16:05:00+09:00,216.572,216.585,216.545,216.554
2026-08-27 16:10:00+09:00,216.554,216.582,216.541,216.553
2026-08-27 16:15:00+09:00,216.553,216.558,216.488,216.502
2026-08-27 16:20:00+09:00,216.501,216.515,216.447,216.484
2026-08-27 16:25:00+09:00,216.484,216.506,216.472,216.472
2026-08-27 16:30:00+09:00,216.472,216.518,216.464,216.507
2026-08-27 16:35:00+09:00,216.507,216.551,216.502,216.539
2026-08-27 16:40:00+09:00,216.539,216.558,216.523,216.553
2026-08-27 16:45:00+09:00,216.554,216.574,216.522,216.524
2026-08-27 16:50:00+09:00,216.524,216.543,216.506,216.524
2026-08-27 16:55:00+09:00,216.524,216.526,216.471,216.516
2026-08-27 17:00:00+09:00,216.516,216.563,216.502,216.524
2026-08-27 17:05:00+09:00,216.524,216.574,216.524,216.553
2026-08-27 17:10:00+09:00,216.553,216.556,216.51,216.514
2026-08-27 17:15:00+09:00,216.517,216.529,216.494,216.501
2026-08-27 17:20:00+09:00,216.501,216.501,216.454,216.46
2026-08-27 17:25:00+09:00,216.46,216.466,216.445,216.453
2026-08-27 17:30:00+09:00,216.453,216.475,216.431,216.435
2026-08-27 17:35:00+09:00,216.435,216.445,216.375,216.39
2026-08-27 17:40:00+09:00,216.39,216.418,216.376,216.395
2026-08-27 17:45:00+09:00,216.395,216.406,216.35,216.351
2026-08-27 17:50:00+09:00,216.351,216.369,216.346,216.363
2026-08-27 17:55:00+09:00,216.363,216.381,216.344,216.35
2026-08-27 18:00:00+09:00,216.349,216.36,216.278,216.283
2026-08-27 18:05:00+09:00,216.284,216.349,216.283,216.349
2026-08-27 18:10:00+09:00,216.35,216.385,216.347,216.369
2026-08-27 18:15:00+09:00,216.369,216.415,216.369,216.374
2026-08-27 18:20:00+09:00,216.374,216.404,216.365,216.399
2026-08-27 18:25:00+09:00,216.399,216.461,216.39,216.455
2026-08-27 18:30:00+09:00,216.455,216.465,216.426,216.457
2026-08-27 18:35:00+09:00,216.457,216.478,216.415,216.434
2026-08-27 18:40:00+09:00,216.434,216.51,216.431,216.501
2026-08-27 18:45:00+09:00,216.501,216.521,216.495,216.509
2026-08-27 18:50:00+09:00,216.509,216.546,216.494,216.535
2026-08-27 18:55:00+09:00,216.535,216.543,216.475,216.487
2026-08-27 19:00:00+09:00,216.487,216.494,216.427,216.441
2026-08-27 19:05:00+09:00,216.441,216.497,216.431,216.495
2026-08-27 19:10:00+09:00,216.495,216.513,216.482,216.49
2026-08-27 19:15:00+09:00,216.49,216.493,216.456,216.488
2026-08-27 19:20:00+09:00,216.488,216.519,216.486,216.505
2026-08-27 19:25:00+09:00,216.505,216.546,216.504,216.542
2026-08-27 19:30:00+09:00,216.542,216.572,216.542,216.545
2026-08-27 19:35:00+09:00,216.545,216.545,216.496,216.507
2026-08-27 19:40:00+09:00,216.507,216.537,216.487,216.512
2026-08-27 19:45:00+09:00,216.512,216.52,216.492,216.51
2026-08-27 19:50:00+09:00,216.51,216.555,216.496,216.544
2026-08-27 19:55:00+09:00,216.544,216.55,216.487,216.488
2026-08-27 20:00:00+09:00,216.488,216.529,216.457,216.528
2026-08-27 20:05:00+09:00,216.528,216.544,216.516,216.533
2026-08-27 20:10:00+09:00,216.533,216.555,216.519,216.542
2026-08-27 20:15:00+09:00,216.542,216.561,216.539,216.557
2026-08-27 20:20:00+09:00,216.557,216.577,216.535,216.57
2026-08-27 20:25:00+09:00,216.57,216.59,216.548,216.558
2026-08-27 20:30:00+09:00,216.558,216.566,216.467,216.475
2026-08-27 20:35:00+09:00,216.475,216.49,216.455,216.474
2026-08-27 20:40:00+09:00,216.474,216.497,216.434,216.469
2026-08-27 20:45:00+09:00,216.469,216.482,216.455,216.466
2026-08-27 20:50:00+09:00,216.465,216.507,216.452,216.506
2026-08-27 20:55:00+09:00,216.506,216.513,216.47,216.479
2026-08-27 21:00:00+09:00,216.479,216.492,216.458,216.458
2026-08-27 21:05:00+09:00,216.459,216.484,216.457,216.467
2026-08-27 21:10:00+09:00,216.467,216.484,216.45,216.468
2026-08-27 21:15:00+09:00,216.468,216.474,216.41,216.42
2026-08-27 21:20:00+09:00,216.419,216.479,216.409,216.464
2026-08-27 21:25:00+09:00,216.464,216.517,216.453,216.492
2026-08-27 21:30:00+09:00,216.49,216.501,216.448,216.45
2026-08-27 21:35:00+09:00,216.45,216.484,216.432,216.446
2026-08-27 21:40:00+09:00,216.446,216.474,216.446,216.462
2026-08-27 21:45:00+09:00,216.462,216.474,216.43,216.445
2026-08-27 21:50:00+09:00,216.445,216.448,216.395,216.396
2026-08-27 21:55:00+09:00,216.397,216.407,216.372,216.384
2026-08-27 22:00:00+09:00,216.384,216.492,216.379,216.491
2026-08-27 22:05:00+09:00,216.491,216.572,216.489,216.572
2026-08-27 22:10:00+09:00,216.571,216.674,216.567,216.639
2026-08-27 22:15:00+09:00,216.639,216.685,216.63,216.68
2026-08-27 22:20:00+09:00,216.68,216.742,216.664,216.739
2026-08-27 22:25:00+09:00,216.739,216.777,216.713,216.719
2026-08-27 22:30:00+09:00,216.719,216.754,216.685,216.718
2026-08-27 22:35:00+09:00,216.718,216.743,216.691,216.7
2026-08-27 22:40:00+09:00,216.7,216.71,216.634,216.647
2026-08-27 22:45:00+09:00,216.647,216.665,216.609,216.662
2026-08-27 22:50:00+09:00,216.662,216.698,216.641,216.649
2026-08-27 22:55:00+09:00,216.649,216.65,216.597,216.617
2026-08-27 23:00:00+09:00,216.617,216.621,216.545,216.562
2026-08-27 23:05:00+09:00,216.563,216.608,216.56,216.6
2026-08-27 23:10:00+09:00,216.6,216.602,216.533,216.541
2026-08-27 23:15:00+09:00,216.542,216.575,216.528,216.553
2026-08-27 23:20:00+09:00,216.553,216.554,216.488,216.497
2026-08-27 23:25:00+09:00,216.497,216.497,216.442,216.447
2026-08-27 23:30:00+09:00,216.447,216.475,216.431,216.466
2026-08-27 23:35:00+09:00,216.465,216.485,216.435,216.485
2026-08-27 23:40:00+09:00,216.485,216.489,216.431,216.48
2026-08-27 23:45:00+09:00,216.48,216.485,216.415,216.419
2026-08-27 23:50:00+09:00,216.419,216.425,216.379,216.399
2026-08-27 23:55:00+09:00,216.4,216.417,216.309,216.39
2026-08-28 00:00:00+09:00,216.39,216.397,216.363,216.384
2026-08-28 00:05:00+09:00,216.384,216.436,216.365,216.432
2026-08-28 00:10:00+09:00,216.433,216.486,216.427,216.474
2026-08-28 00:15:00+09:00,216.474,216.486,216.429,216.453
2026-08-28 00:20:00+09:00,216.453,216.464,216.443,216.45
2026-08-28 00:25:00+09:00,216.45,216.476,216.441,216.469
2026-08-28 00:30:00+09:00,216.469,216.474,216.424,216.449
2026-08-28 00:35:00+09:00,216.449,216.488,216.445,216.486
2026-08-28 00:40:00+09:00,216.484,216.487,216.454,216.454
2026-08-28 00:45:00+09:00,216.454,216.506,216.442,216.495
2026-08-28 00:50:00+09:00,216.493,216.531,216.492,216.511
2026-08-28 00:55:00+09:00,216.511,216.57,216.505,216.564
2026-08-28 01:00:00+09:00,216.564,216.571,216.541,216.561
2026-08-28 01:05:00+09:00,216.561,216.561,216.52,216.528
2026-08-28 01:10:00+09:00,216.528,216.537,216.516,216.521
2026-08-28 01:15:00+09:00,216.521,216.526,216.497,216.517
2026-08-28 01:20:00+09:00,216.517,216.542,216.513,216.523
2026-08-28 01:25:00+09:00,216.525,216.572,216.525,216.569
2026-08-28 01:30:00+09:00,216.569,216.585,216.565,216.579
2026-08-28 01:35:00+09:00,216.579,216.605,216.573,216.577
2026-08-28 01:40:00+09:00,216.577,216.578,216.551,216.558
2026-08-28 01:45:00+09:00,216.558,216.577,216.551,216.559
2026-08-28 01:50:00+09:00,216.559,216.58,216.542,216.545
2026-08-28 01:55:00+09:00,216.545,216.545,216.498,216.524
2026-08-28 02:00:00+09:00,216.525,216.557,216.522,216.55
2026-08-28 02:05:00+09:00,216.55,216.557,216.527,216.544
2026-08-28 02:10:00+09:00,216.544,216.559,216.538,216.54
2026-08-28 02:15:00+09:00,216.54,216.555,216.525,216.525
2026-08-28 02:20:00+09:00,216.525,216.539,216.512,216.516
2026-08-28 02:25:00+09:00,216.516,216.537,216.513,216.525
2026-08-28 02:30:00+09:00,216.525,216.546,216.525,216.527
2026-08-28 02:35:00+09:00,216.527,216.57,216.524,216.57
2026-08-28 02:40:00+09:00,216.57,216.572,216.556,216.567
2026-08-28 02:45:00+09:00,216.567,216.583,216.562,216.575
2026-08-28 02:50:00+09:00,216.575,216.584,216.57,216.58
2026-08-28 02:55:00+09:00,216.58,216.602,216.573,216.599
2026-08-28 03:00:00+09:00,216.599,216.633,216.597,216.626
2026-08-28 03:05:00+09:00,216.625,216.637,216.619,216.621
2026-08-28 03:10:00+09:00,216.621,216.631,216.599,216.603
2026-08-28 03:15:00+09:00,216.603,216.616,216.585,216.586
2026-08-28 03:20:00+09:00,216.586,216.59,216.569,216.572
2026-08-28 03:25:00+09:00,216.572,216.573,216.547,216.555
2026-08-28 03:30:00+09:00,216.555,216.571,216.549,216.555
2026-08-28 03:35:00+09:00,216.555,216.591,216.553,216.578
2026-08-28 03:40:00+09:00,216.578,216.587,216.571,216.584
2026-08-28 03:45:00+09:00,216.584,216.626,216.582,216.619
2026-08-28 03:50:00+09:00,216.619,216.628,216.6,216.621
2026-08-28 03:55:00+09:00,216.621,216.649,216.618,216.638
2026-08-28 04:00:00+09:00,216.638,216.655,216.612,216.619
2026-08-28 04:05:00+09:00,216.619,216.63,216.612,216.621
2026-08-28 04:10:00+09:00,216.621,216.641,216.621,216.637
2026-08-28 04:15:00+09:00,216.637,216.66,216.626,216.643
2026-08-28 04:20:00+09:00,216.643,216.651,216.619,216.621
2026-08-28 04:25:00+09:00,216.621,216.636,216.61,216.624
2026-08-28 04:30:00+09:00,216.624,216.628,216.603,216.604
2026-08-28 04:35:00+09:00,216.604,216.612,216.597,216.604
2026-08-28 04:40:00+09:00,216.604,216.606,216.592,216.594
2026-08-28 04:45:00+09:00,216.594,216.595,216.575,216.581
2026-08-28 04:50:00+09:00,216.581,216.584,216.555,216.574
2026-08-28 04:55:00+09:00,216.574,216.62,216.571,216.614
2026-08-28 05:00:00+09:00,216.614,216.626,216.602,216.619
2026-08-28 05:05:00+09:00,216.619,216.645,216.616,216.629
2026-08-28 05:10:00+09:00,216.629,216.665,216.626,216.648
2026-08-28 05:15:00+09:00,216.648,216.659,216.62,216.636
2026-08-28 05:20:00+09:00,216.635,216.638,216.624,216.632
2026-08-28 05:25:00+09:00,216.632,216.638,216.616,216.619
2026-08-28 05:30:00+09:00,216.619,216.639,216.618,216.636
2026-08-28 05:35:00+09:00,216.636,216.652,216.633,216.634
2026-08-28 05:40:00+09:00,216.635,216.648,216.618,216.62
2026-08-28 05:45:00+09:00,216.62,216.705,216.617,216.704
2026-08-28 05:50:00+09:00,216.704,216.719,216.693,216.712
2026-08-28 05:55:00+09:00,216.71,216.74,216.702,216.717
2026-08-28 06:00:00+09:00,216.717,216.723,216.659,216.67
2026-08-28 06:05:00+09:00,216.67,216.752,216.667,216.741
2026-08-28 06:10:00+09:00,216.741,216.746,216.708,216.712
2026-08-28 06:15:00+09:00,216.712,216.729,216.7,216.713
2026-08-28 06:20:00+09:00,216.713,216.743,216.703,216.741
2026-08-28 06:25:00+09:00,216.741,216.774,216.73,216.77
2026-08-28 06:30:00+09:00,216.77,216.806,216.733,216.8
2026-08-28 06:35:00+09:00,216.8,216.801,216.78,216.782
2026-08-28 06:40:00+09:00,216.782,216.79,216.705,216.719
2026-08-28 06:45:00+09:00,216.72,216.732,216.699,216.722
2026-08-28 06:50:00+09:00,216.722,216.737,216.694,216.702
2026-08-28 06:55:00+09:00,216.702,216.712,216.674,216.701
2026-08-28 07:00:00+09:00,216.704,216.717,216.69,216.717
2026-08-28 07:05:00+09:00,216.717,216.721,216.699,216.699
2026-08-28 07:10:00+09:00,216.699,216.704,216.658,216.674
2026-08-28 07:15:00+09:00,216.674,216.688,216.673,216.683
2026-08-28 07:20:00+09:00,216.683,216.699,216.68,216.697
2026-08-28 07:25:00+09:00,216.697,216.71,216.691,216.693
2026-08-28 07:30:00+09:00,216.693,216.711,216.691,216.711
2026-08-28 07:35:00+09:00,216.711,216.712,216.69,216.691
2026-08-28 07:40:00+09:00,216.691,216.694,216.685,216.691
2026-08-28 07:45:00+09:00,216.691,216.692,216.681,216.685
2026-08-28 07:50:00+09:00,216.685,216.698,216.68,216.696
2026-08-28 07:55:00+09:00,216.696,216.696,216.685,216.689
2026-08-28 08:00:00+09:00,216.689,216.7,216.68,216.685
2026-08-28 08:05:00+09:00,216.685,216.69,216.681,216.685
2026-08-28 08:10:00+09:00,216.685,216.706,216.684,216.693
2026-08-28 08:15:00+09:00,216.693,216.7,216.674,216.675
2026-08-28 08:20:00+09:00,216.675,216.677,216.656,216.664
2026-08-28 08:25:00+09:00,216.664,216.69,216.663,216.672
2026-08-28 08:30:00+09:00,216.672,216.688,216.667,216.672
2026-08-28 08:35:00+09:00,216.672,216.686,216.661,216.669
2026-08-28 08:40:00+09:00,216.669,216.672,216.662,216.672
2026-08-28 08:45:00+09:00,216.672,216.672,216.639,216.641
2026-08-28 08:50:00+09:00,216.641,216.66,216.641,216.659
2026-08-28 08:55:00+09:00,216.659,216.659,216.618,216.63
2026-08-28 09:00:00+09:00,216.629,216.634,216.592,216.614
2026-08-28 09:05:00+09:00,216.614,216.641,216.61,216.632
2026-08-28 09:10:00+09:00,216.632,216.66,216.632,216.647
2026-08-28 09:15:00+09:00,216.647,216.668,216.645,216.652
2026-08-28 09:20:00+09:00,216.652,216.66,216.638,216.645
2026-08-28 09:25:00+09:00,216.645,216.666,216.645,216.658
2026-08-28 09:30:00+09:00,216.658,216.66,216.634,216.647
2026-08-28 09:35:00+09:00,216.647,216.657,216.626,216.629
2026-08-28 09:40:00+09:00,216.629,216.631,216.612,216.629
2026-08-28 09:45:00+09:00,216.629,216.645,216.622,216.625
2026-08-28 09:50:00+09:00,216.625,216.665,216.602,216.609
2026-08-28 09:55:00+09:00,216.609,216.665,216.601,216.662
2026-08-28 10:00:00+09:00,216.662,216.684,216.654,216.669
2026-08-28 10:05:00+09:00,216.669,216.684,216.658,216.664
2026-08-28 10:10:00+09:00,216.663,216.665,216.617,216.619
2026-08-28 10:15:00+09:00,216.62,216.631,216.594,216.628
2026-08-28 10:20:00+09:00,216.628,216.636,216.608,216.634
2026-08-28 10:25:00+09:00,216.634,216.638,216.622,216.636
2026-08-28 10:30:00+09:00,216.636,216.646,216.623,216.642
2026-08-28 10:35:00+09:00,216.642,216.661,216.64,216.659
2026-08-28 10:40:00+09:00,216.66,216.686,216.651,216.685
2026-08-28 10:45:00+09:00,216.685,216.686,216.659,216.672
2026-08-28 10:50:00+09:00,216.672,216.682,216.664,216.68
2026-08-28 10:55:00+09:00,216.68,216.689,216.655,216.665
2026-08-28 11:00:00+09:00,216.665,216.682,216.661,216.671
2026-08-28 11:05:00+09:00,216.671,216.685,216.669,216.678
2026-08-28 11:10:00+09:00,216.679,216.688,216.643,216.664
2026-08-28 11:15:00+09:00,216.664,216.667,216.615,216.645
2026-08-28 11:20:00+09:00,216.645,216.661,216.639,216.654
2026-08-28 11:25:00+09:00,216.654,216.656,216.633,216.643
2026-08-28 11:30:00+09:00,216.643,216.679,216.643,216.678
2026-08-28 11:35:00+09:00,216.678,216.683,216.655,216.66
2026-08-28 11:40:00+09:00,216.66,216.676,216.655,216.67
2026-08-28 11:45:00+09:00,216.669,216.704,216.668,216.686
2026-08-28 11:50:00+09:00,216.686,216.692,216.673,216.687
2026-08-28 11:55:00+09:00,216.687,216.73,216.686,216.725
2026-08-28 12:00:00+09:00,216.725,216.757,216.725,216.742
2026-08-28 12:05:00+09:00,216.742,216.748,216.736,216.738
2026-08-28 12:10:00+09:00,216.738,216.753,216.721,216.753
2026-08-28 12:15:00+09:00,216.753,216.756,216.73,216.733
2026-08-28 12:20:00+09:00,216.733,216.736,216.717,216.72
2026-08-28 12:25:00+09:00,216.72,216.727,216.713,216.723
2026-08-28 12:30:00+09:00,216.723,216.736,216.718,216.719
2026-08-28 12:35:00+09:00,216.719,216.725,216.693,216.694
2026-08-28 12:40:00+09:00,216.694,216.694,216.664,216.667
2026-08-28 12:45:00+09:00,216.667,216.679,216.667,216.677
2026-08-28 12:50:00+09:00,216.677,216.69,216.674,216.677
2026-08-28 12:55:00+09:00,216.677,216.69,216.675,216.677
2026-08-28 13:00:00+09:00,216.677,216.712,216.675,216.704
2026-08-28 13:05:00+09:00,216.704,216.705,216.684,216.7
2026-08-28 13:10:00+09:00,216.7,216.702,216.688,216.691
2026-08-28 13:15:00+09:00,216.691,216.712,216.689,216.696
2026-08-28 13:20:00+09:00,216.696,216.727,216.696,216.711
2026-08-28 13:25:00+09:00,216.711,216.715,216.702,216.707
2026-08-28 13:30:00+09:00,216.707,216.726,216.699,216.718
2026-08-28 13:35:00+09:00,216.718,216.723,216.698,216.698
2026-08-28 13:40:00+09:00,216.698,216.706,216.688,216.701
2026-08-28 13:45:00+09:00,216.701,216.72,216.699,216.711
2026-08-28 13:50:00+09:00,216.711,216.724,216.703,216.715
2026-08-28 13:55:00+09:00,216.715,216.744,216.706,216.724
2026-08-28 14:00:00+09:00,216.724,216.766,216.72,216.748
2026-08-28 14:05:00+09:00,216.748,216.775,216.747,216.77
2026-08-28 14:10:00+09:00,216.77,216.785,216.766,216.778
2026-08-28 14:15:00+09:00,216.778,216.786,216.754,216.763
2026-08-28 14:20:00+09:00,216.763,216.793,216.756,216.788
2026-08-28 14:25:00+09:00,216.788,216.789,216.772,216.774
2026-08-28 14:30:00+09:00,216.774,216.792,216.772,216.783
2026-08-28 14:35:00+09:00,216.783,216.789,216.741,216.758
2026-08-28 14:40:00+09:00,216.758,216.778,216.757,216.767
2026-08-28 14:45:00+09:00,216.767,216.772,216.754,216.759
2026-08-28 14:50:00+09:00,216.759,216.76,216.745,216.75
2026-08-28 14:55:00+09:00,216.75,216.778,216.746,216.763
2026-08-28 15:00:00+09:00,216.763,216.804,216.756,216.795
2026-08-28 15:05:00+09:00,216.795,216.8,216.766,216.78
2026-08-28 15:10:00+09:00,216.78,216.818,216.779,216.804
2026-08-28 15:15:00+09:00,216.804,216.806,216.747,216.748
2026-08-28 15:20:00+09:00,216.748,216.79,216.742,216.766
2026-08-28 15:25:00+09:00,216.766,216.788,216.74,216.785
2026-08-28 15:30:00+09:00,216.785,216.791,216.737,216.739
2026-08-28 15:35:00+09:00,216.74,216.753,216.703,216.706
2026-08-28 15:40:00+09:00,216.706,216.748,216.7,216.743
2026-08-28 15:45:00+09:00,216.743,216.745,216.687,216.709
2026-08-28 15:50:00+09:00,216.709,216.721,216.698,216.718
2026-08-28 15:55:00+09:00,216.718,216.72,216.683,216.683
2026-08-28 16:00:00+09:00,216.683,216.689,216.642,216.645
2026-08-28 16:05:00+09:00,216.645,216.66,216.628,216.649
2026-08-28 16:10:00+09:00,216.649,216.69,216.649,216.663
2026-08-28 16:15:00+09:00,216.663,216.687,216.605,216.612
2026-08-28 16:20:00+09:00,216.612,216.653,216.612,216.642
2026-08-28 16:25:00+09:00,216.642,216.646,216.554,216.555
2026-08-28 16:30:00+09:00,216.555,216.647,216.549,216.646
2026-08-28 16:35:00+09:00,216.646,216.654,216.621,216.627
2026-08-28 16:40:00+09:00,216.627,216.7,216.625,216.693
2026-08-28 16:45:00+09:00,216.693,216.737,216.681,216.723
2026-08-28 16:50:00+09:00,216.723,216.725,216.696,216.707
2026-08-28 16:55:00+09:00,216.707,216.741,216.7,216.71
2026-08-28 17:00:00+09:00,216.71,216.778,216.701,216.734
2026-08-28 17:05:00+09:00,216.734,216.748,216.721,216.724
2026-08-28 17:10:00+09:00,216.724,216.758,216.705,216.754
2026-08-28 17:15:00+09:00,216.754,216.793,216.747,216.763
2026-08-28 17:20:00+09:00,216.763,216.772,216.729,216.736
2026-08-28 17:25:00+09:00,216.736,216.769,216.729,216.768
2026-08-28 17:30:00+09:00,216.768,216.778,216.753,216.754
2026-08-28 17:35:00+09:00,216.754,216.756,216.708,216.741
2026-08-28 17:40:00+09:00,216.741,216.741,216.71,216.731
2026-08-28 17:45:00+09:00,216.731,216.779,216.73,216.761
2026-08-28 17:50:00+09:00,216.76,216.805,216.76,216.803
2026-08-28 17:55:00+09:00,216.803,216.816,216.782,216.808
2026-08-28 18:00:00+09:00,216.809,216.816,216.75,216.772
2026-08-28 18:05:00+09:00,216.772,216.845,216.771,216.845
2026-08-28 18:10:00+09:00,216.845,216.872,216.835,216.857
2026-08-28 18:15:00+09:00,216.857,216.882,216.83,216.834
2026-08-28 18:20:00+09:00,216.833,216.879,216.819,216.846
2026-08-28 18:25:00+09:00,216.845,216.854,216.831,216.838
2026-08-28 18:30:00+09:00,216.838,216.883,216.835,216.869
2026-08-28 18:35:00+09:00,216.869,216.895,216.864,216.872
2026-08-28 18:40:00+09:00,216.872,216.886,216.851,216.877
2026-08-28 18:45:00+09:00,216.877,216.88,216.853,216.867
2026-08-28 18:50:00+09:00,216.866,216.877,216.831,216.869
2026-08-28 18:55:00+09:00,216.87,216.9,216.853,216.864
2026-08-28 19:00:00+09:00,216.864,216.878,216.847,216.851
2026-08-28 19:05:00+09:00,216.851,216.902,216.847,216.888
2026-08-28 19:10:00+09:00,216.888,216.907,216.868,216.873
2026-08-28 19:15:00+09:00,216.873,216.894,216.853,216.883
2026-08-28 19:20:00+09:00,216.883,216.931,216.871,216.931
2026-08-28 19:25:00+09:00,216.932,216.942,216.899,216.937
2026-08-28 19:30:00+09:00,216.937,216.971,216.928,216.964
2026-08-28 19:35:00+09:00,216.964,216.966,216.949,216.951
2026-08-28 19:40:00+09:00,216.951,216.989,216.947,216.988
2026-08-28 19:45:00+09:00,216.989,217.007,216.966,216.978
2026-08-28 19:50:00+09:00,216.978,216.993,216.951,216.97
2026-08-28 19:55:00+09:00,216.97,216.99,216.96,216.964
2026-08-28 20:00:00+09:00,216.964,216.966,216.926,216.948
2026-08-28 20:05:00+09:00,216.948,216.958,216.926,216.957
2026-08-28 20:10:00+09:00,216.957,216.957,216.931,216.948
2026-08-28 20:15:00+09:00,216.948,216.948,216.911,216.911
2026-08-28 20:20:00+09:00,216.911,216.944,216.904,216.932
2026-08-28 20:25:00+09:00,216.932,216.938,216.903,216.917
2026-08-28 20:30:00+09:00,216.916,216.944,216.9,216.931
2026-08-28 20:35:00+09:00,216.931,216.934,216.904,216.914
2026-08-28 20:40:00+09:00,216.914,216.94,216.914,216.923
2026-08-28 20:45:00+09:00,216.923,216.945,216.913,216.931
2026-08-28 20:50:00+09:00,216.931,216.933,216.899,216.911
2026-08-28 20:55:00+09:00,216.911,216.921,216.879,216.879
2026-08-28 21:00:00+09:00,216.879,216.885,216.857,216.882
2026-08-28 21:05:00+09:00,216.882,216.897,216.858,216.873
2026-08-28 21:10:00+09:00,216.873,216.886,216.848,216.854
2026-08-28 21:15:00+09:00,216.854,216.858,216.791,216.801
2026-08-28 21:20:00+09:00,216.801,216.814,216.774,216.781
2026-08-28 21:25:00+09:00,216.78,216.781,216.725,216.726
2026-08-28 21:30:00+09:00,216.726,216.729,216.685,216.7
2026-08-28 21:35:00+09:00,216.7,216.721,216.685,216.685
2026-08-28 21:40:00+09:00,216.685,216.708,216.67,216.702
2026-08-28 21:45:00+09:00,216.702,216.757,216.682,216.756
2026-08-28 21:50:00+09:00,216.756,216.764,216.726,216.746
2026-08-28 21:55:00+09:00,216.746,216.795,216.746,216.759
2026-08-28 22:00:00+09:00,216.758,216.801,216.756,216.801
2026-08-28 22:05:00+09:00,216.799,216.8,216.722,216.755
2026-08-28 22:10:00+09:00,216.755,216.818,216.74,216.812
2026-08-28 22:15:00+09:00,216.812,216.827,216.788,216.789
2026-08-28 22:20:00+09:00,216.788,216.789,216.742,216.749
2026-08-28 22:25:00+09:00,216.749,216.767,216.723,216.757
2026-08-28 22:30:00+09:00,216.757,216.783,216.751,216.764
2026-08-28 22:35:00+09:00,216.764,216.788,216.75,216.782
2026-08-28 22:40:00+09:00,216.782,216.798,216.737,216.77
2026-08-28 22:45:00+09:00,216.77,216.776,216.675,216.68
2026-08-28 22:50:00+09:00,216.68,216.756,216.65,216.744
2026-08-28 22:55:00+09:00,216.744,216.811,216.707,216.733
2026-08-28 23:00:00+09:00,216.736,216.805,216.441,216.503
2026-08-28 23:05:00+09:00,216.503,216.536,216.352,216.522
2026-08-28 23:10:00+09:00,216.522,216.695,216.472,216.692
2026-08-28 23:15:00+09:00,216.69,216.696,216.598,216.614
2026-08-28 23:20:00+09:00,216.614,216.631,216.501,216.522
2026-08-28 23:25:00+09:00,216.524,216.533,216.369,216.458
2026-08-28 23:30:00+09:00,216.457,216.576,216.43,216.549
2026-08-28 23:35:00+09:00,216.548,216.572,216.493,216.5
2026-08-28 23:40:00+09:00,216.501,216.62,216.479,216.571
2026-08-28 23:45:00+09:00,216.57,216.627,216.562,216.618
2026-08-28 23:50:00+09:00,216.618,216.752,216.602,216.739
2026-08-28 23:55:00+09:00,216.739,217.072,216.739,216.964
2026-08-29 00:00:00+09:00,216.965,217.046,216.948,216.999
2026-08-29 00:05:00+09:00,216.998,217.0,216.901,216.925
2026-08-29 00:10:00+09:00,216.925,216.926,216.839,216.867
2026-08-29 00:15:00+09:00,216.867,216.902,216.838,216.841
2026-08-29 00:20:00+09:00,216.841,216.881,216.839,216.862
2026-08-29 00:25:00+09:00,216.862,216.929,216.86,216.903
2026-08-29 00:30:00+09:00,216.903,216.976,216.9,216.927
2026-08-29 00:35:00+09:00,216.927,216.971,216.911,216.919
2026-08-29 00:40:00+09:00,216.919,216.97,216.886,216.964
2026-08-29 00:45:00+09:00,216.963,217.014,216.928,216.94
2026-08-29 00:50:00+09:00,216.94,216.942,216.875,216.896
2026-08-29 00:55:00+09:00,216.898,216.901,216.779,216.814
2026-08-29 01:00:00+09:00,216.814,216.824,216.762,216.782
2026-08-29 01:05:00+09:00,216.782,216.841,216.772,216.838
2026-08-29 01:10:00+09:00,216.838,216.844,216.754,216.757
2026-08-29 01:15:00+09:00,216.759,216.766,216.705,216.72
2026-08-29 01:20:00+09:00,216.72,216.788,216.717,216.75
2026-08-29 01:25:00+09:00,216.751,216.775,216.729,216.768
2026-08-29 01:30:00+09:00,216.768,216.844,216.768,216.806
2026-08-29 01:35:00+09:00,216.806,216.819,216.782,216.789
2026-08-29 01:40:00+09:00,216.788,216.831,216.778,216.821
2026-08-29 01:45:00+09:00,216.821,216.865,216.81,216.863
2026-08-29 01:50:00+09:00,216.863,216.942,216.862,216.881
2026-08-29 01:55:00+09:00,216.881,216.888,216.834,216.848
2026-08-29 02:00:00+09:00,216.848,216.848,216.736,216.736
2026-08-29 02:05:00+09:00,216.736,216.748,216.705,216.737
2026-08-29 02:10:00+09:00,216.737,216.793,216.733,216.792
2026-08-29 02:15:00+09:00,216.792,216.792,216.759,216.771
2026-08-29 02:20:00+09:00,216.771,216.796,216.771,216.792
2026-08-29 02:25:00+09:00,216.792,216.793,216.757,216.764
2026-08-29 02:30:00+09:00,216.764,216.769,216.748,216.748
2026-08-29 02:35:00+09:00,216.748,216.763,216.707,216.708
2026-08-29 02:40:00+09:00,216.708,216.715,216.691,216.711
2026-08-29 02:45:00+09:00,216.711,216.72,216.691,216.695
2026-08-29 02:50:00+09:00,216.695,216.734,216.694,216.724
2026-08-29 02:55:00+09:00,216.724,216.741,216.706,216.714
2026-08-29 03:00:00+09:00,216.714,216.72,216.679,216.679
2026-08-29 03:05:00+09:00,216.679,216.698,216.669,216.685
2026-08-29 03:10:00+09:00,216.685,216.706,216.673,216.673
2026-08-29 03:15:00+09:00,216.673,216.691,216.665,216.686
2026-08-29 03:20:00+09:00,216.686,216.698,216.675,216.675
2026-08-29 03:25:00+09:00,216.675,216.696,216.665,216.677
2026-08-29 03:30:00+09:00,216.677,216.693,216.674,216.692
2026-08-29 03:35:00+09:00,216.692,216.701,216.681,216.684
2026-08-29 03:40:00+09:00,216.684,216.691,216.676,216.679
2026-08-29 03:45:00+09:00,216.679,216.683,216.655,216.667
2026-08-29 03:50:00+09:00,216.667,216.676,216.657,216.666
2026-08-29 03:55:00+09:00,216.666,216.686,216.659,216.663
2026-08-29 04:00:00+09:00,216.663,216.684,216.623,216.623
2026-08-29 04:05:00+09:00,216.623,216.636,216.605,216.636
2026-08-29 04:10:00+09:00,216.636,216.675,216.634,216.665
2026-08-29 04:15:00+09:00,216.665,216.675,216.645,216.648
2026-08-29 04:20:00+09:00,216.648,216.666,216.646,216.663
2026-08-29 04:25:00+09:00,216.663,216.683,216.65,216.673
2026-08-29 04:30:00+09:00,216.673,216.695,216.667,216.695
2026-08-29 04:35:00+09:00,216.695,216.728,216.685,216.719
2026-08-29 04:40:00+09:00,216.719,216.726,216.696,216.723
2026-08-29 04:45:00+09:00,216.723,216.73,216.69,216.715
2026-08-29 04:50:00+09:00,216.715,216.73,216.703,216.703
2026-08-29 04:55:00+09:00,216.703,216.734,216.69,216.711
2026-08-29 05:00:00+09:00,216.711,216.714,216.692,216.693
2026-08-29 05:05:00+09:00,216.693,216.704,216.672,216.681
2026-08-29 05:10:00+09:00,216.681,216.707,216.678,216.706
2026-08-29 05:15:00+09:00,216.706,216.726,216.702,216.719
2026-08-29 05:20:00+09:00,216.719,216.72,216.678,216.686
2026-08-29 05:25:00+09:00,216.686,216.688,216.642,216.65
2026-08-29 05:30:00+09:00,216.65,216.665,216.642,216.665
2026-08-29 05:35:00+09:00,216.665,216.673,216.631,216.633
2026-08-29 05:40:00+09:00,216.633,216.672,216.631,216.664
2026-08-29 05:45:00+09:00,216.664,216.737,216.658,216.71
2026-08-29 05:50:00+09:00,216.71,216.741,216.7,216.715
2026-08-29 05:55:00+09:00,216.715,216.786,216.71,216.731
2026-08-31 07:00:00+09:00,216.839,216.84,216.76,216.766
2026-08-31 07:05:00+09:00,216.766,216.782,216.751,216.758
2026-08-31 07:10:00+09:00,216.758,216.78,216.758,216.765
2026-08-31 07:15:00+09:00,216.765,216.783,216.762,216.773
2026-08-31 07:20:00+09:00,216.773,216.776,216.766,216.774
2026-08-31 07:25:00+09:00,216.774,216.775,216.74,216.762
2026-08-31 07:30:00+09:00,216.762,216.801,216.762,216.795
2026-08-31 07:35:00+09:00,216.795,216.818,216.79,216.804
2026-08-31 07:40:00+09:00,216.806,216.811,216.764,216.765
2026-08-31 07:45:00+09:00,216.765,216.798,216.765,216.797
2026-08-31 07:50:00+09:00,216.797,216.805,216.79,216.804
2026-08-31 07:55:00+09:00,216.804,216.812,216.788,216.805
2026-08-31 08:00:00+09:00,216.804,216.804,216.757,216.785
2026-08-31 08:05:00+09:00,216.785,216.858,216.785,216.852
2026-08-31 08:10:00+09:00,216.852,216.86,216.84,216.842
2026-08-31 08:15:00+09:00,216.841,216.849,216.84,216.844
2026-08-31 08:20:00+09:00,216.856,216.862,216.83,216.834
2026-08-31 08:25:00+09:00,216.833,216.851,216.828,216.84
2026-08-31 08:30:00+09:00,216.84,216.84,216.803,216.821
2026-08-31 08:35:00+09:00,216.821,216.832,216.811,216.83
2026-08-31 08:40:00+09:00,216.83,216.837,216.805,216.833
2026-08-31 08:45:00+09:00,216.833,216.855,216.795,216.801
2026-08-31 08:50:00+09:00,216.801,216.837,216.801,216.837
2026-08-31 08:55:00+09:00,216.837,216.843,216.823,216.824
2026-08-31 09:00:00+09:00,216.824,216.824,216.686,216.706
2026-08-31 09:05:00+09:00,216.706,216.708,216.653,216.687
2026-08-31 09:10:00+09:00,216.69,216.722,216.674,216.675
2026-08-31 09:15:00+09:00,216.675,216.681,216.631,216.643
2026-08-31 09:20:00+09:00,216.643,216.678,216.636,216.66
2026-08-31 09:25:00+09:00,216.66,216.66,216.617,216.624
2026-08-31 09:30:00+09:00,216.624,216.662,216.601,216.659
2026-08-31 09:35:00+09:00,216.659,216.724,216.649,216.717
2026-08-31 09:40:00+09:00,216.717,216.753,216.709,216.746
2026-08-31 09:45:00+09:00,216.746,216.768,216.721,216.731
2026-08-31 09:50:00+09:00,216.731,216.785,216.68,216.722
2026-08-31 09:55:00+09:00,216.723,216.741,216.673,216.681
2026-08-31 10:00:00+09:00,216.681,216.686,216.61,216.618
2026-08-31 10:05:00+09:00,216.618,216.635,216.564,216.574
2026-08-31 10:10:00+09:00,216.574,216.578,216.528,216.572
2026-08-31 10:15:00+09:00,216.572,216.581,216.526,216.528
2026-08-31 10:20:00+09:00,216.528,216.536,216.423,216.445
2026-08-31 10:25:00+09:00,216.448,216.488,216.428,216.463
2026-08-31 10:30:00+09:00,216.463,216.499,216.439,216.492
2026-08-31 10:35:00+09:00,216.491,216.508,216.45,216.506
2026-08-31 10:40:00+09:00,216.507,216.517,216.426,216.482
2026-08-31 10:45:00+09:00,216.482,216.493,216.46,216.466
2026-08-31 10:50:00+09:00,216.466,216.473,216.431,216.453
2026-08-31 10:55:00+09:00,216.453,216.483,216.441,216.465
2026-08-31 11:00:00+09:00,216.465,216.484,216.46,216.465
2026-08-31 11:05:00+09:00,216.465,216.492,216.449,216.453
2026-08-31 11:10:00+09:00,216.453,216.465,216.438,216.463
2026-08-31 11:15:00+09:00,216.437,216.455,216.401,216.402
2026-08-31 11:20:00+09:00,216.402,216.422,216.395,216.407
2026-08-31 11:25:00+09:00,216.407,216.415,216.37,216.401
2026-08-31 11:30:00+09:00,216.401,216.436,216.39,216.43
2026-08-31 11:35:00+09:00,216.43,216.446,216.409,216.41
2026-08-31 11:40:00+09:00,216.41,216.411,216.346,216.355
2026-08-31 11:45:00+09:00,216.355,216.394,216.351,216.369
2026-08-31 11:50:00+09:00,216.369,216.396,216.367,216.393
2026-08-31 11:55:00+09:00,216.393,216.437,216.389,216.415
2026-08-31 12:00:00+09:00,216.415,216.43,216.396,216.413
2026-08-31 12:05:00+09:00,216.413,216.441,216.413,216.437
2026-08-31 12:10:00+09:00,216.437,216.458,216.429,216.434
2026-08-31 12:15:00+09:00,216.434,216.442,216.419,216.431
2026-08-31 12:20:00+09:00,216.431,216.47,216.428,216.461
2026-08-31 12:25:00+09:00,216.461,216.469,216.451,216.46
2026-08-31 12:30:00+09:00,216.46,216.487,216.439,216.483
2026-08-31 12:35:00+09:00,216.483,216.488,216.451,216.453
2026-08-31 12:40:00+09:00,216.453,216.489,216.449,216.469
2026-08-31 12:45:00+09:00,216.469,216.469,216.436,216.436
2026-08-31 12:50:00+09:00,216.436,216.441,216.427,216.437
2026-08-31 12:55:00+09:00,216.437,216.456,216.436,216.444
2026-08-31 13:00:00+09:00,216.444,216.452,216.4,216.403
2026-08-31 13:05:00+09:00,216.403,216.433,216.402,216.421
2026-08-31 13:10:00+09:00,216.421,216.437,216.413,216.43
2026-08-31 13:15:00+09:00,216.43,216.452,216.428,216.433
2026-08-31 13:20:00+09:00,216.441,216.452,216.438,216.441
2026-08-31 13:25:00+09:00,216.441,216.454,216.415,216.444
2026-08-31 13:30:00+09:00,216.444,216.453,216.419,216.431
2026-08-31 13:35:00+09:00,216.431,216.435,216.417,216.428
2026-08-31 13:40:00+09:00,216.429,216.434,216.379,216.392
2026-08-31 13:45:00+09:00,216.392,216.405,216.387,216.394
2026-08-31 13:50:00+09:00,216.394,216.427,216.386,216.425
2026-08-31 13:55:00+09:00,216.425,216.441,216.413,216.441
2026-08-31 14:00:00+09:00,216.441,216.446,216.408,216.409
2026-08-31 14:05:00+09:00,216.409,216.413,216.379,216.385
2026-08-31 14:10:00+09:00,216.385,216.404,216.376,216.398
2026-08-31 14:15:00+09:00,216.398,216.454,216.392,216.454
2026-08-31 14:20:00+09:00,216.454,216.475,216.434,216.434
2026-08-31 14:25:00+09:00,216.435,216.46,216.429,216.449
2026-08-31 14:30:00+09:00,216.448,216.467,216.421,216.432
2026-08-31 14:35:00+09:00,216.432,216.451,216.42,216.433
2026-08-31 14:40:00+09:00,216.433,216.481,216.433,216.474
2026-08-31 14:45:00+09:00,216.474,216.505,216.467,216.493
2026-08-31 14:50:00+09:00,216.494,216.534,216.482,216.533
2026-08-31 14:55:00+09:00,216.533,216.537,216.509,216.525
2026-08-31 15:00:00+09:00,216.524,216.528,216.456,216.506
2026-08-31 15:05:00+09:00,216.506,216.512,216.48,216.497
2026-08-31 15:10:00+09:00,216.497,216.504,216.469,216.496
2026-08-31 15:15:00+09:00,216.496,216.52,216.482,216.517
2026-08-31 15:20:00+09:00,216.517,216.536,216.487,216.534
2026-08-31 15:25:00+09:00,216.534,216.56,216.52,216.543
2026-08-31 15:30:00+09:00,216.543,216.609,216.529,216.596
2026-08-31 15:35:00+09:00,216.596,216.613,216.584,216.606
2026-08-31 15:40:00+09:00,216.606,216.608,216.516,216.522
2026-08-31 15:45:00+09:00,216.523,216.563,216.508,216.548
2026-08-31 15:50:00+09:00,216.548,216.562,216.494,216.497
2026-08-31 15:55:00+09:00,216.497,216.497,216.425,216.435
2026-08-31 16:00:00+09:00,216.435,216.442,216.369,216.382
2026-08-31 16:05:00+09:00,216.382,216.387,216.31,216.363
2026-08-31 16:10:00+09:00,216.364,216.365,216.193,216.197
2026-08-31 16:15:00+09:00,216.197,216.197,216.087,216.155
2026-08-31 16:20:00+09:00,216.155,216.211,216.133,216.173
2026-08-31 16:25:00+09:00,216.174,216.201,216.161,216.189
2026-08-31 16:30:00+09:00,216.189,216.204,216.118,216.18
2026-08-31 16:35:00+09:00,216.18,216.203,216.155,216.19
2026-08-31 16:40:00+09:00,216.19,216.228,216.173,216.225
2026-08-31 16:45:00+09:00,216.225,216.231,216.163,216.196
2026-08-31 16:50:00+09:00,216.197,216.214,216.169,216.17
2026-08-31 16:55:00+09:00,216.17,216.207,216.156,216.175
2026-08-31 17:00:00+09:00,216.175,216.231,216.131,216.199
2026-08-31 17:05:00+09:00,216.199,216.204,216.146,216.163
2026-08-31 17:10:00+09:00,216.163,216.197,216.144,216.155
2026-08-31 17:15:00+09:00,216.155,216.188,216.135,216.15
2026-08-31 17:20:00+09:00,216.15,216.184,216.132,216.184
2026-08-31 17:25:00+09:00,216.184,216.246,216.182,216.244
2026-08-31 17:30:00+09:00,216.244,216.274,216.241,216.258
2026-08-31 17:35:00+09:00,216.258,216.259,216.222,216.229
2026-08-31 17:40:00+09:00,216.229,216.239,216.202,216.232
2026-08-31 17:45:00+09:00,216.232,216.235,216.205,216.219
2026-08-31 17:50:00+09:00,216.219,216.245,216.185,216.226
2026-08-31 17:55:00+09:00,216.225,216.314,216.222,216.297
2026-08-31 18:00:00+09:00,216.297,216.343,216.277,216.322
2026-08-31 18:05:00+09:00,216.323,216.351,216.301,216.306
2026-08-31 18:10:00+09:00,216.305,216.33,216.296,216.308
2026-08-31 18:15:00+09:00,216.308,216.337,216.304,216.321
2026-08-31 18:20:00+09:00,216.321,216.322,216.278,216.278
2026-08-31 18:25:00+09:00,216.278,216.305,216.277,216.293
2026-08-31 18:30:00+09:00,216.293,216.323,216.288,216.301
2026-08-31 18:35:00+09:00,216.302,216.325,216.291,216.32
2026-08-31 18:40:00+09:00,216.319,216.331,216.29,216.319
2026-08-31 18:45:00+09:00,216.319,216.344,216.316,216.328
2026-08-31 18:50:00+09:00,216.328,216.342,216.31,216.312
2026-08-31 18:55:00+09:00,216.312,216.329,216.303,216.321
2026-08-31 19:00:00+09:00,216.321,216.353,216.312,216.339
2026-08-31 19:05:00+09:00,216.339,216.392,216.333,216.358
2026-08-31 19:10:00+09:00,216.358,216.369,216.335,216.344
2026-08-31 19:15:00+09:00,216.344,216.383,216.335,216.375
2026-08-31 19:20:00+09:00,216.375,216.379,216.336,216.336
2026-08-31 19:25:00+09:00,216.336,216.35,216.324,216.342
2026-08-31 19:30:00+09:00,216.342,216.356,216.324,216.328
2026-08-31 19:35:00+09:00,216.328,216.33,216.284,216.288
2026-08-31 19:40:00+09:00,216.288,216.293,216.26,216.269
2026-08-31 19:45:00+09:00,216.268,216.269,216.23,216.231
2026-08-31 19:50:00+09:00,216.231,216.285,216.231,216.263
2026-08-31 19:55:00+09:00,216.264,216.295,216.264,216.27
2026-08-31 20:00:00+09:00,216.271,216.277,216.205,216.212
2026-08-31 20:05:00+09:00,216.212,216.222,216.194,216.194
2026-08-31 20:10:00+09:00,216.194,216.223,216.188,216.216
2026-08-31 20:15:00+09:00,216.216,216.236,216.201,216.214
2026-08-31 20:20:00+09:00,216.214,216.236,216.202,216.211
2026-08-31 20:25:00+09:00,216.211,216.211,216.203,216.21
2026-08-31 20:30:00+09:00,216.224,216.237,216.208,216.221
2026-08-31 20:35:00+09:00,216.221,216.235,216.201,216.209
2026-08-31 20:40:00+09:00,216.209,216.233,216.203,216.229
2026-08-31 20:45:00+09:00,216.23,216.252,216.209,216.224
2026-08-31 20:50:00+09:00,216.224,216.228,216.193,216.198
2026-08-31 20:55:00+09:00,216.198,216.23,216.194,216.227
2026-08-31 21:00:00+09:00,216.227,216.239,216.2,216.239
2026-08-31 21:05:00+09:00,216.239,216.261,216.227,216.256
2026-08-31 21:10:00+09:00,216.255,216.299,216.242,216.296
2026-08-31 21:15:00+09:00,216.296,216.327,216.286,216.319
2026-08-31 21:20:00+09:00,216.319,216.333,216.279,216.299
2026-08-31 21:25:00+09:00,216.299,216.417,216.282,216.399
2026-08-31 21:30:00+09:00,216.399,216.428,216.378,216.418
2026-08-31 21:35:00+09:00,216.419,216.443,216.399,216.417
2026-08-31 21:40:00+09:00,216.42,216.428,216.361,216.368
2026-08-31 21:45:00+09:00,216.368,216.388,216.347,216.379
2026-08-31 21:50:00+09:00,216.379,216.412,216.377,216.403
2026-08-31 21:55:00+09:00,216.403,216.46,216.403,216.457
2026-08-31 22:00:00+09:00,216.458,216.498,216.443,216.491
2026-08-31 22:05:00+09:00,216.488,216.51,216.47,216.502
2026-08-31 22:10:00+09:00,216.503,216.514,216.476,216.491
2026-08-31 22:15:00+09:00,216.491,216.507,216.442,216.468
2026-08-31 22:20:00+09:00,216.467,216.532,216.464,216.52
2026-08-31 22:25:00+09:00,216.521,216.525,216.459,216.487
2026-08-31 22:30:00+09:00,216.487,216.496,216.445,216.492
2026-08-31 22:35:00+09:00,216.492,216.505,216.472,216.474
2026-08-31 22:40:00+09:00,216.474,216.494,216.442,216.481
2026-08-31 22:45:00+09:00,216.48,216.494,216.461,216.463
2026-08-31 22:50:00+09:00,216.463,216.522,216.448,216.518
2026-08-31 22:55:00+09:00,216.518,216.518,216.43,216.459
2026-08-31 23:00:00+09:00,216.459,216.459,216.381,216.403
2026-08-31 23:05:00+09:00,216.403,216.414,216.337,216.348
2026-08-31 23:10:00+09:00,216.348,216.386,216.336,216.379
2026-08-31 23:15:00+09:00,216.379,216.395,216.366,216.387
2026-08-31 23:20:00+09:00,216.387,216.426,216.362,216.415
2026-08-31 23:25:00+09:00,216.415,216.419,216.371,216.382
2026-08-31 23:30:00+09:00,216.381,216.455,216.38,216.396
2026-08-31 23:35:00+09:00,216.396,216.416,216.244,216.33
2026-08-31 23:40:00+09:00,216.331,216.366,216.271,216.3
2026-08-31 23:45:00+09:00,216.3,216.412,216.294,216.352
2026-08-31 23:50:00+09:00,216.352,216.616,216.344,216.574
2026-08-31 23:55:00+09:00,216.575,216.605,216.453,216.483
2026-09-01 00:00:00+09:00,216.485,216.594,216.482,216.484
2026-09-01 00:05:00+09:00,216.484,216.502,216.459,216.486
2026-09-01 00:10:00+09:00,216.486,216.493,216.422,216.479
2026-09-01 00:15:00+09:00,216.479,216.49,216.436,216.436
2026-09-01 00:20:00+09:00,216.436,216.474,216.431,216.471
2026-09-01 00:25:00+09:00,216.47,216.503,216.467,216.482
2026-09-01 00:30:00+09:00,216.483,216.519,216.478,216.496
2026-09-01 00:35:00+09:00,216.496,216.514,216.46,216.466
2026-09-01 00:40:00+09:00,216.467,216.476,216.436,216.448
2026-09-01 00:45:00+09:00,216.448,216.487,216.44,216.446
2026-09-01 00:50:00+09:00,216.446,216.471,216.444,216.449
2026-09-01 00:55:00+09:00,216.449,216.475,216.421,216.435
2026-09-01 01:00:00+09:00,216.435,216.436,216.403,216.414
2026-09-01 01:05:00+09:00,216.414,216.423,216.353,216.367
2026-09-01 01:10:00+09:00,216.367,216.383,216.366,216.382
2026-09-01 01:15:00+09:00,216.382,216.407,216.365,216.4
2026-09-01 01:20:00+09:00,216.399,216.415,216.368,216.373
2026-09-01 01:25:00+09:00,216.373,216.398,216.366,216.398
2026-09-01 01:30:00+09:00,216.398,216.431,216.393,216.427
2026-09-01 01:35:00+09:00,216.427,216.428,216.368,216.372
2026-09-01 01:40:00+09:00,216.372,216.379,216.356,216.364
2026-09-01 01:45:00+09:00,216.364,216.37,216.345,216.353
2026-09-01 01:50:00+09:00,216.353,216.38,216.345,216.345
2026-09-01 01:55:00+09:00,216.345,216.359,216.335,216.354
2026-09-01 02:00:00+09:00,216.354,216.376,216.342,216.346
2026-09-01 02:05:00+09:00,216.346,216.355,216.324,216.338
2026-09-01 02:10:00+09:00,216.338,216.367,216.338,216.359
2026-09-01 02:15:00+09:00,216.359,216.394,216.356,216.393
2026-09-01 02:20:00+09:00,216.394,216.402,216.383,216.389
2026-09-01 02:25:00+09:00,216.389,216.398,216.379,216.385
2026-09-01 02:30:00+09:00,216.385,216.398,216.374,216.384
2026-09-01 02:35:00+09:00,216.384,216.409,216.383,216.397
2026-09-01 02:40:00+09:00,216.397,216.422,216.391,216.419
2026-09-01 02:45:00+09:00,216.419,216.428,216.403,216.411
2026-09-01 02:50:00+09:00,216.411,216.418,216.391,216.415
2026-09-01 02:55:00+09:00,216.415,216.416,216.387,216.388
2026-09-01 03:00:00+09:00,216.388,216.389,216.366,216.375
2026-09-01 03:05:00+09:00,216.373,216.398,216.373,216.391
2026-09-01 03:10:00+09:00,216.391,216.413,216.39,216.41
2026-09-01 03:15:00+09:00,216.41,216.411,216.386,216.403
2026-09-01 03:20:00+09:00,216.403,216.411,216.394,216.396
2026-09-01 03:25:00+09:00,216.396,216.424,216.394,216.405
2026-09-01 03:30:00+09:00,216.405,216.452,216.401,216.439
2026-09-01 03:35:00+09:00,216.439,216.464,216.427,216.464
2026-09-01 03:40:00+09:00,216.464,216.49,216.452,216.481
2026-09-01 03:45:00+09:00,216.482,216.494,216.461,216.482
2026-09-01 03:50:00+09:00,216.482,216.497,216.469,216.492
2026-09-01 03:55:00+09:00,216.499,216.542,216.482,216.523
2026-09-01 04:00:00+09:00,216.523,216.523,216.468,216.477
2026-09-01 04:05:00+09:00,216.477,216.487,216.468,216.478
2026-09-01 04:10:00+09:00,216.478,216.479,216.442,216.456
2026-09-01 04:15:00+09:00,216.457,216.462,216.433,216.435
2026-09-01 04:20:00+09:00,216.435,216.444,216.419,216.429
2026-09-01 04:25:00+09:00,216.428,216.436,216.413,216.422
2026-09-01 04:30:00+09:00,216.422,216.424,216.396,216.412
2026-09-01 04:35:00+09:00,216.412,216.467,216.411,216.463
2026-09-01 04:40:00+09:00,216.463,216.484,216.453,216.483
2026-09-01 04:45:00+09:00,216.483,216.496,216.476,216.489
2026-09-01 04:50:00+09:00,216.489,216.513,216.488,216.498
2026-09-01 04:55:00+09:00,216.498,216.498,216.462,216.465
2026-09-01 05:00:00+09:00,216.465,216.466,216.444,216.455
2026-09-01 05:05:00+09:00,216.455,216.464,216.443,216.446
2026-09-01 05:10:00+09:00,216.446,216.453,216.412,216.414
2026-09-01 05:15:00+09:00,216.414,216.418,216.406,216.411
2026-09-01 05:20:00+09:00,216.411,216.422,216.411,216.416
2026-09-01 05:25:00+09:00,216.416,216.435,216.416,216.435
2026-09-01 05:30:00+09:00,216.435,216.469,216.43,216.465
2026-09-01 05:35:00+09:00,216.465,216.468,216.447,216.451
2026-09-01 05:40:00+09:00,216.451,216.46,216.444,216.445
2026-09-01 05:45:00+09:00,216.445,216.524,216.445,216.507
2026-09-01 05:50:00+09:00,216.507,216.511,216.498,216.5
2026-09-01 05:55:00+09:00,216.5,216.517,216.493,216.503
2026-09-01 06:00:00+09:00,216.507,216.537,216.506,216.532
2026-09-01 06:05:00+09:00,216.532,216.539,216.508,216.53
2026-09-01 06:10:00+09:00,216.53,216.552,216.528,216.533
2026-09-01 06:15:00+09:00,216.533,216.538,216.513,216.516
2026-09-01 06:20:00+09:00,216.515,216.531,216.513,216.519
2026-09-01 06:25:00+09:00,216.519,216.57,216.501,216.543
2026-09-01 06:30:00+09:00,216.543,216.589,216.537,216.568
2026-09-01 06:35:00+09:00,216.568,216.591,216.557,216.57
2026-09-01 06:40:00+09:00,216.57,216.593,216.568,216.585
2026-09-01 06:45:00+09:00,216.585,216.589,216.558,216.577
2026-09-01 06:50:00+09:00,216.577,216.582,216.545,216.564
2026-09-01 06:55:00+09:00,216.564,216.606,216.55,216.568
2026-09-01 07:00:00+09:00,216.566,216.591,216.53,216.565
2026-09-01 07:05:00+09:00,216.565,216.572,216.534,216.541
2026-09-01 07:10:00+09:00,216.541,216.544,216.487,216.49
2026-09-01 07:15:00+09:00,216.49,216.49,216.483,216.489
2026-09-01 07:20:00+09:00,216.489,216.493,216.483,216.486
2026-09-01 07:25:00+09:00,216.486,216.488,216.468,216.472
2026-09-01 07:30:00+09:00,216.472,216.489,216.469,216.483
2026-09-01 07:35:00+09:00,216.483,216.484,216.472,216.476
2026-09-01 07:40:00+09:00,216.476,216.48,216.469,216.473
2026-09-01 07:45:00+09:00,216.473,216.476,216.459,216.463
2026-09-01 07:50:00+09:00,216.463,216.468,216.458,216.459
2026-09-01 07:55:00+09:00,216.459,216.472,216.459,216.469
2026-09-01 08:00:00+09:00,216.469,216.504,216.464,216.496
2026-09-01 08:05:00+09:00,216.496,216.497,216.47,216.485
2026-09-01 08:10:00+09:00,216.486,216.502,216.474,216.502
2026-09-01 08:15:00+09:00,216.502,216.502,216.472,216.484
2026-09-01 08:20:00+09:00,216.484,216.484,216.464,216.465
2026-09-01 08:25:00+09:00,216.465,216.483,216.46,216.483
2026-09-01 08:30:00+09:00,216.483,216.498,216.481,216.497
2026-09-01 08:35:00+09:00,216.497,216.501,216.474,216.482
2026-09-01 08:40:00+09:00,216.482,216.483,216.459,216.464
2026-09-01 08:45:00+09:00,216.464,216.473,216.445,216.446
2026-09-01 08:50:00+09:00,216.446,216.47,216.43,216.468
2026-09-01 08:55:00+09:00,216.468,216.479,216.451,216.465
2026-09-01 09:00:00+09:00,216.465,216.556,216.446,216.555
2026-09-01 09:05:00+09:00,216.555,216.582,216.508,216.525
2026-09-01 09:10:00+09:00,216.525,216.532,216.459,216.459
2026-09-01 09:15:00+09:00,216.459,216.506,216.455,216.484
2026-09-01 09:20:00+09:00,216.484,216.495,216.427,216.448
2026-09-01 09:25:00+09:00,216.448,216.502,216.44,216.496
2026-09-01 09:30:00+09:00,216.496,216.531,216.487,216.528
2026-09-01 09:35:00+09:00,216.528,216.546,216.513,216.523
2026-09-01 09:40:00+09:00,216.523,216.561,216.519,216.546
2026-09-01 09:45:00+09:00,216.546,216.567,216.517,216.561
2026-09-01 09:50:00+09:00,216.561,216.588,216.546,216.547
2026-09-01 09:55:00+09:00,216.549,216.59,216.53,216.578
2026-09-01 10:00:00+09:00,216.579,216.593,216.524,216.538
2026-09-01 10:05:00+09:00,216.538,216.539,216.485,216.493
2026-09-01 10:10:00+09:00,216.493,216.513,216.444,216.511
2026-09-01 10:15:00+09:00,216.512,216.539,216.507,216.522
2026-09-01 10:20:00+09:00,216.522,216.527,216.494,216.5
2026-09-01 10:25:00+09:00,216.5,216.501,216.443,216.461
2026-09-01 10:30:00+09:00,216.461,216.499,216.459,216.472
2026-09-01 10:35:00+09:00,216.472,216.484,216.454,216.476
2026-09-01 10:40:00+09:00,216.476,216.498,216.466,216.498
2026-09-01 10:45:00+09:00,216.499,216.504,216.468,216.481
2026-09-01 10:50:00+09:00,216.481,216.483,216.414,216.417
2026-09-01 10:55:00+09:00,216.417,216.418,216.345,216.403
2026-09-01 11:00:00+09:00,216.403,216.471,216.39,216.466
2026-09-01 11:05:00+09:00,216.466,216.473,216.443,216.451
2026-09-01 11:10:00+09:00,216.451,216.458,216.416,216.421
2026-09-01 11:15:00+09:00,216.421,216.445,216.406,216.412
2026-09-01 11:20:00+09:00,216.412,216.433,216.411,216.426
2026-09-01 11:25:00+09:00,216.426,216.442,216.412,216.421
2026-09-01 11:30:00+09:00,216.421,216.434,216.404,216.406
2026-09-01 11:35:00+09:00,216.406,216.423,216.386,216.417
2026-09-01 11:40:00+09:00,216.417,216.437,216.402,216.402
2026-09-01 11:45:00+09:00,216.402,216.443,216.4,216.442
2026-09-01 11:50:00+09:00,216.442,216.456,216.428,216.451
2026-09-01 11:55:00+09:00,216.451,216.461,216.443,216.456
2026-09-01 12:00:00+09:00,216.456,216.461,216.415,216.433
2026-09-01 12:05:00+09:00,216.433,216.454,216.433,216.445
2026-09-01 12:10:00+09:00,216.445,216.445,216.426,216.429
2026-09-01 12:15:00+09:00,216.428,216.433,216.413,216.42
2026-09-01 12:20:00+09:00,216.42,216.423,216.387,216.393
2026-09-01 12:25:00+09:00,216.393,216.422,216.392,216.393
2026-09-01 12:30:00+09:00,216.393,216.422,216.386,216.42
2026-09-01 12:35:00+09:00,216.418,216.428,216.407,216.411
2026-09-01 12:40:00+09:00,216.411,216.424,216.395,216.405
2026-09-01 12:45:00+09:00,216.405,216.42,216.403,216.419
2026-09-01 12:50:00+09:00,216.419,216.436,216.416,216.422
2026-09-01 12:55:00+09:00,216.423,216.423,216.395,216.397
2026-09-01 13:00:00+09:00,216.397,216.416,216.389,216.415
2026-09-01 13:05:00+09:00,216.437,216.442,216.407,216.431
2026-09-01 13:10:00+09:00,216.431,216.442,216.423,216.431
2026-09-01 13:15:00+09:00,216.431,216.437,216.403,216.425
2026-09-01 13:20:00+09:00,216.425,216.434,216.425,216.429
2026-09-01 13:25:00+09:00,216.429,216.451,216.417,216.42
2026-09-01 13:30:00+09:00,216.42,216.426,216.409,216.425
2026-09-01 13:35:00+09:00,216.425,216.442,216.419,216.431
2026-09-01 13:40:00+09:00,216.431,216.462,216.427,216.448
2026-09-01 13:45:00+09:00,216.448,216.465,216.446,216.458
2026-09-01 13:50:00+09:00,216.458,216.481,216.458,216.476
2026-09-01 13:55:00+09:00,216.476,216.518,216.47,216.516
2026-09-01 14:00:00+09:00,216.516,216.534,216.511,216.534
2026-09-01 14:05:00+09:00,216.534,216.563,216.529,216.547
2026-09-01 14:10:00+09:00,216.547,216.584,216.54,216.583
2026-09-01 14:15:00+09:00,216.583,216.584,216.557,216.557
2026-09-01 14:20:00+09:00,216.557,216.578,216.556,216.559
2026-09-01 14:25:00+09:00,216.559,216.588,216.559,216.573
2026-09-01 14:30:00+09:00,216.573,216.616,216.571,216.586
2026-09-01 14:35:00+09:00,216.586,216.592,216.57,216.588
2026-09-01 14:40:00+09:00,216.588,216.59,216.531,216.538
2026-09-01 14:45:00+09:00,216.538,216.575,216.527,216.563
2026-09-01 14:50:00+09:00,216.562,216.593,216.562,216.589
2026-09-01 14:55:00+09:00,216.589,216.599,216.567,216.592
2026-09-01 15:00:00+09:00,216.592,216.592,216.542,216.574
2026-09-01 15:05:00+09:00,216.574,216.615,216.574,216.591
2026-09-01 15:10:00+09:00,216.591,216.617,216.565,216.614
2026-09-01 15:15:00+09:00,216.614,216.631,216.573,216.578
2026-09-01 15:20:00+09:00,216.578,216.58,216.523,216.551
2026-09-01 15:25:00+09:00,216.552,216.554,216.487,216.507
2026-09-01 15:30:00+09:00,216.507,216.589,216.507,216.588
2026-09-01 15:35:00+09:00,216.588,216.622,216.565,216.621
2026-09-01 15:40:00+09:00,216.621,216.653,216.601,216.653
2026-09-01 15:45:00+09:00,216.653,216.658,216.596,216.606
2026-09-01 15:50:00+09:00,216.607,216.62,216.6,216.613
2026-09-01 15:55:00+09:00,216.613,216.623,216.566,216.586
2026-09-01 16:00:00+09:00,216.586,216.637,216.562,216.572
2026-09-01 16:05:00+09:00,216.572,216.612,216.567,216.591
2026-09-01 16:10:00+09:00,216.591,216.612,216.583,216.601
2026-09-01 16:15:00+09:00,216.601,216.622,216.581,216.606
2026-09-01 16:20:00+09:00,216.606,216.637,216.545,216.545
2026-09-01 16:25:00+09:00,216.545,216.568,216.535,216.538
2026-09-01 16:30:00+09:00,216.538,216.561,216.52,216.548
2026-09-01 16:35:00+09:00,216.548,216.563,216.536,216.543
2026-09-01 16:40:00+09:00,216.543,216.564,216.512,216.546
2026-09-01 16:45:00+09:00,216.546,216.611,216.512,216.589
2026-09-01 16:50:00+09:00,216.589,216.598,216.539,216.563
2026-09-01 16:55:00+09:00,216.563,216.572,216.545,216.567
2026-09-01 17:00:00+09:00,216.566,216.588,216.553,216.582
2026-09-01 17:05:00+09:00,216.582,216.604,216.531,216.536
2026-09-01 17:10:00+09:00,216.536,216.542,216.471,216.479
2026-09-01 17:15:00+09:00,216.478,216.52,216.478,216.516
2026-09-01 17:20:00+09:00,216.516,216.543,216.508,216.523
2026-09-01 17:25:00+09:00,216.523,216.55,216.499,216.549
2026-09-01 17:30:00+09:00,216.55,216.55,216.462,216.482
2026-09-01 17:35:00+09:00,216.482,216.568,216.481,216.554
2026-09-01 17:40:00+09:00,216.554,216.596,216.543,216.585
2026-09-01 17:45:00+09:00,216.584,216.614,216.551,216.559
2026-09-01 17:50:00+09:00,216.559,216.563,216.528,216.528
2026-09-01 17:55:00+09:00,216.527,216.589,216.525,216.568
2026-09-01 18:00:00+09:00,216.569,216.589,216.541,216.542
2026-09-01 18:05:00+09:00,216.542,216.592,216.53,216.59
2026-09-01 18:10:00+09:00,216.59,216.59,216.539,216.542
2026-09-01 18:15:00+09:00,216.542,216.594,216.537,216.585
2026-09-01 18:20:00+09:00,216.604,216.656,216.59,216.653
2026-09-01 18:25:00+09:00,216.653,216.681,216.652,216.678
2026-09-01 18:30:00+09:00,216.678,216.708,216.657,216.697
2026-09-01 18:35:00+09:00,216.697,216.713,216.672,216.71
2026-09-01 18:40:00+09:00,216.71,216.735,216.694,216.695
2026-09-01 18:45:00+09:00,216.695,216.742,216.677,216.69
2026-09-01 18:50:00+09:00,216.69,216.729,216.676,216.72
2026-09-01 18:55:00+09:00,216.72,216.726,216.684,216.711
2026-09-01 19:00:00+09:00,216.71,216.742,216.697,216.697
2026-09-01 19:05:00+09:00,216.696,216.723,216.672,216.674
2026-09-01 19:10:00+09:00,216.674,216.73,216.674,216.724
2026-09-01 19:15:00+09:00,216.724,216.745,216.692,216.699
2026-09-01 19:20:00+09:00,216.699,216.708,216.667,216.692
2026-09-01 19:25:00+09:00,216.692,216.705,216.68,216.683
2026-09-01 19:30:00+09:00,216.683,216.689,216.654,216.665
2026-09-01 19:35:00+09:00,216.665,216.703,216.653,216.682
2026-09-01 19:40:00+09:00,216.682,216.699,216.656,216.666
2026-09-01 19:45:00+09:00,216.666,216.723,216.665,216.72
2026-09-01 19:50:00+09:00,216.72,216.734,216.686,216.698
2026-09-01 19:55:00+09:00,216.698,216.711,216.684,216.695
2026-09-01 20:00:00+09:00,216.695,216.702,216.656,216.694
2026-09-01 20:05:00+09:00,216.693,216.741,216.67,216.74
2026-09-01 20:10:00+09:00,216.74,216.743,216.696,216.712
2026-09-01 20:15:00+09:00,216.712,216.765,216.702,216.757
2026-09-01 20:20:00+09:00,216.757,216.777,216.651,216.739
2026-09-01 20:25:00+09:00,216.739,216.741,216.662,216.69
2026-09-01 20:30:00+09:00,216.689,216.738,216.679,216.704
2026-09-01 20:35:00+09:00,216.704,216.718,216.677,216.678
2026-09-01 20:40:00+09:00,216.678,216.709,216.671,216.681
2026-09-01 20:45:00+09:00,216.681,216.694,216.658,216.684
2026-09-01 20:50:00+09:00,216.684,216.695,216.669,216.682
2026-09-01 20:55:00+09:00,216.682,216.738,216.673,216.731
2026-09-01 21:00:00+09:00,216.731,216.737,216.699,216.703
2026-09-01 21:05:00+09:00,216.703,216.734,216.693,216.719
2026-09-01 21:10:00+09:00,216.719,216.721,216.692,216.711
2026-09-01 21:15:00+09:00,216.711,216.734,216.692,216.717
2026-09-01 21:20:00+09:00,216.718,216.76,216.711,216.757
2026-09-01 21:25:00+09:00,216.757,216.784,216.744,216.765
2026-09-01 21:30:00+09:00,216.765,216.812,216.761,216.781
2026-09-01 21:35:00+09:00,216.781,216.795,216.733,216.738
2026-09-01 21:40:00+09:00,216.736,216.754,216.72,216.743
2026-09-01 21:45:00+09:00,216.743,216.746,216.613,216.693
2026-09-01 21:50:00+09:00,216.694,216.696,216.643,216.65
2026-09-01 21:55:00+09:00,216.65,216.68,216.616,216.629
2026-09-01 22:00:00+09:00,216.626,216.653,216.62,216.641
2026-09-01 22:05:00+09:00,216.641,216.681,216.629,216.674
2026-09-01 22:10:00+09:00,216.674,216.679,216.615,216.619
2026-09-01 22:15:00+09:00,216.619,216.671,216.612,216.658
2026-09-01 22:20:00+09:00,216.658,216.666,216.634,216.662
2026-09-01 22:25:00+09:00,216.662,216.693,216.653,216.684
2026-09-01 22:30:00+09:00,216.683,216.721,216.668,216.703
2026-09-01 22:35:00+09:00,216.703,216.718,216.668,216.688
2026-09-01 22:40:00+09:00,216.688,216.787,216.682,216.772
2026-09-01 22:45:00+09:00,216.772,216.783,216.671,216.706
2026-09-01 22:50:00+09:00,216.706,216.78,216.706,216.764
2026-09-01 22:55:00+09:00,216.764,216.808,216.729,216.775
2026-09-01 23:00:00+09:00,216.768,216.837,216.736,216.81
2026-09-01 23:05:00+09:00,216.81,216.84,216.797,216.815
2026-09-01 23:10:00+09:00,216.815,216.833,216.779,216.797
2026-09-01 23:15:00+09:00,216.797,216.797,216.687,216.714
2026-09-01 23:20:00+09:00,216.714,216.72,216.661,216.667
2026-09-01 23:25:00+09:00,216.667,216.668,216.61,216.615
2026-09-01 23:30:00+09:00,216.614,216.617,216.561,216.568
2026-09-01 23:35:00+09:00,216.567,216.602,216.553,216.596
2026-09-01 23:40:00+09:00,216.651,216.701,216.643,216.697
2026-09-01 23:45:00+09:00,216.697,216.733,216.686,216.711
2026-09-01 23:50:00+09:00,216.711,216.722,216.655,216.696
2026-09-01 23:55:00+09:00,216.696,216.729,216.686,216.71
2026-09-02 00:00:00+09:00,216.711,216.741,216.569,216.626
2026-09-02 00:05:00+09:00,216.626,216.649,216.571,216.626
2026-09-02 00:10:00+09:00,216.627,216.645,216.59,216.605
2026-09-02 00:15:00+09:00,216.606,216.613,216.571,216.577
2026-09-02 00:20:00+09:00,216.577,216.59,216.544,216.556
2026-09-02 00:25:00+09:00,216.556,216.579,216.539,216.561
2026-09-02 00:30:00+09:00,216.561,216.58,216.549,216.555
2026-09-02 00:35:00+09:00,216.555,216.577,216.537,216.567
2026-09-02 00:40:00+09:00,216.567,216.567,216.513,216.527
2026-09-02 00:45:00+09:00,216.527,216.528,216.484,216.51
2026-09-02 00:50:00+09:00,216.51,216.511,216.474,216.488
2026-09-02 00:55:00+09:00,216.488,216.497,216.458,216.479
2026-09-02 01:00:00+09:00,216.479,216.493,216.46,216.475
2026-09-02 01:05:00+09:00,216.475,216.484,216.437,216.476
2026-09-02 01:10:00+09:00,216.478,216.536,216.477,216.532
2026-09-02 01:15:00+09:00,216.532,216.559,216.507,216.548
2026-09-02 01:20:00+09:00,216.547,216.594,216.518,216.584
2026-09-02 01:25:00+09:00,216.583,216.613,216.574,216.589
2026-09-02 01:30:00+09:00,216.589,216.625,216.578,216.586
2026-09-02 01:35:00+09:00,216.586,216.594,216.543,216.569
2026-09-02 01:40:00+09:00,216.569,216.587,216.522,216.544
2026-09-02 01:45:00+09:00,216.544,216.547,216.491,216.506
2026-09-02 01:50:00+09:00,216.508,216.514,216.474,216.489
2026-09-02 01:55:00+09:00,216.489,216.495,216.459,216.462
2026-09-02 02:00:00+09:00,216.463,216.507,216.45,216.485
2026-09-02 02:05:00+09:00,216.485,216.498,216.458,216.494
2026-09-02 02:10:00+09:00,216.494,216.504,216.474,216.496
2026-09-02 02:15:00+09:00,216.496,216.507,216.482,216.504
2026-09-02 02:20:00+09:00,216.504,216.522,216.492,216.517
2026-09-02 02:25:00+09:00,216.517,216.552,216.512,216.548
2026-09-02 02:30:00+09:00,216.548,216.558,216.497,216.5
2026-09-02 02:35:00+09:00,216.5,216.55,216.5,216.531
2026-09-02 02:40:00+09:00,216.531,216.531,216.501,216.525
2026-09-02 02:45:00+09:00,216.525,216.539,216.517,216.533
2026-09-02 02:50:00+09:00,216.533,216.558,216.519,216.554
2026-09-02 02:55:00+09:00,216.554,216.562,216.526,216.553
2026-09-02 03:00:00+09:00,216.553,216.564,216.53,216.55
2026-09-02 03:05:00+09:00,216.55,216.557,216.532,216.539
2026-09-02 03:10:00+09:00,216.539,216.543,216.53,216.532
2026-09-02 03:15:00+09:00,216.532,216.552,216.519,216.55
2026-09-02 03:20:00+09:00,216.55,216.568,216.525,216.525
2026-09-02 03:25:00+09:00,216.525,216.531,216.494,216.495
2026-09-02 03:30:00+09:00,216.495,216.501,216.479,216.497
2026-09-02 03:35:00+09:00,216.497,216.503,216.449,216.452
2026-09-02 03:40:00+09:00,216.452,216.488,216.452,216.488
2026-09-02 03:45:00+09:00,216.488,216.523,216.488,216.521
2026-09-02 03:50:00+09:00,216.521,216.528,216.5,216.516
2026-09-02 03:55:00+09:00,216.516,216.516,216.485,216.503
2026-09-02 04:00:00+09:00,216.503,216.526,216.487,216.499
2026-09-02 04:05:00+09:00,216.499,216.52,216.483,216.512
2026-09-02 04:10:00+09:00,216.512,216.515,216.497,216.505
2026-09-02 04:15:00+09:00,216.506,216.511,216.495,216.507
2026-09-02 04:20:00+09:00,216.506,216.511,216.496,216.502
2026-09-02 04:25:00+09:00,216.502,216.533,216.5,216.524
2026-09-02 04:30:00+09:00,216.524,216.533,216.489,216.5
2026-09-02 04:35:00+09:00,216.5,216.503,216.491,216.495
2026-09-02 04:40:00+09:00,216.494,216.509,216.492,216.505
2026-09-02 04:45:00+09:00,216.505,216.53,216.495,216.513
2026-09-02 04:50:00+09:00,216.513,216.539,216.51,216.51
2026-09-02 04:55:00+09:00,216.51,216.522,216.495,216.502
2026-09-02 05:00:00+09:00,216.502,216.504,216.488,216.493
2026-09-02 05:05:00+09:00,216.493,216.505,216.484,216.485
2026-09-02 05:10:00+09:00,216.485,216.5,216.475,216.495
2026-09-02 05:15:00+09:00,216.495,216.496,216.472,216.474
2026-09-02 05:20:00+09:00,216.474,216.476,216.464,216.468
2026-09-02 05:25:00+09:00,216.468,216.479,216.462,216.463
2026-09-02 05:30:00+09:00,216.463,216.497,216.461,216.49
2026-09-02 05:35:00+09:00,216.49,216.5,216.472,216.488
2026-09-02 05:40:00+09:00,216.488,216.51,216.481,216.504
2026-09-02 05:45:00+09:00,216.504,216.602,216.504,216.585
2026-09-02 05:50:00+09:00,216.59,216.593,216.575,216.579
2026-09-02 05:55:00+09:00,216.58,216.603,216.549,216.566
2026-09-02 06:00:00+09:00,216.566,216.566,216.528,216.529
2026-09-02 06:05:00+09:00,216.529,216.568,216.529,216.554
2026-09-02 06:10:00+09:00,216.554,216.573,216.552,216.553
2026-09-02 06:15:00+09:00,216.553,216.564,216.527,216.538
2026-09-02 06:20:00+09:00,216.538,216.561,216.538,216.558
2026-09-02 06:25:00+09:00,216.558,216.596,216.558,216.575
2026-09-02 06:30:00+09:00,216.575,216.591,216.543,216.565
2026-09-02 06:35:00+09:00,216.565,216.571,216.548,216.551
2026-09-02 06:40:00+09:00,216.559,216.571,216.536,216.552
2026-09-02 06:45:00+09:00,216.552,216.554,216.512,216.531
2026-09-02 06:50:00+09:00,216.531,216.587,216.517,216.537
2026-09-02 06:55:00+09:00,216.537,216.582,216.52,216.571
2026-09-02 07:00:00+09:00,216.571,216.617,216.561,216.581
2026-09-02 07:05:00+09:00,216.581,216.602,216.578,216.585
2026-09-02 07:10:00+09:00,216.585,216.589,216.531,216.549
2026-09-02 07:15:00+09:00,216.549,216.554,216.541,216.553
2026-09-02 07:20:00+09:00,216.553,216.558,216.55,216.553
2026-09-02 07:25:00+09:00,216.553,216.556,216.53,216.538
2026-09-02 07:30:00+09:00,216.538,216.541,216.514,216.53
2026-09-02 07:35:00+09:00,216.53,216.539,216.53,216.534
2026-09-02 07:40:00+09:00,216.534,216.54,216.524,216.539
2026-09-02 07:45:00+09:00,216.539,216.561,216.536,216.56
2026-09-02 07:50:00+09:00,216.56,216.562,216.54,216.542
2026-09-02 07:55:00+09:00,216.542,216.557,216.541,216.556
2026-09-02 08:00:00+09:00,216.556,216.562,216.545,216.559
2026-09-02 08:05:00+09:00,216.559,216.573,216.556,216.565
2026-09-02 08:10:00+09:00,216.565,216.573,216.551,216.552
2026-09-02 08:15:00+09:00,216.552,216.556,216.549,216.549
2026-09-02 08:20:00+09:00,216.549,216.55,216.523,216.534
2026-09-02 08:25:00+09:00,216.534,216.541,216.525,216.53
2026-09-02 08:30:00+09:00,216.53,216.538,216.503,216.506
2026-09-02 08:35:00+09:00,216.506,216.51,216.488,216.494
2026-09-02 08:40:00+09:00,216.494,216.523,216.494,216.523
2026-09-02 08:45:00+09:00,216.523,216.543,216.52,216.527
2026-09-02 08:50:00+09:00,216.527,216.54,216.526,216.53
2026-09-02 08:55:00+09:00,216.525,216.544,216.509,216.509
2026-09-02 09:00:00+09:00,216.509,216.514,216.425,216.438
2026-09-02 09:05:00+09:00,216.438,216.455,216.427,216.449
2026-09-02 09:10:00+09:00,216.449,216.486,216.437,216.451
2026-09-02 09:15:00+09:00,216.451,216.479,216.444,216.454
2026-09-02 09:20:00+09:00,216.454,216.458,216.404,216.412
2026-09-02 09:25:00+09:00,216.413,216.428,216.4,216.421
2026-09-02 09:30:00+09:00,216.421,216.494,216.41,216.485
2026-09-02 09:35:00+09:00,216.485,216.516,216.484,216.484
2026-09-02 09:40:00+09:00,216.484,216.493,216.432,216.451
2026-09-02 09:45:00+09:00,216.451,216.471,216.434,216.437
2026-09-02 09:50:00+09:00,216.437,216.504,216.434,216.5
2026-09-02 09:55:00+09:00,216.499,216.523,216.488,216.508
2026-09-02 10:00:00+09:00,216.508,216.531,216.504,216.519
2026-09-02 10:05:00+09:00,216.519,216.531,216.5,216.503
2026-09-02 10:10:00+09:00,216.503,216.513,216.469,216.471
2026-09-02 10:15:00+09:00,216.471,216.515,216.462,216.507
2026-09-02 10:20:00+09:00,216.506,216.515,216.479,216.501
2026-09-02 10:25:00+09:00,216.501,216.534,216.5,216.509
2026-09-02 10:30:00+09:00,216.509,216.547,216.49,216.542
2026-09-02 10:35:00+09:00,216.542,216.547,216.515,216.53
2026-09-02 10:40:00+09:00,216.53,216.56,216.527,216.542
2026-09-02 10:45:00+09:00,216.542,216.595,216.541,216.578
2026-09-02 10:50:00+09:00,216.578,216.581,216.561,216.561
2026-09-02 10:55:00+09:00,216.561,216.586,216.557,216.586
2026-09-02 11:00:00+09:00,216.586,216.59,216.519,216.531
2026-09-02 11:05:00+09:00,216.53,216.548,216.511,216.538
2026-09-02 11:10:00+09:00,216.538,216.56,216.525,216.558
2026-09-02 11:15:00+09:00,216.558,216.581,216.552,216.574
2026-09-02 11:20:00+09:00,216.574,216.589,216.526,216.538
2026-09-02 11:25:00+09:00,216.538,216.548,216.518,216.521
2026-09-02 11:30:00+09:00,216.522,216.525,216.502,216.516
2026-09-02 11:35:00+09:00,216.516,216.519,216.484,216.491
2026-09-02 11:40:00+09:00,216.491,216.501,216.466,216.482
2026-09-02 11:45:00+09:00,216.482,216.507,216.478,216.482
2026-09-02 11:50:00+09:00,216.482,216.5,216.47,216.476
2026-09-02 11:55:00+09:00,216.476,216.485,216.457,216.472
2026-09-02 12:00:00+09:00,216.472,216.475,216.425,216.443
2026-09-02 12:05:00+09:00,216.443,216.449,216.428,216.441
2026-09-02 12:10:00+09:00,216.44,216.463,216.438,216.459
2026-09-02 12:15:00+09:00,216.459,216.466,216.444,216.446
2026-09-02 12:20:00+09:00,216.446,216.45,216.415,216.419
2026-09-02 12:25:00+09:00,216.42,216.438,216.405,216.407
2026-09-02 12:30:00+09:00,216.407,216.413,216.387,216.389
2026-09-02 12:35:00+09:00,216.389,216.392,216.368,216.378
2026-09-02 12:40:00+09:00,216.378,216.38,216.319,216.325
2026-09-02 12:45:00+09:00,216.325,216.341,216.317,216.338
2026-09-02 12:50:00+09:00,216.338,216.34,216.326,216.339
2026-09-02 12:55:00+09:00,216.34,216.355,216.33,216.335
2026-09-02 13:00:00+09:00,216.335,216.335,216.266,216.268
2026-09-02 13:05:00+09:00,216.268,216.27,216.23,216.257
2026-09-02 13:10:00+09:00,216.257,216.259,216.225,216.259
2026-09-02 13:15:00+09:00,216.259,216.306,216.243,216.29
2026-09-02 13:20:00+09:00,216.29,216.298,216.25,216.264
2026-09-02 13:25:00+09:00,216.264,216.265,216.227,216.256
2026-09-02 13:30:00+09:00,216.256,216.265,216.204,216.205
2026-09-02 13:35:00+09:00,216.205,216.235,216.205,216.224
2026-09-02 13:40:00+09:00,216.224,216.225,216.183,216.186
2026-09-02 13:45:00+09:00,216.186,216.207,216.089,216.124
2026-09-02 13:50:00+09:00,216.124,216.124,216.02,216.057
2026-09-02 13:55:00+09:00,216.057,216.104,216.038,216.101
2026-09-02 14:00:00+09:00,216.1,216.103,216.061,216.101
2026-09-02 14:05:00+09:00,216.101,216.104,216.054,216.056
2026-09-02 14:10:00+09:00,216.056,216.071,216.0,216.042
2026-09-02 14:15:00+09:00,216.042,216.097,215.963,216.072
2026-09-02 14:20:00+09:00,216.072,216.106,216.066,216.087
2026-09-02 14:25:00+09:00,216.087,216.094,216.011,216.012
2026-09-02 14:30:00+09:00,216.012,216.046,215.991,216.036
2026-09-02 14:35:00+09:00,216.036,216.047,215.988,216.014
2026-09-02 14:40:00+09:00,216.014,216.02,215.925,215.966
2026-09-02 14:45:00+09:00,215.966,215.967,215.861,215.866
2026-09-02 14:50:00+09:00,215.867,215.902,215.82,215.874
2026-09-02 14:55:00+09:00,215.874,215.877,215.813,215.813
2026-09-02 15:00:00+09:00,215.813,215.813,215.588,215.608
2026-09-02 15:05:00+09:00,215.608,215.608,215.392,215.404
2026-09-02 15:10:00+09:00,215.399,215.518,215.325,215.445
2026-09-02 15:15:00+09:00,215.444,215.625,215.436,215.625
2026-09-02 15:20:00+09:00,215.625,215.661,215.582,215.604
2026-09-02 15:25:00+09:00,215.603,215.628,215.503,215.571
2026-09-02 15:30:00+09:00,215.571,215.621,215.499,215.516
2026-09-02 15:35:00+09:00,215.516,215.585,215.497,215.534
2026-09-02 15:40:00+09:00,215.535,215.541,215.408,215.416
2026-09-02 15:45:00+09:00,215.416,215.466,215.386,215.425
2026-09-02 15:50:00+09:00,215.425,215.428,215.255,215.33
2026-09-02 15:55:00+09:00,215.33,215.442,215.309,215.344
2026-09-02 16:00:00+09:00,215.344,215.548,215.344,215.474
2026-09-02 16:05:00+09:00,215.473,215.512,215.449,215.493
2026-09-02 16:10:00+09:00,215.493,215.608,215.481,215.595
2026-09-02 16:15:00+09:00,215.595,215.753,215.56,215.717
2026-09-02 16:20:00+09:00,215.717,215.717,215.627,215.645
2026-09-02 16:25:00+09:00,215.645,215.649,215.579,215.611
2026-09-02 16:30:00+09:00,215.611,215.628,215.557,215.572
2026-09-02 16:35:00+09:00,215.572,215.702,215.571,215.678
2026-09-02 16:40:00+09:00,215.678,215.68,215.591,215.68
2026-09-02 16:45:00+09:00,215.68,215.748,215.655,215.721
2026-09-02 16:50:00+09:00,215.72,215.723,215.652,215.693
2026-09-02 16:55:00+09:00,215.693,215.778,215.677,215.765
2026-09-02 17:00:00+09:00,215.765,215.827,215.735,215.82
2026-09-02 17:05:00+09:00,215.82,215.842,215.783,215.786
2026-09-02 17:10:00+09:00,215.786,215.819,215.745,215.81
2026-09-02 17:15:00+09:00,215.811,215.869,215.809,215.848
2026-09-02 17:20:00+09:00,215.848,215.848,215.726,215.734
2026-09-02 17:25:00+09:00,215.733,215.744,215.693,215.717
2026-09-02 17:30:00+09:00,215.717,215.727,215.708,215.72
2026-09-02 17:35:00+09:00,215.721,215.822,215.714,215.806
2026-09-02 17:40:00+09:00,215.806,215.856,215.803,215.841
2026-09-02 17:45:00+09:00,215.84,215.869,215.812,215.851
2026-09-02 17:50:00+09:00,215.851,215.86,215.804,215.808
2026-09-02 17:55:00+09:00,215.809,215.852,215.802,215.822
2026-09-02 18:00:00+09:00,215.822,215.878,215.817,215.863
2026-09-02 18:05:00+09:00,215.863,215.897,215.823,215.843
2026-09-02 18:10:00+09:00,215.842,215.855,215.762,215.767
2026-09-02 18:15:00+09:00,215.767,215.775,215.731,215.757
2026-09-02 18:20:00+09:00,215.758,215.773,215.727,215.749
2026-09-02 18:25:00+09:00,215.749,215.823,215.748,215.793
2026-09-02 18:30:00+09:00,215.793,215.794,215.722,215.727
2026-09-02 18:35:00+09:00,215.727,215.732,215.68,215.692
2026-09-02 18:40:00+09:00,215.692,215.728,215.672,215.716
2026-09-02 18:45:00+09:00,215.716,215.717,215.685,215.706
2026-09-02 18:50:00+09:00,215.706,215.726,215.62,215.628
2026-09-02 18:55:00+09:00,215.628,215.639,215.577,215.6
2026-09-02 19:00:00+09:00,215.6,215.618,215.547,215.566
2026-09-02 19:05:00+09:00,215.567,215.609,215.566,215.603
2026-09-02 19:10:00+09:00,215.603,215.607,215.556,215.567
2026-09-02 19:15:00+09:00,215.567,215.567,215.519,215.534
2026-09-02 19:20:00+09:00,215.534,215.568,215.522,215.536
2026-09-02 19:25:00+09:00,215.536,215.58,215.535,215.577
2026-09-02 19:30:00+09:00,215.577,215.6,215.545,215.573
2026-09-02 19:35:00+09:00,215.573,215.574,215.526,215.538
2026-09-02 19:40:00+09:00,215.538,215.569,215.525,215.526
2026-09-02 19:45:00+09:00,215.526,215.552,215.51,215.551
2026-09-02 19:50:00+09:00,215.551,215.569,215.518,215.565
2026-09-02 19:55:00+09:00,215.565,215.612,215.54,215.609
2026-09-02 20:00:00+09:00,215.61,215.627,215.592,215.617
2026-09-02 20:05:00+09:00,215.617,215.647,215.607,215.62
2026-09-02 20:10:00+09:00,215.623,215.623,215.527,215.573
2026-09-02 20:15:00+09:00,215.573,215.576,215.495,215.514
2026-09-02 20:20:00+09:00,215.514,215.551,215.497,215.5
2026-09-02 20:25:00+09:00,215.5,215.5,215.409,215.417
2026-09-02 20:30:00+09:00,215.417,215.417,215.315,215.341
2026-09-02 20:35:00+09:00,215.34,215.34,215.246,215.292
2026-09-02 20:40:00+09:00,215.292,215.423,215.287,215.402
2026-09-02 20:45:00+09:00,215.4,215.446,215.397,215.429
2026-09-02 20:50:00+09:00,215.429,215.435,215.365,215.367
2026-09-02 20:55:00+09:00,215.367,215.38,215.252,215.266
2026-09-02 21:00:00+09:00,215.266,215.272,215.209,215.225
2026-09-02 21:05:00+09:00,215.225,215.247,215.178,215.181
2026-09-02 21:10:00+09:00,215.18,215.243,215.152,215.232
2026-09-02 21:15:00+09:00,215.233,215.236,215.162,215.167
2026-09-02 21:20:00+09:00,215.167,215.222,215.116,215.185
2026-09-02 21:25:00+09:00,215.185,215.278,215.18,215.195
2026-09-02 21:30:00+09:00,215.195,215.28,215.182,215.254
2026-09-02 21:35:00+09:00,215.254,215.255,215.214,215.229
2026-09-02 21:40:00+09:00,215.229,215.265,215.18,215.213
2026-09-02 21:45:00+09:00,215.213,215.277,215.199,215.215
2026-09-02 21:50:00+09:00,215.215,215.251,215.151,215.154
2026-09-02 21:55:00+09:00,215.154,215.162,215.056,215.057
2026-09-02 22:00:00+09:00,215.056,215.129,215.027,215.107
2026-09-02 22:05:00+09:00,215.108,215.133,215.069,215.087
2026-09-02 22:10:00+09:00,215.088,215.155,215.045,215.154
2026-09-02 22:15:00+09:00,215.152,215.217,215.141,215.143
2026-09-02 22:20:00+09:00,215.141,215.145,215.112,215.116
2026-09-02 22:25:00+09:00,215.025,215.035,213.77,214.434
2026-09-02 22:30:00+09:00,214.434,214.653,214.285,214.591
2026-09-02 22:35:00+09:00,214.59,214.613,214.141,214.271
2026-09-02 22:40:00+09:00,214.273,214.433,214.141,214.218
2026-09-02 22:45:00+09:00,214.218,214.413,214.218,214.27
2026-09-02 22:50:00+09:00,214.267,214.337,214.148,214.261
2026-09-02 22:55:00+09:00,214.261,214.333,214.106,214.286
2026-09-02 23:00:00+09:00,214.283,214.55,214.254,214.269
2026-09-02 23:05:00+09:00,214.269,214.335,214.237,214.319
2026-09-02 23:10:00+09:00,214.319,214.331,214.202,214.29
2026-09-02 23:15:00+09:00,214.289,214.395,214.259,214.359
2026-09-02 23:20:00+09:00,214.358,214.358,214.264,214.335
2026-09-02 23:25:00+09:00,214.335,214.347,214.254,214.319
2026-09-02 23:30:00+09:00,214.319,214.426,214.311,214.357
2026-09-02 23:35:00+09:00,214.357,214.39,214.298,214.343
2026-09-02 23:40:00+09:00,214.343,214.39,214.107,214.379
2026-09-02 23:45:00+09:00,214.38,214.381,214.311,214.369
2026-09-02 23:50:00+09:00,214.369,214.503,214.334,214.346
2026-09-02 23:55:00+09:00,214.346,214.399,214.231,214.394
2026-09-03 00:00:00+09:00,214.394,214.46,214.346,214.429
2026-09-03 00:05:00+09:00,214.429,214.443,214.355,214.367
2026-09-03 00:10:00+09:00,214.366,214.382,214.292,214.297
2026-09-03 00:15:00+09:00,214.297,214.312,214.238,214.266
2026-09-03 00:20:00+09:00,214.265,214.281,214.188,214.266
2026-09-03 00:25:00+09:00,214.266,214.298,214.239,214.283
2026-09-03 00:30:00+09:00,214.282,214.283,214.235,214.253
2026-09-03 00:35:00+09:00,214.253,214.277,214.203,214.224
2026-09-03 00:40:00+09:00,214.225,214.328,214.225,214.315
2026-09-03 00:45:00+09:00,214.315,214.355,214.281,214.318
2026-09-03 00:50:00+09:00,214.318,214.35,214.313,214.329
2026-09-03 00:55:00+09:00,214.329,214.404,214.314,214.404
2026-09-03 01:00:00+09:00,214.404,214.467,214.396,214.448
2026-09-03 01:05:00+09:00,214.447,214.46,214.414,214.452
2026-09-03 01:10:00+09:00,214.452,214.46,214.407,214.449
2026-09-03 01:15:00+09:00,214.449,214.469,214.429,214.434
2026-09-03 01:20:00+09:00,214.434,214.479,214.398,214.455
2026-09-03 01:25:00+09:00,214.455,214.466,214.421,214.424
2026-09-03 01:30:00+09:00,214.424,214.439,214.354,214.362
2026-09-03 01:35:00+09:00,214.362,214.401,214.358,214.382
2026-09-03 01:40:00+09:00,214.382,214.416,214.376,214.404
2026-09-03 01:45:00+09:00,214.404,214.409,214.372,214.375
2026-09-03 01:50:00+09:00,214.375,214.387,214.343,214.376
2026-09-03 01:55:00+09:00,214.376,214.398,214.345,214.36
2026-09-03 02:00:00+09:00,214.361,214.413,214.334,214.387
2026-09-03 02:05:00+09:00,214.387,214.401,214.374,214.375
2026-09-03 02:10:00+09:00,214.376,214.376,214.353,214.355
2026-09-03 02:15:00+09:00,214.355,214.408,214.344,214.348
2026-09-03 02:20:00+09:00,214.348,214.37,214.33,214.354
2026-09-03 02:25:00+09:00,214.354,214.419,214.353,214.408
2026-09-03 02:30:00+09:00,214.408,214.415,214.355,214.392
2026-09-03 02:35:00+09:00,214.392,214.394,214.356,214.365
2026-09-03 02:40:00+09:00,214.366,214.367,214.353,214.363
2026-09-03 02:45:00+09:00,214.373,214.377,214.243,214.255
2026-09-03 02:50:00+09:00,214.255,214.307,214.234,214.297
2026-09-03 02:55:00+09:00,214.296,214.32,214.288,214.295
2026-09-03 03:00:00+09:00,214.295,214.297,214.266,214.27
2026-09-03 03:05:00+09:00,214.27,214.328,214.266,214.313
2026-09-03 03:10:00+09:00,214.313,214.366,214.308,214.361
2026-09-03 03:15:00+09:00,214.362,214.391,214.296,214.356
2026-09-03 03:20:00+09:00,214.356,214.373,214.332,214.353
2026-09-03 03:25:00+09:00,214.353,214.363,214.343,214.359
2026-09-03 03:30:00+09:00,214.359,214.368,214.322,214.341
2026-09-03 03:35:00+09:00,214.341,214.355,214.333,214.353
2026-09-03 03:40:00+09:00,214.353,214.403,214.349,214.403
2026-09-03 03:45:00+09:00,214.403,214.415,214.387,214.406
2026-09-03 03:50:00+09:00,214.406,214.407,214.359,214.359
2026-09-03 03:55:00+09:00,214.359,214.371,214.325,214.357
2026-09-03 04:00:00+09:00,214.357,214.368,214.326,214.347
2026-09-03 04:05:00+09:00,214.347,214.372,214.343,214.368
2026-09-03 04:10:00+09:00,214.368,214.425,214.366,214.382
2026-09-03 04:15:00+09:00,214.382,214.386,214.359,214.363
2026-09-03 04:20:00+09:00,214.363,214.363,214.336,214.352
2026-09-03 04:25:00+09:00,214.352,214.355,214.314,214.317
2026-09-03 04:30:00+09:00,214.317,214.352,214.28,214.282
2026-09-03 04:35:00+09:00,214.282,214.302,214.272,214.273
2026-09-03 04:40:00+09:00,214.273,214.29,214.272,214.285
2026-09-03 04:45:00+09:00,214.284,214.294,214.251,214.252
2026-09-03 04:50:00+09:00,214.252,214.271,214.215,214.215
2026-09-03 04:55:00+09:00,214.215,214.219,214.142,214.157
2026-09-03 05:00:00+09:00,214.157,214.183,214.067,214.092
2026-09-03 05:05:00+09:00,214.092,214.117,214.061,214.08
2026-09-03 05:10:00+09:00,214.08,214.082,213.969,214.005
2026-09-03 05:15:00+09:00,214.005,214.041,214.003,214.03
2026-09-03 05:20:00+09:00,214.03,214.09,214.028,214.085
2026-09-03 05:25:00+09:00,214.085,214.101,214.052,214.053
2026-09-03 05:30:00+09:00,214.053,214.095,214.045,214.095
2026-09-03 05:35:00+09:00,214.095,214.1,214.06,214.083
2026-09-03 05:40:00+09:00,214.08,214.083,214.048,214.066
2026-09-03 05:45:00+09:00,214.066,214.192,214.063,214.172
2026-09-03 05:50:00+09:00,214.172,214.176,214.142,214.155
2026-09-03 05:55:00+09:00,214.155,214.158,214.083,214.119
2026-09-03 06:00:00+09:00,214.119,214.129,214.086,214.098
2026-09-03 06:05:00+09:00,214.098,214.123,214.094,214.117
2026-09-03 06:10:00+09:00,214.117,214.144,214.112,214.127
2026-09-03 06:15:00+09:00,214.127,214.135,214.093,214.107
2026-09-03 06:20:00+09:00,214.107,214.116,214.107,214.113
2026-09-03 06:25:00+09:00,214.113,214.116,214.044,214.044
2026-09-03 06:30:00+09:00,214.044,214.158,214.03,214.133
2026-09-03 06:35:00+09:00,214.133,214.133,214.087,214.091
2026-09-03 06:40:00+09:00,214.091,214.111,214.082,214.098
2026-09-03 06:45:00+09:00,214.098,214.11,214.067,214.067
2026-09-03 06:50:00+09:00,214.067,214.077,214.043,214.054
2026-09-03 06:55:00+09:00,214.053,214.127,214.047,214.069
2026-09-03 07:00:00+09:00,214.069,214.087,214.054,214.087
2026-09-03 07:05:00+09:00,214.087,214.091,214.071,214.086
2026-09-03 07:10:00+09:00,214.086,214.087,214.028,214.042
2026-09-03 07:15:00+09:00,214.042,214.108,214.041,214.094
2026-09-03 07:20:00+09:00,214.094,214.096,214.063,214.065
2026-09-03 07:25:00+09:00,214.065,214.093,214.062,214.079
2026-09-03 07:30:00+09:00,214.079,214.107,214.078,214.102
2026-09-03 07:35:00+09:00,214.102,214.126,214.102,214.124
2026-09-03 07:40:00+09:00,214.124,214.125,214.1,214.115
2026-09-03 07:45:00+09:00,214.115,214.189,214.111,214.169
2026-09-03 07:50:00+09:00,214.168,214.168,214.1,214.123
2026-09-03 07:55:00+09:00,214.123,214.133,214.109,214.116
2026-09-03 08:00:00+09:00,214.116,214.168,214.104,214.158
2026-09-03 08:05:00+09:00,214.146,214.185,214.146,214.181
2026-09-03 08:10:00+09:00,214.181,214.199,214.175,214.19
2026-09-03 08:15:00+09:00,214.191,214.192,214.145,214.15
2026-09-03 08:20:00+09:00,214.15,214.164,214.14,214.144
2026-09-03 08:25:00+09:00,214.144,214.15,214.115,214.145
2026-09-03 08:30:00+09:00,214.145,214.178,214.144,214.177
2026-09-03 08:35:00+09:00,214.177,214.202,214.166,214.199
2026-09-03 08:40:00+09:00,214.199,214.224,214.192,214.223
2026-09-03 08:45:00+09:00,214.223,214.265,214.219,214.246
2026-09-03 08:50:00+09:00,214.246,214.259,214.218,214.259
2026-09-03 08:55:00+09:00,214.259,214.312,214.259,214.264
2026-09-03 09:00:00+09:00,214.264,214.269,214.151,214.189
2026-09-03 09:05:00+09:00,214.189,214.246,214.186,214.225
2026-09-03 09:10:00+09:00,214.225,214.313,214.195,214.303
2026-09-03 09:15:00+09:00,214.302,214.328,214.291,214.326
2026-09-03 09:20:00+09:00,214.326,214.331,214.191,214.2
2026-09-03 09:25:00+09:00,214.2,214.237,214.176,214.19
2026-09-03 09:30:00+09:00,214.19,214.2,214.094,214.094
2026-09-03 09:35:00+09:00,214.094,214.118,213.988,213.992
2026-09-03 09:40:00+09:00,213.993,214.069,213.955,214.007
2026-09-03 09:45:00+09:00,214.007,214.03,213.897,213.921
2026-09-03 09:50:00+09:00,213.922,213.994,213.884,213.969
2026-09-03 09:55:00+09:00,213.969,214.081,213.958,214.074
2026-09-03 10:00:00+09:00,214.075,214.09,213.987,213.993
2026-09-03 10:05:00+09:00,213.997,214.02,213.946,213.985
2026-09-03 10:10:00+09:00,213.985,214.015,213.92,213.92
2026-09-03 10:15:00+09:00,213.919,213.947,213.811,213.844
2026-09-03 10:20:00+09:00,213.844,213.922,213.827,213.88
2026-09-03 10:25:00+09:00,213.88,213.886,213.702,213.702
2026-09-03 10:30:00+09:00,213.702,213.702,213.537,213.639
2026-09-03 10:35:00+09:00,213.639,213.64,213.479,213.505
2026-09-03 10:40:00+09:00,213.505,213.627,213.454,213.595
2026-09-03 10:45:00+09:00,213.595,213.666,213.581,213.662
2026-09-03 10:50:00+09:00,213.662,213.677,213.635,213.648
2026-09-03 10:55:00+09:00,213.648,213.716,213.636,213.701
2026-09-03 11:00:00+09:00,213.701,213.726,213.596,213.641
2026-09-03 11:05:00+09:00,213.64,213.64,213.533,213.555
2026-09-03 11:10:00+09:00,213.555,213.597,213.454,213.462
2026-09-03 11:15:00+09:00,213.462,213.503,213.422,213.426
2026-09-03 11:20:00+09:00,213.425,213.432,213.256,213.288
2026-09-03 11:25:00+09:00,213.289,213.305,213.184,213.213
2026-09-03 11:30:00+09:00,213.213,213.235,213.176,213.221
2026-09-03 11:35:00+09:00,213.221,213.289,213.121,213.158
2026-09-03 11:40:00+09:00,213.158,213.268,213.114,213.264
2026-09-03 11:45:00+09:00,213.264,213.315,213.101,213.131
2026-09-03 11:50:00+09:00,213.131,213.188,213.042,213.166
2026-09-03 11:55:00+09:00,213.166,213.237,213.129,213.172
2026-09-03 12:00:00+09:00,213.172,213.182,213.023,213.032
2026-09-03 12:05:00+09:00,213.032,213.052,212.878,212.893
2026-09-03 12:10:00+09:00,212.893,212.942,212.766,212.87
2026-09-03 12:15:00+09:00,212.87,212.979,212.844,212.899
2026-09-03 12:20:00+09:00,212.899,212.951,212.804,212.948
2026-09-03 12:25:00+09:00,212.949,212.993,212.879,212.941
2026-09-03 12:30:00+09:00,212.942,212.991,212.908,212.956
2026-09-03 12:35:00+09:00,212.956,213.095,212.944,213.038
2026-09-03 12:40:00+09:00,213.038,213.073,212.997,213.015
2026-09-03 12:45:00+09:00,213.015,213.022,212.907,212.944
2026-09-03 12:50:00+09:00,212.944,212.95,212.872,212.9
2026-09-03 12:55:00+09:00,212.9,212.948,212.896,212.917
2026-09-03 13:00:00+09:00,212.916,213.002,212.906,213.0
2026-09-03 13:05:00+09:00,213.0,213.029,212.95,212.984
2026-09-03 13:10:00+09:00,212.984,212.987,212.891,212.912
2026-09-03 13:15:00+09:00,212.912,212.955,212.874,212.94
2026-09-03 13:20:00+09:00,212.94,212.941,212.843,212.858
2026-09-03 13:25:00+09:00,212.858,212.899,212.842,212.844
2026-09-03 13:30:00+09:00,212.844,212.861,212.669,212.787
2026-09-03 13:35:00+09:00,212.788,212.828,212.688,212.71
2026-09-03 13:40:00+09:00,212.709,212.781,212.672,212.769
2026-09-03 13:45:00+09:00,212.769,212.812,212.721,212.793
2026-09-03 13:50:00+09:00,212.793,212.805,212.769,212.797
2026-09-03 13:55:00+09:00,212.797,212.865,212.774,212.774
2026-09-03 14:00:00+09:00,212.774,212.813,212.768,212.797
2026-09-03 14:05:00+09:00,212.798,212.835,212.783,212.833
2026-09-03 14:10:00+09:00,212.833,212.886,212.828,212.834
2026-09-03 14:15:00+09:00,212.834,212.837,212.761,212.765
2026-09-03 14:20:00+09:00,212.765,212.828,212.695,212.731
2026-09-03 14:25:00+09:00,212.731,212.752,212.644,212.694
2026-09-03 14:30:00+09:00,212.694,212.793,212.677,212.778
2026-09-03 14:35:00+09:00,212.778,212.779,212.671,212.71
2026-09-03 14:40:00+09:00,212.619,212.701,212.612,212.698
2026-09-03 14:45:00+09:00,212.698,212.699,212.56,212.562
2026-09-03 14:50:00+09:00,212.562,212.606,212.445,212.446
2026-09-03 14:55:00+09:00,212.447,212.457,212.321,212.324
2026-09-03 15:00:00+09:00,212.324,212.355,212.168,212.221
2026-09-03 15:05:00+09:00,212.22,212.309,212.167,212.249
2026-09-03 15:10:00+09:00,212.248,212.263,212.161,212.162
2026-09-03 15:15:00+09:00,212.162,212.166,212.055,212.152
2026-09-03 15:20:00+09:00,212.151,212.214,212.091,212.142
2026-09-03 15:25:00+09:00,212.142,212.159,212.056,212.06
2026-09-03 15:30:00+09:00,212.059,212.175,212.041,212.156
2026-09-03 15:35:00+09:00,212.156,212.228,212.141,212.181
2026-09-03 15:40:00+09:00,212.181,212.183,212.037,212.05
2026-09-03 15:45:00+09:00,212.049,212.099,211.942,211.965
2026-09-03 15:50:00+09:00,211.966,212.051,211.92,211.923
2026-09-03 15:55:00+09:00,211.923,212.011,211.912,212.003
2026-09-03 16:00:00+09:00,212.003,212.003,211.507,211.541
2026-09-03 16:05:00+09:00,211.541,211.594,211.14,211.202
2026-09-03 16:10:00+09:00,211.202,211.587,211.128,211.561
2026-09-03 16:15:00+09:00,211.561,211.563,211.408,211.492
2026-09-03 16:20:00+09:00,211.492,211.528,211.354,211.37
2026-09-03 16:25:00+09:00,211.372,211.583,211.366,211.575
2026-09-03 16:30:00+09:00,211.575,211.643,211.542,211.58
2026-09-03 16:35:00+09:00,211.58,212.378,211.435,212.056
2026-09-03 16:40:00+09:00,212.055,212.182,212.053,212.108
2026-09-03 16:45:00+09:00,212.108,212.327,212.042,212.277
2026-09-03 16:50:00+09:00,212.277,212.31,212.145,212.216
2026-09-03 16:55:00+09:00,212.217,212.217,212.049,212.069
2026-09-03 17:00:00+09:00,212.069,212.161,212.0,212.0
2026-09-03 17:05:00+09:00,212.001,212.008,211.809,211.874
2026-09-03 17:10:00+09:00,211.874,211.919,211.797,211.903
2026-09-03 17:15:00+09:00,211.903,212.062,211.897,212.021
2026-09-03 17:20:00+09:00,212.021,212.024,211.935,211.954
2026-09-03 17:25:00+09:00,211.955,211.966,211.825,211.834
2026-09-03 17:30:00+09:00,211.834,211.942,211.803,211.882
2026-09-03 17:35:00+09:00,211.882,211.904,211.792,211.793
2026-09-03 17:40:00+09:00,211.793,211.796,211.636,211.637
2026-09-03 17:45:00+09:00,211.637,211.651,211.422,211.481
2026-09-03 17:50:00+09:00,211.481,211.494,211.388,211.392
2026-09-03 17:55:00+09:00,211.392,211.595,211.384,211.553
2026-09-03 18:00:00+09:00,211.552,211.779,211.453,211.654
2026-09-03 18:05:00+09:00,211.654,211.68,211.476,211.531
2026-09-03 18:10:00+09:00,211.531,211.539,211.337,211.41
2026-09-03 18:15:00+09:00,211.409,211.42,211.145,211.185
2026-09-03 18:20:00+09:00,211.185,211.347,211.185,211.233
2026-09-03 18:25:00+09:00,211.233,211.309,211.199,211.199
2026-09-03 18:30:00+09:00,211.199,211.274,211.141,211.141
2026-09-03 18:35:00+09:00,211.141,211.187,211.03,211.032
2026-09-03 18:40:00+09:00,211.032,211.062,210.947,210.99
2026-09-03 18:45:00+09:00,210.995,211.007,210.825,210.848
2026-09-03 18:50:00+09:00,210.848,211.042,210.848,211.026
2026-09-03 18:55:00+09:00,211.026,211.145,211.026,211.133
2026-09-03 19:00:00+09:00,211.133,211.133,210.905,210.908
2026-09-03 19:05:00+09:00,210.908,210.999,210.822,210.99
2026-09-03 19:10:00+09:00,210.99,211.041,210.927,210.999
2026-09-03 19:15:00+09:00,210.999,211.007,210.921,210.995
2026-09-03 19:20:00+09:00,210.995,211.119,210.973,211.107
2026-09-03 19:25:00+09:00,211.107,211.109,210.802,210.847
2026-09-03 19:30:00+09:00,210.847,210.988,210.838,210.983
2026-09-03 19:35:00+09:00,210.983,211.06,210.848,210.871
2026-09-03 19:40:00+09:00,210.871,211.013,210.867,210.973
2026-09-03 19:45:00+09:00,210.973,211.002,210.891,210.928
2026-09-03 19:50:00+09:00,210.928,210.928,210.928,210.928
2026-09-03 19:55:00+09:00,210.886,210.965,210.867,210.947
2026-09-03 20:00:00+09:00,210.948,210.986,210.852,210.861
2026-09-03 20:05:00+09:00,210.861,210.94,210.705,210.744
2026-09-03 20:10:00+09:00,210.744,210.747,210.578,210.614
2026-09-03 20:15:00+09:00,210.614,210.714,210.37,210.433
2026-09-03 20:20:00+09:00,210.432,210.541,210.395,210.529
2026-09-03 20:25:00+09:00,210.529,210.629,210.506,210.629
2026-09-03 20:30:00+09:00,210.628,210.736,210.599,210.601
2026-09-03 20:35:00+09:00,210.601,210.702,210.578,210.702
2026-09-03 20:40:00+09:00,210.701,210.776,210.696,210.722
2026-09-03 20:45:00+09:00,210.723,210.772,210.669,210.669
2026-09-03 20:50:00+09:00,210.669,210.775,210.665,210.691
2026-09-03 20:55:00+09:00,210.691,210.691,210.623,210.648
2026-09-03 21:00:00+09:00,210.648,210.72,210.513,210.572
2026-09-03 21:05:00+09:00,210.572,210.603,210.513,210.583
2026-09-03 21:10:00+09:00,210.583,210.603,210.445,210.468
2026-09-03 21:15:00+09:00,210.468,210.49,210.281,210.3
2026-09-03 21:20:00+09:00,210.3,210.307,210.105,210.177
2026-09-03 21:25:00+09:00,210.177,210.315,210.167,210.214
2026-09-03 21:30:00+09:00,210.213,210.274,210.073,210.238
2026-09-03 21:35:00+09:00,210.239,210.429,210.198,210.205
2026-09-03 21:40:00+09:00,210.201,210.314,210.128,210.135
2026-09-03 21:45:00+09:00,210.135,210.232,210.097,210.232
2026-09-03 21:50:00+09:00,210.233,210.29,210.078,210.167
2026-09-03 21:55:00+09:00,210.166,210.318,210.144,210.3
2026-09-03 22:00:00+09:00,210.299,210.423,210.285,210.401
2026-09-03 22:05:00+09:00,210.4,210.441,210.27,210.342
2026-09-03 22:10:00+09:00,210.345,210.452,210.345,210.373
2026-09-03 22:15:00+09:00,210.373,210.382,210.096,210.244
2026-09-03 22:20:00+09:00,210.244,210.348,210.197,210.262
2026-09-03 22:25:00+09:00,210.27,210.335,210.212,210.231
2026-09-03 22:30:00+09:00,210.232,210.285,210.149,210.211
2026-09-03 22:35:00+09:00,210.211,210.274,210.175,210.185
2026-09-03 22:40:00+09:00,210.184,210.334,210.182,210.263
2026-09-03 22:45:00+09:00,210.263,210.281,210.175,210.226
2026-09-03 22:50:00+09:00,210.226,210.25,210.059,210.107
2026-09-03 22:55:00+09:00,210.107,210.175,210.04,210.052
2026-09-03 23:00:00+09:00,210.052,210.161,210.046,210.112
2026-09-03 23:05:00+09:00,210.112,210.149,210.031,210.104
2026-09-03 23:10:00+09:00,210.104,210.105,209.975,210.028
2026-09-03 23:15:00+09:00,210.028,210.081,209.976,210.08
2026-09-03 23:20:00+09:00,210.08,210.192,210.007,210.037
2026-09-03 23:25:00+09:00,210.036,210.161,210.036,210.154
2026-09-03 23:30:00+09:00,210.154,210.215,210.073,210.205
2026-09-03 23:35:00+09:00,210.205,210.332,210.15,210.29
2026-09-03 23:40:00+09:00,210.288,210.331,210.242,210.265
2026-09-03 23:45:00+09:00,210.265,210.268,210.146,210.159
2026-09-03 23:50:00+09:00,210.159,210.256,210.146,210.178
2026-09-03 23:55:00+09:00,210.204,210.236,210.05,210.101
2026-09-04 00:00:00+09:00,210.102,210.283,210.085,210.279
2026-09-04 00:05:00+09:00,210.278,210.651,210.278,210.545
2026-09-04 00:10:00+09:00,210.545,210.687,210.543,210.637
2026-09-04 00:15:00+09:00,210.637,210.697,210.543,210.664
2026-09-04 00:20:00+09:00,210.665,210.838,210.64,210.665
2026-09-04 00:25:00+09:00,210.665,210.711,210.597,210.631
2026-09-04 00:30:00+09:00,210.631,210.642,210.424,210.441
2026-09-04 00:35:00+09:00,210.441,210.511,210.435,210.445
2026-09-04 00:40:00+09:00,210.445,210.473,210.342,210.346
2026-09-04 00:45:00+09:00,210.346,210.393,210.303,210.335
2026-09-04 00:50:00+09:00,210.335,210.392,210.28,210.321
2026-09-04 00:55:00+09:00,210.321,210.352,210.27,210.288
2026-09-04 01:00:00+09:00,210.288,210.352,210.249,210.297
2026-09-04 01:05:00+09:00,210.297,210.362,210.289,210.339
2026-09-04 01:10:00+09:00,210.34,210.368,210.31,210.332
2026-09-04 01:15:00+09:00,210.332,210.428,210.326,210.411
2026-09-04 01:20:00+09:00,210.411,210.431,210.38,210.38
2026-09-04 01:25:00+09:00,210.38,210.501,210.38,210.487
2026-09-04 01:30:00+09:00,210.487,210.487,210.383,210.399
2026-09-04 01:35:00+09:00,210.4,210.44,210.379,210.417
2026-09-04 01:40:00+09:00,210.417,210.426,210.348,210.392
2026-09-04 01:45:00+09:00,210.392,210.421,210.383,210.414
2026-09-04 01:50:00+09:00,210.414,210.474,210.391,210.437
2026-09-04 01:55:00+09:00,210.437,210.44,210.398,210.426
2026-09-04 02:00:00+09:00,210.426,210.528,210.401,210.527
2026-09-04 02:05:00+09:00,210.526,210.563,210.453,210.525
2026-09-04 02:10:00+09:00,210.525,210.565,210.498,210.499
2026-09-04 02:15:00+09:00,210.499,210.524,210.463,210.504
2026-09-04 02:20:00+09:00,210.504,210.579,210.49,210.565
2026-09-04 02:25:00+09:00,210.565,210.591,210.513,210.515
2026-09-04 02:30:00+09:00,210.515,210.534,210.485,210.531
2026-09-04 02:35:00+09:00,210.531,210.564,210.498,210.509
2026-09-04 02:40:00+09:00,210.509,210.514,210.485,210.494
2026-09-04 02:45:00+09:00,210.494,210.5,210.474,210.492
2026-09-04 02:50:00+09:00,210.492,210.506,210.473,210.501
2026-09-04 02:55:00+09:00,210.501,210.53,210.485,210.494
2026-09-04 03:00:00+09:00,210.494,210.509,210.434,210.434
2026-09-04 03:05:00+09:00,210.434,210.458,210.419,210.456
2026-09-04 03:10:00+09:00,210.456,210.507,210.453,210.501
2026-09-04 03:15:00+09:00,210.501,210.509,210.469,210.478
2026-09-04 03:20:00+09:00,210.478,210.494,210.458,210.48
2026-09-04 03:25:00+09:00,210.521,210.549,210.478,210.479
2026-09-04 03:30:00+09:00,210.479,210.583,210.476,210.567
2026-09-04 03:35:00+09:00,210.567,210.597,210.535,210.552
2026-09-04 03:40:00+09:00,210.552,210.593,210.55,210.581
2026-09-04 03:45:00+09:00,210.58,210.626,210.536,210.626
2026-09-04 03:50:00+09:00,210.626,210.641,210.575,210.595
2026-09-04 03:55:00+09:00,210.595,210.61,210.522,210.526
2026-09-04 04:00:00+09:00,210.526,210.65,210.519,210.629
2026-09-04 04:05:00+09:00,210.629,210.675,210.625,210.673
2026-09-04 04:10:00+09:00,210.673,210.74,210.669,210.709
2026-09-04 04:15:00+09:00,210.709,210.723,210.631,210.648
2026-09-04 04:20:00+09:00,210.648,210.649,210.602,210.603
2026-09-04 04:25:00+09:00,210.603,210.681,210.595,210.68
2026-09-04 04:30:00+09:00,210.681,210.736,210.62,210.721
2026-09-04 04:35:00+09:00,210.727,210.763,210.698,210.698
2026-09-04 04:40:00+09:00,210.698,210.722,210.647,210.699
2026-09-04 04:45:00+09:00,210.699,210.718,210.685,210.687
2026-09-04 04:50:00+09:00,210.688,210.692,210.639,210.675
2026-09-04 04:55:00+09:00,210.675,210.676,210.61,210.671
2026-09-04 05:00:00+09:00,210.671,210.719,210.661,210.713
2026-09-04 05:05:00+09:00,210.713,210.732,210.69,210.706
2026-09-04 05:10:00+09:00,210.706,210.728,210.693,210.724
2026-09-04 05:15:00+09:00,210.724,210.733,210.7,210.705
2026-09-04 05:20:00+09:00,210.705,210.706,210.68,210.682
2026-09-04 05:25:00+09:00,210.682,210.701,210.669,210.701
2026-09-04 05:30:00+09:00,210.701,210.712,210.676,210.692
2026-09-04 05:35:00+09:00,210.692,210.728,210.681,210.727
2026-09-04 05:40:00+09:00,210.727,210.754,210.718,210.749
2026-09-04 05:45:00+09:00,210.749,210.819,210.746,210.802
2026-09-04 05:50:00+09:00,210.802,210.809,210.796,210.803
2026-09-04 05:55:00+09:00,210.803,210.816,210.776,210.808
2026-09-04 06:00:00+09:00,210.811,210.864,210.81,210.86
2026-09-04 06:05:00+09:00,210.86,210.885,210.833,210.875
2026-09-04 06:10:00+09:00,210.875,210.914,210.875,210.902
2026-09-04 06:15:00+09:00,210.902,210.914,210.891,210.911
2026-09-04 06:20:00+09:00,210.911,210.911,210.893,210.9
2026-09-04 06:25:00+09:00,210.9,210.979,210.895,210.971
2026-09-04 06:30:00+09:00,210.971,210.977,210.888,210.924
2026-09-04 06:35:00+09:00,210.92,210.932,210.92,210.925
2026-09-04 06:40:00+09:00,210.928,210.943,210.927,210.936
2026-09-04 06:45:00+09:00,210.936,210.954,210.906,210.906
2026-09-04 06:50:00+09:00,210.906,210.936,210.906,210.92
2026-09-04 06:55:00+09:00,210.92,210.942,210.885,210.908
2026-09-04 07:00:00+09:00,210.911,210.92,210.836,210.866
2026-09-04 07:05:00+09:00,210.866,210.878,210.86,210.862
2026-09-04 07:10:00+09:00,210.862,210.862,210.793,210.793
2026-09-04 07:15:00+09:00,210.793,210.813,210.792,210.807
2026-09-04 07:20:00+09:00,210.807,210.828,210.803,210.823
2026-09-04 07:25:00+09:00,210.823,210.843,210.823,210.83
2026-09-04 07:30:00+09:00,210.83,210.892,210.828,210.883
2026-09-04 07:35:00+09:00,210.883,210.964,210.883,210.91
2026-09-04 07:40:00+09:00,210.91,210.944,210.91,210.916
2026-09-04 07:45:00+09:00,210.916,211.012,210.915,210.997
2026-09-04 07:50:00+09:00,210.996,211.174,210.987,211.134
2026-09-04 07:55:00+09:00,211.134,211.196,211.103,211.171
2026-09-04 08:00:00+09:00,211.171,211.221,211.135,211.191
2026-09-04 08:05:00+09:00,211.191,211.192,211.062,211.091
2026-09-04 08:10:00+09:00,211.092,211.158,211.076,211.11
2026-09-04 08:15:00+09:00,211.11,211.137,211.053,211.079
2026-09-04 08:20:00+09:00,211.079,211.083,211.007,211.059
2026-09-04 08:25:00+09:00,211.058,211.085,211.006,211.01
2026-09-04 08:30:00+09:00,211.01,211.01,210.777,210.89
2026-09-04 08:35:00+09:00,210.889,210.892,210.775,210.822
2026-09-04 08:40:00+09:00,210.822,210.885,210.761,210.842
2026-09-04 08:45:00+09:00,210.842,210.842,210.681,210.685
2026-09-04 08:50:00+09:00,210.684,210.696,210.669,210.681
2026-09-04 08:55:00+09:00,210.612,210.66,210.577,210.582
2026-09-04 09:00:00+09:00,210.582,210.595,210.299,210.309
2026-09-04 09:05:00+09:00,210.305,210.361,210.12,210.348
2026-09-04 09:10:00+09:00,210.348,210.521,210.281,210.469
2026-09-04 09:15:00+09:00,210.469,210.727,210.469,210.699
2026-09-04 09:20:00+09:00,210.699,210.734,210.601,210.719
2026-09-04 09:25:00+09:00,210.719,210.803,210.652,210.802
2026-09-04 09:30:00+09:00,210.801,210.944,210.789,210.916
2026-09-04 09:35:00+09:00,210.917,210.948,210.831,210.876
2026-09-04 09:40:00+09:00,210.876,210.89,210.642,210.733
2026-09-04 09:45:00+09:00,210.733,210.741,210.594,210.699
2026-09-04 09:50:00+09:00,210.695,210.744,210.643,210.647
2026-09-04 09:55:00+09:00,210.647,210.771,210.518,210.764
2026-09-04 10:00:00+09:00,210.762,210.807,210.662,210.768
2026-09-04 10:05:00+09:00,210.768,210.883,210.733,210.799
2026-09-04 10:10:00+09:00,210.798,210.924,210.73,210.917
2026-09-04 10:15:00+09:00,210.917,211.015,210.876,211.009
2026-09-04 10:20:00+09:00,211.009,211.061,210.915,211.052
2026-09-04 10:25:00+09:00,211.052,211.163,210.997,210.997
2026-09-04 10:30:00+09:00,210.996,211.143,210.957,211.098
2026-09-04 10:35:00+09:00,211.097,211.181,211.07,211.18
2026-09-04 10:40:00+09:00,211.18,211.217,211.139,211.168
2026-09-04 10:45:00+09:00,211.165,211.169,211.051,211.066
2026-09-04 10:50:00+09:00,211.066,211.129,211.02,211.036
2026-09-04 10:55:00+09:00,211.036,211.063,210.952,210.957
2026-09-04 11:00:00+09:00,210.956,210.962,210.884,210.906
2026-09-04 11:05:00+09:00,210.907,210.998,210.888,210.972
2026-09-04 11:10:00+09:00,210.972,211.05,210.952,211.035
2026-09-04 11:15:00+09:00,211.035,211.058,210.978,211.038
2026-09-04 11:20:00+09:00,211.038,211.109,211.016,211.087
2026-09-04 11:25:00+09:00,211.087,211.139,211.062,211.082
2026-09-04 11:30:00+09:00,211.081,211.14,211.081,211.14
2026-09-04 11:35:00+09:00,211.14,211.156,211.027,211.07
2026-09-04 11:40:00+09:00,211.069,211.101,211.017,211.086
2026-09-04 11:45:00+09:00,211.085,211.09,211.033,211.064
2026-09-04 11:50:00+09:00,211.064,211.165,211.052,211.148
2026-09-04 11:55:00+09:00,211.148,211.218,211.137,211.186
2026-09-04 12:00:00+09:00,211.186,211.268,211.186,211.224
2026-09-04 12:05:00+09:00,211.223,211.25,211.168,211.245
2026-09-04 12:10:00+09:00,211.245,211.262,211.197,211.205
2026-09-04 12:15:00+09:00,211.205,211.259,211.199,211.257
2026-09-04 12:20:00+09:00,211.257,211.26,211.192,211.196
2026-09-04 12:25:00+09:00,211.21,211.237,211.203,211.221
2026-09-04 12:30:00+09:00,211.221,211.274,211.217,211.259
2026-09-04 12:35:00+09:00,211.259,211.455,211.235,211.439
2026-09-04 12:40:00+09:00,211.439,211.561,211.404,211.559
2026-09-04 12:45:00+09:00,211.559,211.632,211.526,211.545
2026-09-04 12:50:00+09:00,211.546,211.574,211.493,211.563
2026-09-04 12:55:00+09:00,211.563,211.603,211.519,211.563
2026-09-04 13:00:00+09:00,211.563,211.572,211.483,211.514
2026-09-04 13:05:00+09:00,211.514,211.561,211.488,211.555
2026-09-04 13:10:00+09:00,211.555,211.596,211.526,211.584
2026-09-04 13:15:00+09:00,211.584,211.619,211.582,211.596
2026-09-04 13:20:00+09:00,211.596,211.672,211.569,211.672
2026-09-04 13:25:00+09:00,211.672,211.679,211.562,211.584
2026-09-04 13:30:00+09:00,211.584,211.592,211.519,211.589
2026-09-04 13:35:00+09:00,211.59,211.602,211.497,211.499
2026-09-04 13:40:00+09:00,211.499,211.502,211.451,211.47
2026-09-04 13:45:00+09:00,211.47,211.506,211.461,211.494
2026-09-04 13:50:00+09:00,211.494,211.552,211.462,211.515
2026-09-04 13:55:00+09:00,211.515,211.584,211.511,211.541
2026-09-04 14:00:00+09:00,211.54,211.636,211.535,211.618
2026-09-04 14:05:00+09:00,211.618,211.647,211.565,211.567
2026-09-04 14:10:00+09:00,211.567,211.57,211.47,211.473
2026-09-04 14:15:00+09:00,211.473,211.536,211.447,211.532
2026-09-04 14:20:00+09:00,211.532,211.573,211.521,211.572
2026-09-04 14:25:00+09:00,211.572,211.592,211.501,211.513
2026-09-04 14:30:00+09:00,211.513,211.569,211.493,211.54
2026-09-04 14:35:00+09:00,211.541,211.593,211.524,211.593
2026-09-04 14:40:00+09:00,211.592,211.599,211.562,211.587
2026-09-04 14:45:00+09:00,211.587,211.65,211.583,211.64
2026-09-04 14:50:00+09:00,211.64,211.681,211.568,211.613
2026-09-04 14:55:00+09:00,211.612,211.632,211.591,211.616
2026-09-04 15:00:00+09:00,211.617,211.782,211.598,211.778
2026-09-04 15:05:00+09:00,211.778,211.787,211.582,211.641
2026-09-04 15:10:00+09:00,211.642,211.712,211.548,211.591
2026-09-04 15:15:00+09:00,211.591,211.695,211.589,211.66
2026-09-04 15:20:00+09:00,211.66,211.673,211.591,211.599
2026-09-04 15:25:00+09:00,211.6,211.634,211.525,211.538
2026-09-04 15:30:00+09:00,211.538,211.568,211.433,211.433
2026-09-04 15:35:00+09:00,211.433,211.55,211.433,211.488
2026-09-04 15:40:00+09:00,211.488,211.51,211.423,211.458
2026-09-04 15:45:00+09:00,211.459,211.485,211.384,211.421
2026-09-04 15:50:00+09:00,211.422,211.514,211.421,211.514
2026-09-04 15:55:00+09:00,211.516,211.643,211.506,211.629
2026-09-04 16:00:00+09:00,211.624,211.821,211.615,211.781
2026-09-04 16:05:00+09:00,211.782,211.818,211.728,211.793
2026-09-04 16:10:00+09:00,211.793,211.799,211.735,211.766
2026-09-04 16:15:00+09:00,211.765,211.827,211.729,211.775
2026-09-04 16:20:00+09:00,211.775,211.777,211.657,211.67
2026-09-04 16:25:00+09:00,211.671,211.754,211.671,211.712
2026-09-04 16:30:00+09:00,211.712,211.782,211.697,211.714
2026-09-04 16:35:00+09:00,211.714,211.767,211.693,211.695
2026-09-04 16:40:00+09:00,211.695,211.73,211.643,211.695
2026-09-04 16:45:00+09:00,211.693,211.693,211.617,211.624
2026-09-04 16:50:00+09:00,211.624,211.693,211.54,211.633
2026-09-04 16:55:00+09:00,211.633,211.65,211.548,211.55
2026-09-04 17:00:00+09:00,211.549,211.656,211.539,211.607
2026-09-04 17:05:00+09:00,211.608,211.699,211.608,211.674
2026-09-04 17:10:00+09:00,211.674,211.715,211.643,211.652
2026-09-04 17:15:00+09:00,211.652,211.659,211.589,211.646
2026-09-04 17:20:00+09:00,211.646,211.675,211.615,211.67
2026-09-04 17:25:00+09:00,211.67,211.731,211.67,211.712
2026-09-04 17:30:00+09:00,211.712,211.714,211.531,211.542
2026-09-04 17:35:00+09:00,211.503,211.581,211.481,211.573
2026-09-04 17:40:00+09:00,211.573,211.626,211.538,211.6
2026-09-04 17:45:00+09:00,211.6,211.627,211.564,211.627
2026-09-04 17:50:00+09:00,211.627,211.729,211.617,211.652
2026-09-04 17:55:00+09:00,211.652,211.692,211.631,211.681
2026-09-04 18:00:00+09:00,211.681,211.682,211.567,211.578
2026-09-04 18:05:00+09:00,211.578,211.625,211.567,211.575
2026-09-04 18:10:00+09:00,211.575,211.575,211.522,211.53
2026-09-04 18:15:00+09:00,211.528,211.565,211.487,211.514
2026-09-04 18:20:00+09:00,211.514,211.543,211.486,211.497
2026-09-04 18:25:00+09:00,211.497,211.539,211.438,211.53
2026-09-04 18:30:00+09:00,211.53,211.697,211.525,211.65
2026-09-04 18:35:00+09:00,211.651,211.763,211.635,211.754
2026-09-04 18:40:00+09:00,211.754,211.795,211.688,211.69
2026-09-04 18:45:00+09:00,211.69,211.74,211.683,211.74
2026-09-04 18:50:00+09:00,211.74,211.743,211.637,211.653
2026-09-04 18:55:00+09:00,211.653,211.659,211.592,211.615
2026-09-04 19:00:00+09:00,211.615,211.615,211.551,211.559
2026-09-04 19:05:00+09:00,211.559,211.586,211.54,211.576
2026-09-04 19:10:00+09:00,211.575,211.585,211.503,211.514
2026-09-04 19:15:00+09:00,211.514,211.557,211.499,211.543
2026-09-04 19:20:00+09:00,211.543,211.56,211.524,211.54
2026-09-04 19:25:00+09:00,211.54,211.544,211.471,211.473
2026-09-04 19:30:00+09:00,211.473,211.509,211.439,211.505
2026-09-04 19:35:00+09:00,211.504,211.578,211.482,211.536
2026-09-04 19:40:00+09:00,211.535,211.584,211.525,211.577
2026-09-04 19:45:00+09:00,211.577,211.587,211.53,211.54
2026-09-04 19:50:00+09:00,211.541,211.552,211.528,211.546
2026-09-04 19:55:00+09:00,211.546,211.559,211.52,211.541
2026-09-04 20:00:00+09:00,211.541,211.571,211.528,211.536
2026-09-04 20:05:00+09:00,211.537,211.613,211.534,211.586
2026-09-04 20:10:00+09:00,211.586,211.604,211.516,211.546
2026-09-04 20:15:00+09:00,211.548,211.608,211.545,211.589
2026-09-04 20:20:00+09:00,211.589,211.602,211.545,211.566
2026-09-04 20:25:00+09:00,211.566,211.581,211.545,211.573
2026-09-04 20:30:00+09:00,211.572,211.575,211.52,211.523
2026-09-04 20:35:00+09:00,211.522,211.561,211.522,211.546
2026-09-04 20:40:00+09:00,211.546,211.55,211.481,211.483
2026-09-04 20:45:00+09:00,211.481,211.483,211.388,211.41
2026-09-04 20:50:00+09:00,211.41,211.444,211.4,211.413
2026-09-04 20:55:00+09:00,211.414,211.48,211.412,211.472
2026-09-04 21:00:00+09:00,211.472,211.507,211.43,211.44
2026-09-04 21:05:00+09:00,211.44,211.458,211.385,211.423
2026-09-04 21:10:00+09:00,211.424,211.431,211.33,211.357
2026-09-04 21:15:00+09:00,211.357,211.409,211.285,211.299
2026-09-04 21:20:00+09:00,211.299,211.327,211.254,211.301
2026-09-04 21:25:00+09:00,211.301,211.316,211.143,211.162
2026-09-04 21:30:00+09:00,211.166,211.509,211.151,211.208
2026-09-04 21:35:00+09:00,211.208,211.26,210.843,210.945
2026-09-04 21:40:00+09:00,210.947,211.116,210.947,211.001
2026-09-04 21:45:00+09:00,211.001,211.051,210.407,210.437
2026-09-04 21:50:00+09:00,210.439,210.456,209.791,210.044
2026-09-04 21:55:00+09:00,210.044,210.517,210.039,210.256
2026-09-04 22:00:00+09:00,210.255,210.553,210.249,210.542
2026-09-04 22:05:00+09:00,210.541,210.751,210.515,210.694
2026-09-04 22:10:00+09:00,210.694,210.74,210.561,210.607
2026-09-04 22:15:00+09:00,210.691,210.696,210.553,210.578
2026-09-04 22:20:00+09:00,210.578,210.608,210.343,210.381
2026-09-04 22:25:00+09:00,210.382,210.459,210.305,210.321
2026-09-04 22:30:00+09:00,210.325,210.49,210.197,210.467
2026-09-04 22:35:00+09:00,210.468,210.548,210.418,210.458
2026-09-04 22:40:00+09:00,210.458,210.465,210.224,210.43
2026-09-04 22:45:00+09:00,210.431,210.57,210.354,210.564
2026-09-04 22:50:00+09:00,210.564,210.598,210.437,210.459
2026-09-04 22:55:00+09:00,210.458,210.55,210.456,210.487
2026-09-04 23:00:00+09:00,210.487,210.782,210.477,210.78
2026-09-04 23:05:00+09:00,210.78,210.877,210.706,210.872
2026-09-04 23:10:00+09:00,210.873,210.942,210.834,210.885
2026-09-04 23:15:00+09:00,210.885,210.962,210.844,210.903
2026-09-04 23:20:00+09:00,210.904,210.941,210.857,210.862
2026-09-04 23:25:00+09:00,210.862,210.886,210.805,210.852
2026-09-04 23:30:00+09:00,210.852,210.877,210.735,210.767
2026-09-04 23:35:00+09:00,210.767,210.784,210.662,210.73
2026-09-04 23:40:00+09:00,210.73,210.934,210.73,210.914
2026-09-04 23:45:00+09:00,210.913,211.058,210.908,211.025
2026-09-04 23:50:00+09:00,211.025,211.092,210.962,211.041
2026-09-04 23:55:00+09:00,211.041,211.073,210.967,210.991
2026-09-05 00:00:00+09:00,210.991,211.035,210.896,210.918
2026-09-05 00:05:00+09:00,210.915,210.968,210.897,210.968
2026-09-05 00:10:00+09:00,210.968,210.977,210.825,210.85
2026-09-05 00:15:00+09:00,210.85,210.923,210.845,210.91
2026-09-05 00:20:00+09:00,210.91,210.995,210.89,210.981
2026-09-05 00:25:00+09:00,210.981,211.02,210.944,211.003
2026-09-05 00:30:00+09:00,211.003,211.049,210.938,211.025
2026-09-05 00:35:00+09:00,211.025,211.094,211.003,211.071
2026-09-05 00:40:00+09:00,211.071,211.081,211.026,211.051
2026-09-05 00:45:00+09:00,211.051,211.086,211.025,211.04
2026-09-05 00:50:00+09:00,211.04,211.046,210.971,211.032
2026-09-05 00:55:00+09:00,211.034,211.095,211.006,211.076
2026-09-05 01:00:00+09:00,211.077,211.087,211.019,211.053
2026-09-05 01:05:00+09:00,211.053,211.085,211.04,211.056
2026-09-05 01:10:00+09:00,211.056,211.112,211.056,211.091
2026-09-05 01:15:00+09:00,211.091,211.093,211.029,211.033
2026-09-05 01:20:00+09:00,211.032,211.034,210.967,211.001
2026-09-05 01:25:00+09:00,211.004,211.033,211.0,211.007
2026-09-05 01:30:00+09:00,211.007,211.033,210.998,211.007
2026-09-05 01:35:00+09:00,211.007,211.015,210.993,211.008
2026-09-05 01:40:00+09:00,211.008,211.013,210.948,210.985
2026-09-05 01:45:00+09:00,210.985,211.024,210.972,210.988
2026-09-05 01:50:00+09:00,210.988,211.029,210.987,211.016
2026-09-05 01:55:00+09:00,211.016,211.036,210.915,210.94
2026-09-05 02:00:00+09:00,210.94,211.054,210.94,211.052
2026-09-05 02:05:00+09:00,211.052,211.063,210.98,210.992
2026-09-05 02:10:00+09:00,210.992,211.005,210.955,210.988
2026-09-05 02:15:00+09:00,210.988,211.012,210.968,210.97
2026-09-05 02:20:00+09:00,210.971,211.029,210.952,211.005
