timestamp,open,high,low,close
2026-08-17 07:00:00+09:00,159.374,159.436,159.368,159.435
2026-08-17 07:05:00+09:00,159.435,159.437,159.429,159.435
2026-08-17 07:10:00+09:00,159.435,159.449,159.431,159.438
2026-08-17 07:15:00+09:00,159.438,159.446,159.422,159.423
2026-08-17 07:20:00+09:00,159.423,159.423,159.361,159.367
2026-08-17 07:25:00+09:00,159.367,159.377,159.36,159.362
2026-08-17 07:30:00+09:00,159.362,159.362,159.319,159.334
2026-08-17 07:35:00+09:00,159.334,159.344,159.28,159.297
2026-08-17 07:40:00+09:00,159.297,159.323,159.294,159.316
2026-08-17 07:45:00+09:00,159.316,159.318,159.288,159.292
2026-08-17 07:50:00+09:00,159.292,159.296,159.258,159.27
2026-08-17 07:55:00+09:00,159.27,159.303,159.2,159.204
2026-08-17 08:00:00+09:00,159.204,159.205,159.15,159.164
2026-08-17 08:05:00+09:00,159.164,159.193,159.163,159.18
2026-08-17 08:10:00+09:00,159.18,159.215,159.176,159.207
2026-08-17 08:15:00+09:00,159.207,159.247,159.204,159.246
2026-08-17 08:20:00+09:00,159.246,159.248,159.228,159.232
2026-08-17 08:25:00+09:00,159.232,159.233,159.22,159.22
2026-08-17 08:30:00+09:00,159.22,159.231,159.217,159.227
2026-08-17 08:35:00+09:00,159.227,159.227,159.205,159.216
2026-08-17 08:40:00+09:00,159.216,159.216,159.176,159.191
2026-08-17 08:45:00+09:00,159.191,159.199,159.182,159.194
2026-08-17 08:50:00+09:00,159.194,159.257,159.194,159.257
2026-08-17 08:55:00+09:00,159.257,159.257,159.231,159.234
2026-08-17 09:00:00+09:00,159.234,159.255,159.162,159.164
2026-08-17 09:05:00+09:00,159.164,159.191,159.15,159.175
2026-08-17 09:10:00+09:00,159.175,159.177,159.134,159.154
2026-08-17 09:15:00+09:00,159.154,159.156,159.107,159.123
2026-08-17 09:20:00+09:00,159.123,159.123,159.047,159.062
2026-08-17 09:25:00+09:00,159.062,159.1,159.037,159.097
2026-08-17 09:30:00+09:00,159.097,159.1,159.044,159.058
2026-08-17 09:35:00+09:00,159.058,159.09,159.046,159.066
2026-08-17 09:40:00+09:00,159.066,159.085,159.051,159.083
2026-08-17 09:45:00+09:00,159.082,159.091,159.073,159.086
2026-08-17 09:50:00+09:00,159.086,159.115,159.018,159.069
2026-08-17 09:55:00+09:00,159.069,159.073,159.009,159.023
2026-08-17 10:00:00+09:00,159.023,159.077,158.99,159.057
2026-08-17 10:05:00+09:00,159.057,159.074,159.024,159.074
2026-08-17 10:10:00+09:00,159.074,159.074,159.036,159.05
2026-08-17 10:15:00+09:00,159.05,159.058,159.033,159.056
2026-08-17 10:20:00+09:00,159.056,159.073,159.019,159.038
2026-08-17 10:25:00+09:00,159.038,159.05,159.033,159.038
2026-08-17 10:30:00+09:00,159.038,159.092,159.032,159.087
2026-08-17 10:35:00+09:00,159.087,159.101,159.083,159.091
2026-08-17 10:40:00+09:00,159.091,159.109,159.09,159.098
2026-08-17 10:45:00+09:00,159.097,159.103,159.07,159.071
2026-08-17 10:50:00+09:00,159.071,159.092,159.064,159.072
2026-08-17 10:55:00+09:00,159.071,159.087,159.063,159.063
2026-08-17 11:00:00+09:00,159.063,159.074,159.054,159.054
2026-08-17 11:05:00+09:00,159.054,159.072,159.043,159.059
2026-08-17 11:10:00+09:00,159.059,159.062,159.035,159.036
2026-08-17 11:15:00+09:00,159.036,159.048,158.959,158.971
2026-08-17 11:20:00+09:00,158.971,159.026,158.969,159.014
2026-08-17 11:25:00+09:00,159.014,159.015,158.987,159.001
2026-08-17 11:30:00+09:00,159.001,159.051,158.997,159.038
2026-08-17 11:35:00+09:00,159.037,159.041,159.023,159.035
2026-08-17 11:40:00+09:00,159.035,159.046,159.025,159.046
2026-08-17 11:45:00+09:00,159.044,159.047,159.026,159.036
2026-08-17 11:50:00+09:00,159.036,159.049,159.025,159.038
2026-08-17 11:55:00+09:00,159.038,159.048,159.034,159.046
2026-08-17 12:00:00+09:00,159.046,159.087,159.045,159.083
2026-08-17 12:05:00+09:00,159.083,159.087,159.063,159.075
2026-08-17 12:10:00+09:00,159.075,159.09,159.072,159.081
2026-08-17 12:15:00+09:00,159.081,159.082,159.062,159.076
2026-08-17 12:20:00+09:00,159.076,159.081,159.071,159.071
2026-08-17 12:25:00+09:00,159.071,159.099,159.071,159.096
2026-08-17 12:30:00+09:00,159.096,159.109,159.089,159.106
2026-08-17 12:35:00+09:00,159.106,159.139,159.106,159.137
2026-08-17 12:40:00+09:00,159.137,159.141,159.125,159.136
2026-08-17 12:45:00+09:00,159.136,159.146,159.13,159.139
2026-08-17 12:50:00+09:00,159.139,159.15,159.131,159.134
2026-08-17 12:55:00+09:00,159.134,159.134,159.095,159.098
2026-08-17 13:00:00+09:00,159.098,159.108,159.083,159.084
2026-08-17 13:05:00+09:00,159.084,159.089,159.06,159.064
2026-08-17 13:10:00+09:00,159.064,159.078,159.061,159.073
2026-08-17 13:15:00+09:00,159.073,159.089,159.064,159.089
2026-08-17 13:20:00+09:00,159.089,159.112,159.088,159.104
2026-08-17 13:25:00+09:00,159.103,159.106,159.088,159.105
2026-08-17 13:30:00+09:00,159.105,159.113,159.099,159.099
2026-08-17 13:35:00+09:00,159.099,159.1,159.054,159.057
2026-08-17 13:40:00+09:00,159.057,159.074,159.054,159.063
2026-08-17 13:45:00+09:00,159.063,159.084,159.056,159.083
2026-08-17 13:50:00+09:00,159.083,159.095,159.077,159.093
2026-08-17 13:55:00+09:00,159.093,159.133,159.093,159.123
2026-08-17 14:00:00+09:00,159.123,159.125,159.102,159.106
2026-08-17 14:05:00+09:00,159.106,159.11,159.093,159.105
2026-08-17 14:10:00+09:00,159.105,159.125,159.104,159.12
2026-08-17 14:15:00+09:00,159.12,159.122,159.081,159.084
2026-08-17 14:20:00+09:00,159.084,159.084,159.051,159.059
2026-08-17 14:25:00+09:00,159.059,159.066,159.033,159.051
2026-08-17 14:30:00+09:00,159.051,159.076,159.044,159.061
2026-08-17 14:35:00+09:00,159.06,159.074,159.035,159.035
2026-08-17 14:40:00+09:00,159.035,159.037,158.984,159.032
2026-08-17 14:45:00+09:00,159.032,159.063,159.025,159.045
2026-08-17 14:50:00+09:00,159.045,159.072,159.043,159.07
2026-08-17 14:55:00+09:00,159.07,159.1,159.058,159.091
2026-08-17 15:00:00+09:00,159.091,159.092,159.034,159.064
2026-08-17 15:05:00+09:00,159.064,159.088,159.05,159.082
2026-08-17 15:10:00+09:00,159.082,159.112,159.075,159.101
2026-08-17 15:15:00+09:00,159.101,159.108,159.085,159.087
2026-08-17 15:20:00+09:00,159.087,159.091,159.063,159.086
2026-08-17 15:25:00+09:00,159.086,159.09,159.031,159.032
2026-08-17 15:30:00+09:00,159.032,159.061,159.031,159.039
2026-08-17 15:35:00+09:00,159.039,159.061,159.027,159.027
2026-08-17 15:40:00+09:00,159.027,159.062,159.025,159.037
2026-08-17 15:45:00+09:00,159.037,159.038,158.988,159.009
2026-08-17 15:50:00+09:00,159.009,159.009,158.961,158.961
2026-08-17 15:55:00+09:00,158.961,158.975,158.943,158.965
2026-08-17 16:00:00+09:00,158.965,159.006,158.962,158.973
2026-08-17 16:05:00+09:00,158.973,158.978,158.888,158.904
2026-08-17 16:10:00+09:00,158.904,158.935,158.888,158.928
2026-08-17 16:15:00+09:00,158.928,158.935,158.867,158.894
2026-08-17 16:20:00+09:00,158.894,158.91,158.874,158.908
2026-08-17 16:25:00+09:00,158.908,158.96,158.894,158.9
2026-08-17 16:30:00+09:00,158.899,158.92,158.873,158.895
2026-08-17 16:35:00+09:00,158.895,158.927,158.887,158.923
2026-08-17 16:40:00+09:00,158.922,158.925,158.848,158.882
2026-08-17 16:45:00+09:00,158.882,158.963,158.882,158.953
2026-08-17 16:50:00+09:00,158.953,158.99,158.941,158.974
2026-08-17 16:55:00+09:00,158.974,158.985,158.955,158.957
2026-08-17 17:00:00+09:00,158.957,159.003,158.954,158.999
2026-08-17 17:05:00+09:00,158.999,159.001,158.973,158.976
2026-08-17 17:10:00+09:00,158.976,159.001,158.962,158.969
2026-08-17 17:15:00+09:00,158.969,159.026,158.963,159.0
2026-08-17 17:20:00+09:00,159.0,159.022,158.98,158.983
2026-08-17 17:25:00+09:00,158.983,158.998,158.943,158.947
2026-08-17 17:30:00+09:00,158.947,158.976,158.935,158.976
2026-08-17 17:35:00+09:00,158.976,159.051,158.959,159.046
2026-08-17 17:40:00+09:00,159.046,159.084,159.034,159.081
2026-08-17 17:45:00+09:00,159.081,159.089,159.067,159.087
2026-08-17 17:50:00+09:00,159.087,159.133,159.081,159.123
2026-08-17 17:55:00+09:00,159.123,159.154,159.12,159.131
2026-08-17 18:00:00+09:00,159.132,159.183,159.129,159.158
2026-08-17 18:05:00+09:00,159.158,159.17,159.118,159.128
2026-08-17 18:10:00+09:00,159.129,159.147,159.102,159.103
2026-08-17 18:15:00+09:00,159.103,159.115,159.072,159.108
2026-08-17 18:20:00+09:00,159.108,159.123,159.093,159.107
2026-08-17 18:25:00+09:00,159.108,159.148,159.102,159.132
2026-08-17 18:30:00+09:00,159.132,159.159,159.124,159.131
2026-08-17 18:35:00+09:00,159.131,159.143,159.119,159.13
2026-08-17 18:40:00+09:00,159.13,159.143,159.108,159.123
2026-08-17 18:45:00+09:00,159.122,159.145,159.117,159.144
2026-08-17 18:50:00+09:00,159.144,159.185,159.134,159.176
2026-08-17 18:55:00+09:00,159.176,159.186,159.168,159.173
2026-08-17 19:00:00+09:00,159.173,159.193,159.166,159.183
2026-08-17 19:05:00+09:00,159.183,159.209,159.183,159.204
2026-08-17 19:10:00+09:00,159.204,159.207,159.17,159.181
2026-08-17 19:15:00+09:00,159.181,159.184,159.157,159.159
2026-08-17 19:20:00+09:00,159.159,159.196,159.158,159.174
2026-08-17 19:25:00+09:00,159.173,159.207,159.108,159.12
2026-08-17 19:30:00+09:00,159.121,159.171,159.112,159.154
2026-08-17 19:35:00+09:00,159.155,159.168,159.144,159.161
2026-08-17 19:40:00+09:00,159.161,159.166,159.147,159.151
2026-08-17 19:45:00+09:00,159.152,159.163,159.149,159.163
2026-08-17 19:50:00+09:00,159.163,159.203,159.16,159.2
2026-08-17 19:55:00+09:00,159.2,159.204,159.189,159.193
2026-08-17 20:00:00+09:00,159.193,159.207,159.167,159.183
2026-08-17 20:05:00+09:00,159.183,159.196,159.163,159.174
2026-08-17 20:10:00+09:00,159.174,159.206,159.174,159.198
2026-08-17 20:15:00+09:00,159.198,159.245,159.195,159.244
2026-08-17 20:20:00+09:00,159.244,159.246,159.223,159.23
2026-08-17 20:25:00+09:00,159.23,159.248,159.223,159.244
2026-08-17 20:30:00+09:00,159.244,159.257,159.219,159.22
2026-08-17 20:35:00+09:00,159.22,159.246,159.217,159.243
2026-08-17 20:40:00+09:00,159.243,159.264,159.237,159.26
2026-08-17 20:45:00+09:00,159.26,159.277,159.255,159.272
2026-08-17 20:50:00+09:00,159.272,159.285,159.238,159.239
2026-08-17 20:55:00+09:00,159.239,159.258,159.234,159.244
2026-08-17 21:00:00+09:00,159.244,159.25,159.2,159.212
2026-08-17 21:05:00+09:00,159.212,159.232,159.206,159.225
2026-08-17 21:10:00+09:00,159.225,159.245,159.199,159.239
2026-08-17 21:15:00+09:00,159.239,159.252,159.231,159.238
2026-08-17 21:20:00+09:00,159.238,159.246,159.22,159.229
2026-08-17 21:25:00+09:00,159.226,159.284,159.22,159.268
2026-08-17 21:30:00+09:00,159.269,159.29,159.255,159.27
2026-08-17 21:35:00+09:00,159.27,159.283,159.263,159.282
2026-08-17 21:40:00+09:00,159.282,159.283,159.265,159.271
2026-08-17 21:45:00+09:00,159.271,159.285,159.261,159.279
2026-08-17 21:50:00+09:00,159.279,159.283,159.262,159.272
2026-08-17 21:55:00+09:00,159.272,159.274,159.247,159.249
2026-08-17 22:00:00+09:00,159.249,159.27,159.223,159.27
2026-08-17 22:05:00+09:00,159.27,159.271,159.249,159.249
2026-08-17 22:10:00+09:00,159.249,159.27,159.24,159.27
2026-08-17 22:15:00+09:00,159.27,159.276,159.25,159.252
2026-08-17 22:20:00+09:00,159.252,159.271,159.249,159.261
2026-08-17 22:25:00+09:00,159.261,159.284,159.251,159.281
2026-08-17 22:30:00+09:00,159.281,159.319,159.272,159.308
2026-08-17 22:35:00+09:00,159.308,159.34,159.284,159.335
2026-08-17 22:40:00+09:00,159.334,159.36,159.312,159.356
2026-08-17 22:45:00+09:00,159.357,159.386,159.351,159.354
2026-08-17 22:50:00+09:00,159.354,159.354,159.3,159.326
2026-08-17 22:55:00+09:00,159.326,159.33,159.268,159.269
2026-08-17 23:00:00+09:00,159.269,159.291,159.233,159.237
2026-08-17 23:05:00+09:00,159.237,159.262,159.232,159.256
2026-08-17 23:10:00+09:00,159.256,159.271,159.247,159.251
2026-08-17 23:15:00+09:00,159.252,159.252,159.209,159.228
2026-08-17 23:20:00+09:00,159.227,159.235,159.191,159.207
2026-08-17 23:25:00+09:00,159.207,159.267,159.207,159.249
2026-08-17 23:30:00+09:00,159.249,159.25,159.232,159.239
2026-08-17 23:35:00+09:00,159.239,159.266,159.224,159.254
2026-08-17 23:40:00+09:00,159.254,159.257,159.222,159.249
2026-08-17 23:45:00+09:00,159.249,159.269,159.238,159.246
2026-08-17 23:50:00+09:00,159.246,159.314,159.226,159.3
2026-08-17 23:55:00+09:00,159.301,159.303,159.275,159.292
2026-08-18 00:00:00+09:00,159.292,159.328,159.283,159.314
2026-08-18 00:05:00+09:00,159.314,159.346,159.313,159.336
2026-08-18 00:10:00+09:00,159.336,159.338,159.311,159.325
2026-08-18 00:15:00+09:00,159.325,159.361,159.315,159.349
2026-08-18 00:20:00+09:00,159.349,159.377,159.348,159.353
2026-08-18 00:25:00+09:00,159.353,159.366,159.341,159.347
2026-08-18 00:30:00+09:00,159.347,159.363,159.336,159.359
2026-08-18 00:35:00+09:00,159.359,159.366,159.346,159.363
2026-08-18 00:40:00+09:00,159.363,159.408,159.359,159.4
2026-08-18 00:45:00+09:00,159.4,159.404,159.362,159.376
2026-08-18 00:50:00+09:00,159.376,159.377,159.358,159.359
2026-08-18 00:55:00+09:00,159.359,159.365,159.345,159.348
2026-08-18 01:00:00+09:00,159.348,159.386,159.348,159.385
2026-08-18 01:05:00+09:00,159.385,159.398,159.366,159.382
2026-08-18 01:10:00+09:00,159.382,159.387,159.358,159.372
2026-08-18 01:15:00+09:00,159.372,159.375,159.352,159.356
2026-08-18 01:20:00+09:00,159.356,159.361,159.335,159.359
2026-08-18 01:25:00+09:00,159.359,159.372,159.354,159.368
2026-08-18 01:30:00+09:00,159.368,159.373,159.361,159.368
2026-08-18 01:35:00+09:00,159.368,159.376,159.35,159.35
2026-08-18 01:40:00+09:00,159.35,159.375,159.348,159.359
2026-08-18 01:45:00+09:00,159.359,159.373,159.359,159.362
2026-08-18 01:50:00+09:00,159.362,159.379,159.352,159.357
2026-08-18 01:55:00+09:00,159.357,159.372,159.353,159.366
2026-08-18 02:00:00+09:00,159.366,159.372,159.36,159.362
2026-08-18 02:05:00+09:00,159.362,159.374,159.358,159.363
2026-08-18 02:10:00+09:00,159.363,159.374,159.362,159.372
2026-08-18 02:15:00+09:00,159.372,159.411,159.371,159.41
2026-08-18 02:20:00+09:00,159.41,159.452,159.41,159.443
2026-08-18 02:25:00+09:00,159.443,159.455,159.424,159.428
2026-08-18 02:30:00+09:00,159.428,159.479,159.425,159.472
2026-08-18 02:35:00+09:00,159.472,159.508,159.468,159.502
2026-08-18 02:40:00+09:00,159.502,159.506,159.466,159.466
2026-08-18 02:45:00+09:00,159.466,159.47,159.449,159.46
2026-08-18 02:50:00+09:00,159.46,159.492,159.458,159.491
2026-08-18 02:55:00+09:00,159.491,159.509,159.487,159.495
2026-08-18 03:00:00+09:00,159.495,159.511,159.492,159.504
2026-08-18 03:05:00+09:00,159.504,159.523,159.491,159.512
2026-08-18 03:10:00+09:00,159.512,159.528,159.489,159.492
2026-08-18 03:15:00+09:00,159.492,159.518,159.489,159.518
2026-08-18 03:20:00+09:00,159.518,159.559,159.517,159.551
2026-08-18 03:25:00+09:00,159.551,159.595,159.551,159.572
2026-08-18 03:30:00+09:00,159.573,159.592,159.573,159.587
2026-08-18 03:35:00+09:00,159.587,159.587,159.574,159.576
2026-08-18 03:40:00+09:00,159.576,159.576,159.548,159.567
2026-08-18 03:45:00+09:00,159.567,159.592,159.561,159.587
2026-08-18 03:50:00+09:00,159.587,159.59,159.573,159.588
2026-08-18 03:55:00+09:00,159.587,159.601,159.574,159.597
2026-08-18 04:00:00+09:00,159.597,159.599,159.571,159.575
2026-08-18 04:05:00+09:00,159.575,159.576,159.558,159.565
2026-08-18 04:10:00+09:00,159.565,159.568,159.5,159.505
2026-08-18 04:15:00+09:00,159.505,159.513,159.473,159.484
2026-08-18 04:20:00+09:00,159.484,159.484,159.448,159.455
2026-08-18 04:25:00+09:00,159.455,159.461,159.435,159.44
2026-08-18 04:30:00+09:00,159.44,159.46,159.414,159.447
2026-08-18 04:35:00+09:00,159.447,159.454,159.427,159.431
2026-08-18 04:40:00+09:00,159.431,159.44,159.426,159.433
2026-08-18 04:45:00+09:00,159.433,159.45,159.431,159.444
2026-08-18 04:50:00+09:00,159.444,159.469,159.437,159.469
2026-08-18 04:55:00+09:00,159.469,159.481,159.464,159.466
2026-08-18 05:00:00+09:00,159.466,159.481,159.453,159.468
2026-08-18 05:05:00+09:00,159.468,159.494,159.468,159.494
2026-08-18 05:10:00+09:00,159.494,159.515,159.493,159.508
2026-08-18 05:15:00+09:00,159.508,159.508,159.475,159.475
2026-08-18 05:20:00+09:00,159.475,159.485,159.473,159.481
2026-08-18 05:25:00+09:00,159.481,159.487,159.478,159.487
2026-08-18 05:30:00+09:00,159.487,159.504,159.48,159.48
2026-08-18 05:35:00+09:00,159.48,159.48,159.474,159.48
2026-08-18 05:40:00+09:00,159.48,159.481,159.474,159.481
2026-08-18 05:45:00+09:00,159.481,159.541,159.481,159.521
2026-08-18 05:50:00+09:00,159.521,159.526,159.507,159.52
2026-08-18 05:55:00+09:00,159.519,159.526,159.496,159.506
2026-08-18 06:00:00+09:00,159.504,159.513,159.502,159.506
2026-08-18 06:05:00+09:00,159.506,159.548,159.506,159.548
2026-08-18 06:10:00+09:00,159.548,159.548,159.492,159.494
2026-08-18 06:15:00+09:00,159.494,159.495,159.456,159.471
2026-08-18 06:20:00+09:00,159.471,159.472,159.454,159.457
2026-08-18 06:25:00+09:00,159.457,159.465,159.457,159.46
2026-08-18 06:30:00+09:00,159.46,159.468,159.459,159.466
2026-08-18 06:35:00+09:00,159.466,159.473,159.462,159.471
2026-08-18 06:40:00+09:00,159.471,159.489,159.466,159.489
2026-08-18 06:45:00+09:00,159.489,159.491,159.461,159.471
2026-08-18 06:50:00+09:00,159.471,159.479,159.464,159.473
2026-08-18 06:55:00+09:00,159.473,159.478,159.46,159.477
2026-08-18 07:00:00+09:00,159.476,159.526,159.476,159.514
2026-08-18 07:05:00+09:00,159.514,159.517,159.512,159.513
2026-08-18 07:10:00+09:00,159.513,159.514,159.478,159.485
2026-08-18 07:15:00+09:00,159.485,159.486,159.471,159.479
2026-08-18 07:20:00+09:00,159.479,159.48,159.452,159.452
2026-08-18 07:25:00+09:00,159.452,159.452,159.423,159.433
2026-08-18 07:30:00+09:00,159.433,159.442,159.429,159.438
2026-08-18 07:35:00+09:00,159.438,159.449,159.437,159.447
2026-08-18 07:40:00+09:00,159.447,159.449,159.437,159.441
2026-08-18 07:45:00+09:00,159.441,159.441,159.428,159.433
2026-08-18 07:50:00+09:00,159.433,159.437,159.428,159.428
2026-08-18 07:55:00+09:00,159.428,159.431,159.428,159.429
2026-08-18 08:00:00+09:00,159.429,159.43,159.397,159.411
2026-08-18 08:05:00+09:00,159.411,159.411,159.368,159.372
2026-08-18 08:10:00+09:00,159.372,159.398,159.371,159.394
2026-08-18 08:15:00+09:00,159.393,159.395,159.389,159.39
2026-08-18 08:20:00+09:00,159.39,159.394,159.389,159.39
2026-08-18 08:25:00+09:00,159.39,159.391,159.374,159.375
2026-08-18 08:30:00+09:00,159.375,159.379,159.349,159.355
2026-08-18 08:35:00+09:00,159.355,159.364,159.354,159.361
2026-08-18 08:40:00+09:00,159.361,159.362,159.325,159.334
2026-08-18 08:45:00+09:00,159.334,159.335,159.325,159.329
2026-08-18 08:50:00+09:00,159.329,159.349,159.329,159.347
2026-08-18 08:55:00+09:00,159.347,159.364,159.333,159.341
2026-08-18 09:00:00+09:00,159.341,159.369,159.315,159.338
2026-08-18 09:05:00+09:00,159.338,159.379,159.326,159.379
2026-08-18 09:10:00+09:00,159.379,159.399,159.365,159.379
2026-08-18 09:15:00+09:00,159.379,159.391,159.367,159.391
2026-08-18 09:20:00+09:00,159.391,159.423,159.389,159.411
2026-08-18 09:25:00+09:00,159.411,159.44,159.402,159.43
2026-08-18 09:30:00+09:00,159.43,159.489,159.43,159.469
2026-08-18 09:35:00+09:00,159.469,159.484,159.458,159.463
2026-08-18 09:40:00+09:00,159.463,159.495,159.461,159.495
2026-08-18 09:45:00+09:00,159.495,159.526,159.492,159.515
2026-08-18 09:50:00+09:00,159.515,159.518,159.454,159.463
2026-08-18 09:55:00+09:00,159.463,159.483,159.429,159.433
2026-08-18 10:00:00+09:00,159.433,159.497,159.43,159.491
2026-08-18 10:05:00+09:00,159.491,159.493,159.437,159.439
2026-08-18 10:10:00+09:00,159.439,159.444,159.4,159.41
2026-08-18 10:15:00+09:00,159.41,159.454,159.408,159.437
2026-08-18 10:20:00+09:00,159.437,159.47,159.437,159.455
2026-08-18 10:25:00+09:00,159.454,159.467,159.436,159.454
2026-08-18 10:30:00+09:00,159.454,159.456,159.44,159.448
2026-08-18 10:35:00+09:00,159.448,159.457,159.412,159.416
2026-08-18 10:40:00+09:00,159.416,159.438,159.411,159.432
2026-08-18 10:45:00+09:00,159.432,159.488,159.431,159.48
2026-08-18 10:50:00+09:00,159.48,159.494,159.46,159.479
2026-08-18 10:55:00+09:00,159.479,159.514,159.462,159.508
2026-08-18 11:00:00+09:00,159.508,159.546,159.504,159.528
2026-08-18 11:05:00+09:00,159.528,159.528,159.497,159.519
2026-08-18 11:10:00+09:00,159.519,159.533,159.518,159.526
2026-08-18 11:15:00+09:00,159.526,159.526,159.495,159.511
2026-08-18 11:20:00+09:00,159.511,159.516,159.478,159.502
2026-08-18 11:25:00+09:00,159.502,159.502,159.479,159.484
2026-08-18 11:30:00+09:00,159.484,159.5,159.473,159.489
2026-08-18 11:35:00+09:00,159.489,159.513,159.477,159.512
2026-08-18 11:40:00+09:00,159.5,159.512,159.492,159.507
2026-08-18 11:45:00+09:00,159.507,159.514,159.478,159.484
2026-08-18 11:50:00+09:00,159.484,159.49,159.477,159.478
2026-08-18 11:55:00+09:00,159.478,159.482,159.46,159.462
2026-08-18 12:00:00+09:00,159.462,159.5,159.461,159.493
2026-08-18 12:05:00+09:00,159.493,159.501,159.488,159.489
2026-08-18 12:10:00+09:00,159.489,159.498,159.487,159.492
2026-08-18 12:15:00+09:00,159.492,159.507,159.488,159.505
2026-08-18 12:20:00+09:00,159.505,159.514,159.48,159.513
2026-08-18 12:25:00+09:00,159.513,159.518,159.504,159.517
2026-08-18 12:30:00+09:00,159.517,159.539,159.517,159.538
2026-08-18 12:35:00+09:00,159.538,159.55,159.53,159.544
2026-08-18 12:40:00+09:00,159.544,159.572,159.531,159.563
2026-08-18 12:45:00+09:00,159.563,159.567,159.552,159.565
2026-08-18 12:50:00+09:00,159.565,159.57,159.55,159.561
2026-08-18 12:55:00+09:00,159.561,159.563,159.536,159.557
2026-08-18 13:00:00+09:00,159.557,159.602,159.554,159.59
2026-08-18 13:05:00+09:00,159.59,159.641,159.59,159.626
2026-08-18 13:10:00+09:00,159.626,159.699,159.626,159.672
2026-08-18 13:15:00+09:00,159.672,159.696,159.666,159.695
2026-08-18 13:20:00+09:00,159.695,159.731,159.684,159.686
2026-08-18 13:25:00+09:00,159.686,159.705,159.663,159.702
2026-08-18 13:30:00+09:00,159.702,159.752,159.702,159.739
2026-08-18 13:35:00+09:00,159.739,159.745,159.715,159.732
2026-08-18 13:40:00+09:00,159.732,159.735,159.688,159.7
2026-08-18 13:45:00+09:00,159.7,159.708,159.673,159.681
2026-08-18 13:50:00+09:00,159.681,159.715,159.681,159.713
2026-08-18 13:55:00+09:00,159.713,159.713,159.681,159.699
2026-08-18 14:00:00+09:00,159.699,159.713,159.68,159.707
2026-08-18 14:05:00+09:00,159.707,159.729,159.7,159.718
2026-08-18 14:10:00+09:00,159.718,159.73,159.707,159.73
2026-08-18 14:15:00+09:00,159.73,159.736,159.703,159.704
2026-08-18 14:20:00+09:00,159.704,159.705,159.678,159.688
2026-08-18 14:25:00+09:00,159.688,159.702,159.664,159.679
2026-08-18 14:30:00+09:00,159.679,159.7,159.674,159.692
2026-08-18 14:35:00+09:00,159.692,159.697,159.678,159.687
2026-08-18 14:40:00+09:00,159.687,159.702,159.681,159.682
2026-08-18 14:45:00+09:00,159.682,159.684,159.661,159.666
2026-08-18 14:50:00+09:00,159.666,159.666,159.65,159.652
2026-08-18 14:55:00+09:00,159.652,159.671,159.625,159.665
2026-08-18 15:00:00+09:00,159.665,159.709,159.652,159.704
2026-08-18 15:05:00+09:00,159.704,159.733,159.696,159.713
2026-08-18 15:10:00+09:00,159.713,159.715,159.681,159.692
2026-08-18 15:15:00+09:00,159.693,159.741,159.692,159.729
2026-08-18 15:20:00+09:00,159.729,159.779,159.727,159.745
2026-08-18 15:25:00+09:00,159.745,159.761,159.718,159.729
2026-08-18 15:30:00+09:00,159.729,159.753,159.704,159.753
2026-08-18 15:35:00+09:00,159.754,159.781,159.753,159.77
2026-08-18 15:40:00+09:00,159.77,159.773,159.748,159.749
2026-08-18 15:45:00+09:00,159.749,159.762,159.741,159.751
2026-08-18 15:50:00+09:00,159.751,159.774,159.748,159.76
2026-08-18 15:55:00+09:00,159.76,159.77,159.72,159.723
2026-08-18 16:00:00+09:00,159.723,159.741,159.692,159.703
2026-08-18 16:05:00+09:00,159.703,159.741,159.7,159.718
2026-08-18 16:10:00+09:00,159.718,159.75,159.718,159.747
2026-08-18 16:15:00+09:00,159.747,159.767,159.742,159.755
2026-08-18 16:20:00+09:00,159.755,159.765,159.714,159.717
2026-08-18 16:25:00+09:00,159.717,159.741,159.708,159.737
2026-08-18 16:30:00+09:00,159.737,159.758,159.727,159.755
2026-08-18 16:35:00+09:00,159.755,159.755,159.715,159.719
2026-08-18 16:40:00+09:00,159.719,159.731,159.713,159.715
2026-08-18 16:45:00+09:00,159.715,159.716,159.694,159.696
2026-08-18 16:50:00+09:00,159.696,159.727,159.682,159.71
2026-08-18 16:55:00+09:00,159.71,159.728,159.701,159.727
2026-08-18 17:00:00+09:00,159.727,159.732,159.717,159.726
2026-08-18 17:05:00+09:00,159.726,159.736,159.718,159.721
2026-08-18 17:10:00+09:00,159.721,159.728,159.709,159.726
2026-08-18 17:15:00+09:00,159.726,159.735,159.725,159.729
2026-08-18 17:20:00+09:00,159.729,159.737,159.727,159.732
2026-08-18 17:25:00+09:00,159.732,159.739,159.728,159.737
2026-08-18 17:30:00+09:00,159.737,159.747,159.713,159.721
2026-08-18 17:35:00+09:00,159.721,159.722,159.689,159.696
2026-08-18 17:40:00+09:00,159.696,159.696,159.652,159.652
2026-08-18 17:45:00+09:00,159.653,159.673,159.641,159.66
2026-08-18 17:50:00+09:00,159.66,159.678,159.658,159.67
2026-08-18 17:55:00+09:00,159.669,159.677,159.638,159.676
2026-08-18 18:00:00+09:00,159.676,159.698,159.675,159.684
2026-08-18 18:05:00+09:00,159.682,159.684,159.669,159.677
2026-08-18 18:10:00+09:00,159.677,159.684,159.669,159.672
2026-08-18 18:15:00+09:00,159.672,159.685,159.643,159.643
2026-08-18 18:20:00+09:00,159.642,159.654,159.632,159.64
2026-08-18 18:25:00+09:00,159.64,159.641,159.61,159.618
2026-08-18 18:30:00+09:00,159.618,159.627,159.59,159.619
2026-08-18 18:35:00+09:00,159.619,159.633,159.598,159.613
2026-08-18 18:40:00+09:00,159.613,159.637,159.61,159.623
2026-08-18 18:45:00+09:00,159.624,159.63,159.615,159.62
2026-08-18 18:50:00+09:00,159.62,159.633,159.616,159.62
2026-08-18 18:55:00+09:00,159.62,159.622,159.595,159.615
2026-08-18 19:00:00+09:00,159.615,159.621,159.607,159.618
2026-08-18 19:05:00+09:00,159.618,159.635,159.607,159.634
2026-08-18 19:10:00+09:00,159.634,159.679,159.633,159.679
2026-08-18 19:15:00+09:00,159.679,159.686,159.666,159.668
2026-08-18 19:20:00+09:00,159.668,159.696,159.668,159.696
2026-08-18 19:25:00+09:00,159.696,159.709,159.677,159.679
2026-08-18 19:30:00+09:00,159.679,159.693,159.671,159.678
2026-08-18 19:35:00+09:00,159.678,159.685,159.657,159.659
2026-08-18 19:40:00+09:00,159.66,159.686,159.655,159.683
2026-08-18 19:45:00+09:00,159.683,159.691,159.676,159.686
2026-08-18 19:50:00+09:00,159.686,159.721,159.685,159.711
2026-08-18 19:55:00+09:00,159.711,159.714,159.699,159.71
2026-08-18 20:00:00+09:00,159.71,159.729,159.709,159.725
2026-08-18 20:05:00+09:00,159.725,159.742,159.723,159.729
2026-08-18 20:10:00+09:00,159.729,159.739,159.725,159.731
2026-08-18 20:15:00+09:00,159.731,159.741,159.723,159.727
2026-08-18 20:20:00+09:00,159.727,159.746,159.727,159.733
2026-08-18 20:25:00+09:00,159.733,159.745,159.731,159.743
2026-08-18 20:30:00+09:00,159.743,159.749,159.734,159.743
2026-08-18 20:35:00+09:00,159.743,159.743,159.707,159.728
2026-08-18 20:40:00+09:00,159.731,159.736,159.716,159.725
2026-08-18 20:45:00+09:00,159.725,159.735,159.716,159.722
2026-08-18 20:50:00+09:00,159.722,159.726,159.715,159.716
2026-08-18 20:55:00+09:00,159.716,159.717,159.698,159.701
2026-08-18 21:00:00+09:00,159.702,159.713,159.663,159.673
2026-08-18 21:05:00+09:00,159.673,159.705,159.666,159.698
2026-08-18 21:10:00+09:00,159.698,159.701,159.672,159.674
2026-08-18 21:15:00+09:00,159.674,159.683,159.662,159.67
2026-08-18 21:20:00+09:00,159.668,159.67,159.641,159.667
2026-08-18 21:25:00+09:00,159.667,159.68,159.654,159.674
2026-08-18 21:30:00+09:00,159.668,159.701,159.644,159.692
2026-08-18 21:35:00+09:00,159.692,159.72,159.686,159.715
2026-08-18 21:40:00+09:00,159.715,159.724,159.682,159.683
2026-08-18 21:45:00+09:00,159.683,159.696,159.668,159.668
2026-08-18 21:50:00+09:00,159.668,159.682,159.66,159.673
2026-08-18 21:55:00+09:00,159.673,159.673,159.644,159.673
2026-08-18 22:00:00+09:00,159.673,159.673,159.621,159.632
2026-08-18 22:05:00+09:00,159.632,159.659,159.631,159.642
2026-08-18 22:10:00+09:00,159.642,159.644,159.624,159.633
2026-08-18 22:15:00+09:00,159.633,159.67,159.632,159.668
2026-08-18 22:20:00+09:00,159.668,159.672,159.645,159.667
2026-08-18 22:25:00+09:00,159.667,159.68,159.655,159.667
2026-08-18 22:30:00+09:00,159.667,159.726,159.612,159.619
2026-08-18 22:35:00+09:00,159.619,159.633,159.569,159.581
2026-08-18 22:40:00+09:00,159.581,159.632,159.569,159.628
2026-08-18 22:45:00+09:00,159.628,159.628,159.577,159.593
2026-08-18 22:50:00+09:00,159.594,159.617,159.581,159.609
2026-08-18 22:55:00+09:00,159.609,159.611,159.576,159.584
2026-08-18 23:00:00+09:00,159.584,159.585,159.534,159.535
2026-08-18 23:05:00+09:00,159.535,159.541,159.484,159.505
2026-08-18 23:10:00+09:00,159.505,159.543,159.505,159.542
2026-08-18 23:15:00+09:00,159.542,159.543,159.49,159.509
2026-08-18 23:20:00+09:00,159.51,159.523,159.459,159.465
2026-08-18 23:25:00+09:00,159.465,159.499,159.451,159.483
2026-08-18 23:30:00+09:00,159.483,159.532,159.482,159.517
2026-08-18 23:35:00+09:00,159.517,159.557,159.517,159.548
2026-08-18 23:40:00+09:00,159.548,159.552,159.504,159.52
2026-08-18 23:45:00+09:00,159.52,159.541,159.5,159.51
2026-08-18 23:50:00+09:00,159.509,159.55,159.433,159.534
2026-08-18 23:55:00+09:00,159.534,159.572,159.503,159.558
2026-08-19 00:00:00+09:00,159.558,159.57,159.5,159.511
2026-08-19 00:05:00+09:00,159.511,159.568,159.505,159.567
2026-08-19 00:10:00+09:00,159.567,159.613,159.555,159.613
2026-08-19 00:15:00+09:00,159.613,159.621,159.581,159.586
2026-08-19 00:20:00+09:00,159.585,159.621,159.557,159.62
2026-08-19 00:25:00+09:00,159.62,159.631,159.609,159.62
2026-08-19 00:30:00+09:00,159.62,159.647,159.616,159.62
2026-08-19 00:35:00+09:00,159.62,159.62,159.597,159.609
2026-08-19 00:40:00+09:00,159.609,159.611,159.584,159.605
2026-08-19 00:45:00+09:00,159.605,159.606,159.557,159.559
2026-08-19 00:50:00+09:00,159.559,159.579,159.543,159.573
2026-08-19 00:55:00+09:00,159.573,159.603,159.573,159.6
2026-08-19 01:00:00+09:00,159.6,159.6,159.574,159.59
2026-08-19 01:05:00+09:00,159.591,159.595,159.566,159.569
2026-08-19 01:10:00+09:00,159.569,159.577,159.556,159.57
2026-08-19 01:15:00+09:00,159.57,159.581,159.56,159.568
2026-08-19 01:20:00+09:00,159.568,159.569,159.546,159.566
2026-08-19 01:25:00+09:00,159.566,159.607,159.559,159.604
2026-08-19 01:30:00+09:00,159.604,159.629,159.601,159.628
2026-08-19 01:35:00+09:00,159.628,159.642,159.61,159.614
2026-08-19 01:40:00+09:00,159.614,159.615,159.579,159.583
2026-08-19 01:45:00+09:00,159.583,159.591,159.569,159.57
2026-08-19 01:50:00+09:00,159.57,159.585,159.564,159.566
2026-08-19 01:55:00+09:00,159.566,159.595,159.566,159.577
2026-08-19 02:00:00+09:00,159.577,159.59,159.568,159.585
2026-08-19 02:05:00+09:00,159.585,159.605,159.582,159.595
2026-08-19 02:10:00+09:00,159.595,159.605,159.594,159.604
2026-08-19 02:15:00+09:00,159.604,159.616,159.602,159.611
2026-08-19 02:20:00+09:00,159.611,159.613,159.592,159.604
2026-08-19 02:25:00+09:00,159.604,159.618,159.603,159.605
2026-08-19 02:30:00+09:00,159.605,159.642,159.603,159.611
2026-08-19 02:35:00+09:00,159.611,159.63,159.611,159.618
2026-08-19 02:40:00+09:00,159.618,159.625,159.607,159.618
2026-08-19 02:45:00+09:00,159.618,159.619,159.608,159.615
2026-08-19 02:50:00+09:00,159.615,159.625,159.608,159.621
2026-08-19 02:55:00+09:00,159.621,159.625,159.601,159.606
2026-08-19 03:00:00+09:00,159.606,159.62,159.606,159.611
2026-08-19 03:05:00+09:00,159.611,159.617,159.593,159.593
2026-08-19 03:10:00+09:00,159.593,159.605,159.584,159.594
2026-08-19 03:15:00+09:00,159.594,159.594,159.584,159.589
2026-08-19 03:20:00+09:00,159.589,159.591,159.568,159.579
2026-08-19 03:25:00+09:00,159.579,159.595,159.577,159.593
2026-08-19 03:30:00+09:00,159.593,159.606,159.593,159.601
2026-08-19 03:35:00+09:00,159.601,159.625,159.601,159.616
2026-08-19 03:40:00+09:00,159.616,159.633,159.616,159.63
2026-08-19 03:45:00+09:00,159.63,159.635,159.618,159.627
2026-08-19 03:50:00+09:00,159.627,159.627,159.615,159.617
2026-08-19 03:55:00+09:00,159.617,159.619,159.604,159.608
2026-08-19 04:00:00+09:00,159.608,159.616,159.6,159.616
2026-08-19 04:05:00+09:00,159.616,159.63,159.615,159.623
2026-08-19 04:10:00+09:00,159.623,159.624,159.583,159.599
2026-08-19 04:15:00+09:00,159.599,159.609,159.591,159.603
2026-08-19 04:20:00+09:00,159.603,159.608,159.582,159.591
2026-08-19 04:25:00+09:00,159.591,159.618,159.591,159.617
2026-08-19 04:30:00+09:00,159.617,159.626,159.606,159.615
2026-08-19 04:35:00+09:00,159.616,159.619,159.609,159.616
2026-08-19 04:40:00+09:00,159.616,159.619,159.586,159.613
2026-08-19 04:45:00+09:00,159.613,159.624,159.601,159.619
2026-08-19 04:50:00+09:00,159.618,159.634,159.617,159.632
2026-08-19 04:55:00+09:00,159.632,159.653,159.632,159.648
2026-08-19 05:00:00+09:00,159.648,159.665,159.647,159.665
2026-08-19 05:05:00+09:00,159.665,159.679,159.661,159.678
2026-08-19 05:10:00+09:00,159.678,159.678,159.657,159.658
2026-08-19 05:15:00+09:00,159.658,159.664,159.656,159.659
2026-08-19 05:20:00+09:00,159.659,159.663,159.655,159.662
2026-08-19 05:25:00+09:00,159.662,159.663,159.649,159.658
2026-08-19 05:30:00+09:00,159.658,159.661,159.648,159.65
2026-08-19 05:35:00+09:00,159.65,159.657,159.647,159.655
2026-08-19 05:40:00+09:00,159.655,159.659,159.652,159.658
2026-08-19 05:45:00+09:00,159.658,159.716,159.658,159.696
2026-08-19 05:50:00+09:00,159.696,159.702,159.695,159.696
2026-08-19 05:55:00+09:00,159.696,159.698,159.658,159.663
2026-08-19 06:00:00+09:00,159.662,159.692,159.649,159.687
2026-08-19 06:05:00+09:00,159.687,159.694,159.687,159.691
2026-08-19 06:10:00+09:00,159.691,159.691,159.68,159.68
2026-08-19 06:15:00+09:00,159.68,159.687,159.678,159.686
2026-08-19 06:20:00+09:00,159.686,159.686,159.68,159.684
2026-08-19 06:25:00+09:00,159.684,159.684,159.68,159.682
2026-08-19 06:30:00+09:00,159.682,159.685,159.674,159.678
2026-08-19 06:35:00+09:00,159.678,159.678,159.649,159.652
2026-08-19 06:40:00+09:00,159.652,159.653,159.641,159.649
2026-08-19 06:45:00+09:00,159.649,159.653,159.644,159.652
2026-08-19 06:50:00+09:00,159.652,159.659,159.648,159.654
2026-08-19 06:55:00+09:00,159.654,159.664,159.65,159.659
2026-08-19 07:00:00+09:00,159.663,159.676,159.64,159.64
2026-08-19 07:05:00+09:00,159.64,159.645,159.64,159.644
2026-08-19 07:10:00+09:00,159.644,159.661,159.607,159.659
2026-08-19 07:15:00+09:00,159.659,159.66,159.637,159.64
2026-08-19 07:20:00+09:00,159.64,159.645,159.639,159.642
2026-08-19 07:25:00+09:00,159.642,159.65,159.639,159.647
2026-08-19 07:30:00+09:00,159.647,159.648,159.623,159.624
2026-08-19 07:35:00+09:00,159.624,159.631,159.609,159.621
2026-08-19 07:40:00+09:00,159.621,159.629,159.62,159.628
2026-08-19 07:45:00+09:00,159.628,159.635,159.611,159.611
2026-08-19 07:50:00+09:00,159.611,159.612,159.607,159.609
2026-08-19 07:55:00+09:00,159.609,159.612,159.608,159.609
2026-08-19 08:00:00+09:00,159.609,159.609,159.552,159.561
2026-08-19 08:05:00+09:00,159.561,159.575,159.561,159.57
2026-08-19 08:10:00+09:00,159.57,159.573,159.548,159.573
2026-08-19 08:15:00+09:00,159.573,159.577,159.565,159.575
2026-08-19 08:20:00+09:00,159.575,159.576,159.564,159.566
2026-08-19 08:25:00+09:00,159.566,159.594,159.565,159.591
2026-08-19 08:30:00+09:00,159.591,159.592,159.566,159.586
2026-08-19 08:35:00+09:00,159.586,159.614,159.585,159.612
2026-08-19 08:40:00+09:00,159.612,159.613,159.602,159.61
2026-08-19 08:45:00+09:00,159.61,159.613,159.597,159.603
2026-08-19 08:50:00+09:00,159.603,159.603,159.57,159.575
2026-08-19 08:55:00+09:00,159.575,159.585,159.55,159.565
2026-08-19 09:00:00+09:00,159.565,159.565,159.467,159.492
2026-08-19 09:05:00+09:00,159.492,159.506,159.462,159.49
2026-08-19 09:10:00+09:00,159.489,159.497,159.439,159.456
2026-08-19 09:15:00+09:00,159.456,159.472,159.439,159.47
2026-08-19 09:20:00+09:00,159.47,159.495,159.468,159.477
2026-08-19 09:25:00+09:00,159.477,159.506,159.469,159.502
2026-08-19 09:30:00+09:00,159.502,159.537,159.484,159.506
2026-08-19 09:35:00+09:00,159.506,159.514,159.459,159.46
2026-08-19 09:40:00+09:00,159.46,159.485,159.444,159.479
2026-08-19 09:45:00+09:00,159.479,159.486,159.463,159.471
2026-08-19 09:50:00+09:00,159.471,159.476,159.398,159.446
2026-08-19 09:55:00+09:00,159.446,159.482,159.42,159.464
2026-08-19 10:00:00+09:00,159.464,159.509,159.457,159.49
2026-08-19 10:05:00+09:00,159.49,159.502,159.464,159.48
2026-08-19 10:10:00+09:00,159.48,159.508,159.475,159.502
2026-08-19 10:15:00+09:00,159.502,159.523,159.491,159.493
2026-08-19 10:20:00+09:00,159.493,159.515,159.487,159.509
2026-08-19 10:25:00+09:00,159.509,159.527,159.493,159.505
2026-08-19 10:30:00+09:00,159.505,159.505,159.473,159.487
2026-08-19 10:35:00+09:00,159.487,159.489,159.457,159.458
2026-08-19 10:40:00+09:00,159.458,159.467,159.446,159.467
2026-08-19 10:45:00+09:00,159.467,159.481,159.46,159.481
2026-08-19 10:50:00+09:00,159.481,159.495,159.474,159.485
2026-08-19 10:55:00+09:00,159.485,159.488,159.447,159.456
2026-08-19 11:00:00+09:00,159.456,159.475,159.448,159.454
2026-08-19 11:05:00+09:00,159.454,159.455,159.409,159.41
2026-08-19 11:10:00+09:00,159.41,159.428,159.391,159.407
2026-08-19 11:15:00+09:00,159.408,159.423,159.347,159.365
2026-08-19 11:20:00+09:00,159.365,159.377,159.318,159.345
2026-08-19 11:25:00+09:00,159.345,159.379,159.341,159.372
2026-08-19 11:30:00+09:00,159.372,159.405,159.353,159.404
2026-08-19 11:35:00+09:00,159.404,159.404,159.352,159.358
2026-08-19 11:40:00+09:00,159.358,159.365,159.295,159.323
2026-08-19 11:45:00+09:00,159.324,159.337,159.299,159.337
2026-08-19 11:50:00+09:00,159.337,159.378,159.334,159.369
2026-08-19 11:55:00+09:00,159.369,159.379,159.362,159.366
2026-08-19 12:00:00+09:00,159.366,159.376,159.341,159.37
2026-08-19 12:05:00+09:00,159.37,159.396,159.37,159.389
2026-08-19 12:10:00+09:00,159.389,159.404,159.37,159.393
2026-08-19 12:15:00+09:00,159.393,159.393,159.382,159.39
2026-08-19 12:20:00+09:00,159.39,159.4,159.38,159.388
2026-08-19 12:25:00+09:00,159.388,159.395,159.38,159.394
2026-08-19 12:30:00+09:00,159.394,159.434,159.38,159.419
2026-08-19 12:35:00+09:00,159.419,159.447,159.419,159.441
2026-08-19 12:40:00+09:00,159.441,159.446,159.416,159.416
2026-08-19 12:45:00+09:00,159.415,159.431,159.415,159.427
2026-08-19 12:50:00+09:00,159.427,159.431,159.419,159.43
2026-08-19 12:55:00+09:00,159.43,159.44,159.427,159.429
2026-08-19 13:00:00+09:00,159.429,159.429,159.412,159.422
2026-08-19 13:05:00+09:00,159.422,159.427,159.417,159.418
2026-08-19 13:10:00+09:00,159.417,159.419,159.39,159.392
2026-08-19 13:15:00+09:00,159.392,159.401,159.39,159.391
2026-08-19 13:20:00+09:00,159.391,159.393,159.361,159.366
2026-08-19 13:25:00+09:00,159.366,159.378,159.354,159.357
2026-08-19 13:30:00+09:00,159.356,159.356,159.255,159.329
2026-08-19 13:35:00+09:00,159.329,159.354,159.325,159.353
2026-08-19 13:40:00+09:00,159.353,159.382,159.35,159.367
2026-08-19 13:45:00+09:00,159.367,159.368,159.314,159.318
2026-08-19 13:50:00+09:00,159.318,159.333,159.306,159.329
2026-08-19 13:55:00+09:00,159.329,159.346,159.301,159.335
2026-08-19 14:00:00+09:00,159.335,159.336,159.293,159.305
2026-08-19 14:05:00+09:00,159.304,159.323,159.304,159.307
2026-08-19 14:10:00+09:00,159.307,159.332,159.306,159.306
2026-08-19 14:15:00+09:00,159.306,159.309,159.242,159.267
2026-08-19 14:20:00+09:00,159.267,159.284,159.25,159.255
2026-08-19 14:25:00+09:00,159.255,159.297,159.255,159.28
2026-08-19 14:30:00+09:00,159.28,159.281,159.213,159.224
2026-08-19 14:35:00+09:00,159.223,159.263,159.221,159.241
2026-08-19 14:40:00+09:00,159.241,159.267,159.234,159.256
2026-08-19 14:45:00+09:00,159.256,159.272,159.225,159.252
2026-08-19 14:50:00+09:00,159.252,159.308,159.251,159.306
2026-08-19 14:55:00+09:00,159.306,159.331,159.292,159.299
2026-08-19 15:00:00+09:00,159.299,159.301,159.248,159.269
2026-08-19 15:05:00+09:00,159.269,159.271,159.234,159.241
2026-08-19 15:10:00+09:00,159.241,159.246,159.21,159.246
2026-08-19 15:15:00+09:00,159.246,159.246,159.197,159.214
2026-08-19 15:20:00+09:00,159.214,159.219,159.157,159.187
2026-08-19 15:25:00+09:00,159.187,159.19,159.159,159.16
2026-08-19 15:30:00+09:00,159.159,159.181,159.122,159.153
2026-08-19 15:35:00+09:00,159.153,159.167,159.128,159.166
2026-08-19 15:40:00+09:00,159.166,159.216,159.155,159.214
2026-08-19 15:45:00+09:00,159.215,159.259,159.202,159.251
2026-08-19 15:50:00+09:00,159.251,159.252,159.219,159.234
2026-08-19 15:55:00+09:00,159.234,159.26,159.223,159.248
2026-08-19 16:00:00+09:00,159.248,159.255,159.2,159.219
2026-08-19 16:05:00+09:00,159.219,159.219,159.17,159.192
2026-08-19 16:10:00+09:00,159.192,159.227,159.19,159.227
2026-08-19 16:15:00+09:00,159.227,159.287,159.225,159.251
2026-08-19 16:20:00+09:00,159.251,159.258,159.185,159.189
2026-08-19 16:25:00+09:00,159.189,159.212,159.178,159.206
2026-08-19 16:30:00+09:00,159.206,159.212,159.154,159.157
2026-08-19 16:35:00+09:00,159.157,159.176,159.131,159.171
2026-08-19 16:40:00+09:00,159.171,159.182,159.144,159.18
2026-08-19 16:45:00+09:00,159.18,159.2,159.163,159.194
2026-08-19 16:50:00+09:00,159.194,159.203,159.142,159.147
2026-08-19 16:55:00+09:00,159.147,159.196,159.147,159.173
2026-08-19 17:00:00+09:00,159.173,159.187,159.144,159.156
2026-08-19 17:05:00+09:00,159.156,159.163,159.095,159.131
2026-08-19 17:10:00+09:00,159.131,159.139,159.081,159.107
2026-08-19 17:15:00+09:00,159.107,159.107,159.057,159.065
2026-08-19 17:20:00+09:00,159.064,159.087,159.062,159.078
2026-08-19 17:25:00+09:00,159.078,159.138,159.078,159.104
2026-08-19 17:30:00+09:00,159.103,159.115,159.088,159.088
2026-08-19 17:35:00+09:00,159.088,159.112,159.077,159.096
2026-08-19 17:40:00+09:00,159.096,159.101,159.063,159.074
2026-08-19 17:45:00+09:00,159.074,159.102,159.073,159.081
2026-08-19 17:50:00+09:00,159.081,159.151,159.08,159.143
2026-08-19 17:55:00+09:00,159.142,159.177,159.137,159.174
2026-08-19 18:00:00+09:00,159.174,159.218,159.167,159.175
2026-08-19 18:05:00+09:00,159.175,159.204,159.166,159.2
2026-08-19 18:10:00+09:00,159.2,159.239,159.198,159.236
2026-08-19 18:15:00+09:00,159.235,159.271,159.214,159.214
2026-08-19 18:20:00+09:00,159.214,159.224,159.165,159.189
2026-08-19 18:25:00+09:00,159.189,159.215,159.175,159.187
2026-08-19 18:30:00+09:00,159.187,159.187,159.103,159.123
2026-08-19 18:35:00+09:00,159.123,159.158,159.112,159.147
2026-08-19 18:40:00+09:00,159.147,159.15,159.125,159.132
2026-08-19 18:45:00+09:00,159.132,159.14,159.105,159.106
2026-08-19 18:50:00+09:00,159.106,159.116,159.073,159.112
2026-08-19 18:55:00+09:00,159.112,159.129,159.083,159.093
2026-08-19 19:00:00+09:00,159.093,159.101,159.061,159.079
2026-08-19 19:05:00+09:00,159.078,159.115,159.074,159.097
2026-08-19 19:10:00+09:00,159.097,159.1,159.023,159.053
2026-08-19 19:15:00+09:00,159.053,159.063,159.03,159.034
2026-08-19 19:20:00+09:00,159.034,159.053,159.002,159.035
2026-08-19 19:25:00+09:00,159.035,159.072,159.025,159.063
2026-08-19 19:30:00+09:00,159.063,159.086,159.033,159.055
2026-08-19 19:35:00+09:00,159.055,159.095,159.055,159.085
2026-08-19 19:40:00+09:00,159.085,159.087,159.054,159.065
2026-08-19 19:45:00+09:00,159.066,159.073,159.041,159.05
2026-08-19 19:50:00+09:00,159.05,159.085,159.047,159.079
2026-08-19 19:55:00+09:00,159.079,159.115,159.078,159.103
2026-08-19 20:00:00+09:00,159.103,159.129,159.092,159.105
2026-08-19 20:05:00+09:00,159.105,159.162,159.105,159.155
2026-08-19 20:10:00+09:00,159.155,159.165,159.125,159.131
2026-08-19 20:15:00+09:00,159.131,159.131,159.095,159.097
2026-08-19 20:20:00+09:00,159.097,159.127,159.097,159.115
2026-08-19 20:25:00+09:00,159.115,159.12,159.103,159.118
2026-08-19 20:30:00+09:00,159.118,159.131,159.106,159.107
2026-08-19 20:35:00+09:00,159.107,159.163,159.103,159.15
2026-08-19 20:40:00+09:00,159.15,159.191,159.149,159.169
2026-08-19 20:45:00+09:00,159.169,159.169,159.105,159.113
2026-08-19 20:50:00+09:00,159.113,159.142,159.11,159.127
2026-08-19 20:55:00+09:00,159.127,159.149,159.118,159.145
2026-08-19 21:00:00+09:00,159.145,159.159,159.095,159.109
2026-08-19 21:05:00+09:00,159.109,159.11,159.078,159.093
2026-08-19 21:10:00+09:00,159.093,159.116,159.09,159.114
2026-08-19 21:15:00+09:00,159.114,159.114,159.05,159.052
2026-08-19 21:20:00+09:00,159.053,159.066,158.934,158.998
2026-08-19 21:25:00+09:00,158.998,159.062,158.979,159.043
2026-08-19 21:30:00+09:00,159.043,159.043,158.687,158.716
2026-08-19 21:35:00+09:00,158.718,158.807,158.175,158.288
2026-08-19 21:40:00+09:00,158.287,158.58,158.265,158.46
2026-08-19 21:45:00+09:00,158.459,158.603,158.381,158.494
2026-08-19 21:50:00+09:00,158.492,158.598,158.45,158.478
2026-08-19 21:55:00+09:00,158.478,158.607,158.44,158.601
2026-08-19 22:00:00+09:00,158.601,158.604,158.462,158.508
2026-08-19 22:05:00+09:00,158.508,158.547,158.413,158.413
2026-08-19 22:10:00+09:00,158.41,158.439,158.325,158.385
2026-08-19 22:15:00+09:00,158.385,158.45,158.356,158.401
2026-08-19 22:20:00+09:00,158.401,158.476,158.364,158.475
2026-08-19 22:25:00+09:00,158.476,158.54,158.415,158.418
2026-08-19 22:30:00+09:00,158.418,158.443,158.364,158.425
2026-08-19 22:35:00+09:00,158.428,158.534,158.4,158.416
2026-08-19 22:40:00+09:00,158.416,158.514,158.397,158.482
2026-08-19 22:45:00+09:00,158.483,158.537,158.419,158.459
2026-08-19 22:50:00+09:00,158.459,158.531,158.44,158.467
2026-08-19 22:55:00+09:00,158.466,158.523,158.4,158.443
2026-08-19 23:00:00+09:00,158.443,158.471,158.383,158.421
2026-08-19 23:05:00+09:00,158.42,158.456,158.396,158.415
2026-08-19 23:10:00+09:00,158.413,158.418,158.266,158.309
2026-08-19 23:15:00+09:00,158.31,158.322,158.247,158.299
2026-08-19 23:20:00+09:00,158.3,158.363,158.269,158.334
2026-08-19 23:25:00+09:00,158.334,158.341,158.275,158.283
2026-08-19 23:30:00+09:00,158.283,158.287,158.094,158.148
2026-08-19 23:35:00+09:00,158.147,158.156,158.048,158.061
2026-08-19 23:40:00+09:00,158.061,158.17,158.058,158.156
2026-08-19 23:45:00+09:00,158.158,158.289,158.15,158.286
2026-08-19 23:50:00+09:00,158.286,158.362,158.277,158.347
2026-08-19 23:55:00+09:00,158.347,158.388,158.298,158.351
2026-08-20 00:00:00+09:00,158.351,158.465,158.35,158.431
2026-08-20 00:05:00+09:00,158.431,158.473,158.4,158.472
2026-08-20 00:10:00+09:00,158.472,158.494,158.404,158.405
2026-08-20 00:15:00+09:00,158.399,158.434,158.36,158.416
2026-08-20 00:20:00+09:00,158.416,158.499,158.397,158.497
2026-08-20 00:25:00+09:00,158.497,158.528,158.475,158.498
2026-08-20 00:30:00+09:00,158.498,158.525,158.445,158.454
2026-08-20 00:35:00+09:00,158.454,158.456,158.409,158.446
2026-08-20 00:40:00+09:00,158.446,158.482,158.395,158.4
2026-08-20 00:45:00+09:00,158.4,158.459,158.385,158.442
2026-08-20 00:50:00+09:00,158.442,158.491,158.442,158.47
2026-08-20 00:55:00+09:00,158.47,158.497,158.459,158.459
2026-08-20 01:00:00+09:00,158.46,158.492,158.427,158.43
2026-08-20 01:05:00+09:00,158.43,158.504,158.418,158.418
2026-08-20 01:10:00+09:00,158.418,158.444,158.399,158.417
2026-08-20 01:15:00+09:00,158.417,158.451,158.403,158.448
2026-08-20 01:20:00+09:00,158.448,158.454,158.398,158.411
2026-08-20 01:25:00+09:00,158.411,158.44,158.38,158.421
2026-08-20 01:30:00+09:00,158.421,158.43,158.397,158.399
2026-08-20 01:35:00+09:00,158.399,158.421,158.398,158.413
2026-08-20 01:40:00+09:00,158.413,158.432,158.386,158.403
2026-08-20 01:45:00+09:00,158.403,158.404,158.354,158.374
2026-08-20 01:50:00+09:00,158.374,158.375,158.329,158.349
2026-08-20 01:55:00+09:00,158.349,158.396,158.321,158.39
2026-08-20 02:00:00+09:00,158.391,158.426,158.33,158.418
2026-08-20 02:05:00+09:00,158.418,158.484,158.413,158.467
2026-08-20 02:10:00+09:00,158.467,158.515,158.459,158.488
2026-08-20 02:15:00+09:00,158.488,158.522,158.455,158.458
2026-08-20 02:20:00+09:00,158.458,158.486,158.453,158.48
2026-08-20 02:25:00+09:00,158.48,158.519,158.48,158.505
2026-08-20 02:30:00+09:00,158.504,158.534,158.497,158.516
2026-08-20 02:35:00+09:00,158.516,158.561,158.514,158.558
2026-08-20 02:40:00+09:00,158.558,158.561,158.519,158.547
2026-08-20 02:45:00+09:00,158.547,158.585,158.547,158.585
2026-08-20 02:50:00+09:00,158.584,158.62,158.569,158.61
2026-08-20 02:55:00+09:00,158.61,158.616,158.583,158.598
2026-08-20 03:00:00+09:00,158.598,158.599,158.427,158.428
2026-08-20 03:05:00+09:00,158.43,158.499,158.396,158.409
2026-08-20 03:10:00+09:00,158.409,158.413,158.361,158.403
2026-08-20 03:15:00+09:00,158.403,158.45,158.403,158.418
2026-08-20 03:20:00+09:00,158.417,158.499,158.417,158.486
2026-08-20 03:25:00+09:00,158.486,158.504,158.484,158.494
2026-08-20 03:30:00+09:00,158.489,158.496,158.411,158.417
2026-08-20 03:35:00+09:00,158.417,158.417,158.346,158.36
2026-08-20 03:40:00+09:00,158.36,158.36,158.268,158.331
2026-08-20 03:45:00+09:00,158.332,158.34,158.29,158.292
2026-08-20 03:50:00+09:00,158.292,158.332,158.291,158.295
2026-08-20 03:55:00+09:00,158.295,158.326,158.272,158.323
2026-08-20 04:00:00+09:00,158.323,158.359,158.323,158.349
2026-08-20 04:05:00+09:00,158.35,158.372,158.281,158.287
2026-08-20 04:10:00+09:00,158.287,158.31,158.272,158.305
2026-08-20 04:15:00+09:00,158.305,158.306,158.258,158.265
2026-08-20 04:20:00+09:00,158.266,158.282,158.243,158.245
2026-08-20 04:25:00+09:00,158.245,158.249,158.141,158.156
2026-08-20 04:30:00+09:00,158.156,158.19,158.143,158.177
2026-08-20 04:35:00+09:00,158.177,158.274,158.173,158.227
2026-08-20 04:40:00+09:00,158.226,158.265,158.206,158.263
2026-08-20 04:45:00+09:00,158.263,158.293,158.257,158.272
2026-08-20 04:50:00+09:00,158.272,158.275,158.198,158.199
2026-08-20 04:55:00+09:00,158.199,158.218,158.106,158.152
2026-08-20 05:00:00+09:00,158.152,158.153,158.096,158.124
2026-08-20 05:05:00+09:00,158.124,158.164,158.124,158.141
2026-08-20 05:10:00+09:00,158.141,158.179,158.141,158.165
2026-08-20 05:15:00+09:00,158.164,158.193,158.164,158.188
2026-08-20 05:20:00+09:00,158.188,158.189,158.177,158.183
2026-08-20 05:25:00+09:00,158.181,158.225,158.179,158.216
2026-08-20 05:30:00+09:00,158.216,158.229,158.2,158.203
2026-08-20 05:35:00+09:00,158.203,158.203,158.174,158.178
2026-08-20 05:40:00+09:00,158.178,158.196,158.143,158.162
2026-08-20 05:45:00+09:00,158.162,158.212,158.156,158.196
2026-08-20 05:50:00+09:00,158.196,158.212,158.193,158.205
2026-08-20 05:55:00+09:00,158.205,158.224,158.2,158.213
2026-08-20 06:00:00+09:00,158.213,158.224,158.176,158.187
2026-08-20 06:05:00+09:00,158.187,158.191,158.186,158.191
2026-08-20 06:10:00+09:00,158.191,158.191,158.17,158.172
2026-08-20 06:15:00+09:00,158.172,158.188,158.168,158.17
2026-08-20 06:20:00+09:00,158.17,158.172,158.166,158.169
2026-08-20 06:25:00+09:00,158.169,158.177,158.168,158.175
2026-08-20 06:30:00+09:00,158.175,158.177,158.173,158.176
2026-08-20 06:35:00+09:00,158.176,158.177,158.173,158.174
2026-08-20 06:40:00+09:00,158.174,158.184,158.173,158.181
2026-08-20 06:45:00+09:00,158.181,158.182,158.175,158.176
2026-08-20 06:50:00+09:00,158.176,158.176,158.172,158.174
2026-08-20 06:55:00+09:00,158.174,158.208,158.174,158.174
2026-08-20 07:00:00+09:00,158.174,158.178,158.08,158.094
2026-08-20 07:05:00+09:00,158.094,158.128,158.081,158.123
2026-08-20 07:10:00+09:00,158.123,158.123,158.072,158.083
2026-08-20 07:15:00+09:00,158.083,158.092,158.065,158.091
2026-08-20 07:20:00+09:00,158.091,158.093,158.07,158.078
2026-08-20 07:25:00+09:00,158.078,158.092,158.078,158.09
2026-08-20 07:30:00+09:00,158.09,158.119,158.09,158.114
2026-08-20 07:35:00+09:00,158.114,158.134,158.112,158.134
2026-08-20 07:40:00+09:00,158.134,158.154,158.127,158.147
2026-08-20 07:45:00+09:00,158.148,158.164,158.141,158.163
2026-08-20 07:50:00+09:00,158.163,158.211,158.163,158.21
2026-08-20 07:55:00+09:00,158.21,158.213,158.188,158.212
2026-08-20 08:00:00+09:00,158.212,158.247,158.206,158.218
2026-08-20 08:05:00+09:00,158.218,158.22,158.193,158.216
2026-08-20 08:10:00+09:00,158.216,158.241,158.212,158.226
2026-08-20 08:15:00+09:00,158.226,158.239,158.218,158.22
2026-08-20 08:20:00+09:00,158.22,158.224,158.208,158.221
2026-08-20 08:25:00+09:00,158.221,158.244,158.219,158.241
2026-08-20 08:30:00+09:00,158.241,158.266,158.23,158.266
2026-08-20 08:35:00+09:00,158.267,158.27,158.225,158.229
2026-08-20 08:40:00+09:00,158.229,158.267,158.229,158.267
2026-08-20 08:45:00+09:00,158.267,158.277,158.256,158.269
2026-08-20 08:50:00+09:00,158.269,158.273,158.244,158.256
2026-08-20 08:55:00+09:00,158.256,158.289,158.252,158.271
2026-08-20 09:00:00+09:00,158.27,158.285,158.167,158.2
2026-08-20 09:05:00+09:00,158.201,158.353,158.201,158.349
2026-08-20 09:10:00+09:00,158.349,158.378,158.326,158.334
2026-08-20 09:15:00+09:00,158.331,158.333,158.262,158.302
2026-08-20 09:20:00+09:00,158.301,158.364,158.301,158.352
2026-08-20 09:25:00+09:00,158.352,158.367,158.333,158.345
2026-08-20 09:30:00+09:00,158.345,158.345,158.289,158.326
2026-08-20 09:35:00+09:00,158.326,158.345,158.306,158.34
2026-08-20 09:40:00+09:00,158.34,158.375,158.338,158.375
2026-08-20 09:45:00+09:00,158.375,158.405,158.365,158.4
2026-08-20 09:50:00+09:00,158.4,158.438,158.395,158.416
2026-08-20 09:55:00+09:00,158.414,158.415,158.359,158.408
2026-08-20 10:00:00+09:00,158.409,158.484,158.399,158.464
2026-08-20 10:05:00+09:00,158.464,158.492,158.455,158.46
2026-08-20 10:10:00+09:00,158.459,158.518,158.452,158.471
2026-08-20 10:15:00+09:00,158.471,158.497,158.423,158.428
2026-08-20 10:20:00+09:00,158.428,158.436,158.396,158.398
2026-08-20 10:25:00+09:00,158.398,158.427,158.371,158.383
2026-08-20 10:30:00+09:00,158.383,158.421,158.332,158.377
2026-08-20 10:35:00+09:00,158.377,158.42,158.367,158.411
2026-08-20 10:40:00+09:00,158.411,158.489,158.41,158.489
2026-08-20 10:45:00+09:00,158.489,158.564,158.481,158.559
2026-08-20 10:50:00+09:00,158.559,158.569,158.518,158.525
2026-08-20 10:55:00+09:00,158.525,158.564,158.503,158.536
2026-08-20 11:00:00+09:00,158.535,158.538,158.322,158.471
2026-08-20 11:05:00+09:00,158.471,158.511,158.417,158.51
2026-08-20 11:10:00+09:00,158.51,158.54,158.475,158.496
2026-08-20 11:15:00+09:00,158.496,158.508,158.469,158.499
2026-08-20 11:20:00+09:00,158.499,158.519,158.458,158.473
2026-08-20 11:25:00+09:00,158.473,158.487,158.445,158.455
2026-08-20 11:30:00+09:00,158.455,158.458,158.417,158.432
2026-08-20 11:35:00+09:00,158.432,158.455,158.417,158.435
2026-08-20 11:40:00+09:00,158.435,158.439,158.395,158.438
2026-08-20 11:45:00+09:00,158.438,158.444,158.414,158.444
2026-08-20 11:50:00+09:00,158.444,158.468,158.438,158.459
2026-08-20 11:55:00+09:00,158.46,158.472,158.442,158.446
2026-08-20 12:00:00+09:00,158.446,158.458,158.43,158.451
2026-08-20 12:05:00+09:00,158.451,158.494,158.45,158.475
2026-08-20 12:10:00+09:00,158.475,158.478,158.392,158.4
2026-08-20 12:15:00+09:00,158.4,158.437,158.399,158.411
2026-08-20 12:20:00+09:00,158.411,158.415,158.382,158.386
2026-08-20 12:25:00+09:00,158.386,158.445,158.38,158.434
2026-08-20 12:30:00+09:00,158.434,158.456,158.426,158.456
2026-08-20 12:35:00+09:00,158.456,158.48,158.456,158.462
2026-08-20 12:40:00+09:00,158.462,158.473,158.452,158.454
2026-08-20 12:45:00+09:00,158.454,158.455,158.442,158.447
2026-08-20 12:50:00+09:00,158.447,158.47,158.416,158.418
2026-08-20 12:55:00+09:00,158.418,158.445,158.418,158.438
2026-08-20 13:00:00+09:00,158.438,158.443,158.425,158.439
2026-08-20 13:05:00+09:00,158.439,158.452,158.431,158.434
2026-08-20 13:10:00+09:00,158.434,158.455,158.42,158.436
2026-08-20 13:15:00+09:00,158.437,158.472,158.433,158.47
2026-08-20 13:20:00+09:00,158.47,158.473,158.455,158.468
2026-08-20 13:25:00+09:00,158.468,158.481,158.452,158.471
2026-08-20 13:30:00+09:00,158.471,158.502,158.469,158.498
2026-08-20 13:35:00+09:00,158.498,158.53,158.498,158.525
2026-08-20 13:40:00+09:00,158.521,158.542,158.519,158.541
2026-08-20 13:45:00+09:00,158.541,158.569,158.541,158.557
2026-08-20 13:50:00+09:00,158.557,158.62,158.535,158.604
2026-08-20 13:55:00+09:00,158.605,158.638,158.482,158.576
2026-08-20 14:00:00+09:00,158.577,158.587,158.538,158.557
2026-08-20 14:05:00+09:00,158.558,158.587,158.558,158.58
2026-08-20 14:10:00+09:00,158.58,158.617,158.575,158.582
2026-08-20 14:15:00+09:00,158.582,158.616,158.58,158.587
2026-08-20 14:20:00+09:00,158.587,158.623,158.581,158.62
2026-08-20 14:25:00+09:00,158.62,158.684,158.62,158.683
2026-08-20 14:30:00+09:00,158.683,158.713,158.65,158.697
2026-08-20 14:35:00+09:00,158.697,158.713,158.687,158.696
2026-08-20 14:40:00+09:00,158.696,158.734,158.689,158.725
2026-08-20 14:45:00+09:00,158.724,158.73,158.685,158.687
2026-08-20 14:50:00+09:00,158.687,158.706,158.668,158.678
2026-08-20 14:55:00+09:00,158.678,158.678,158.612,158.64
2026-08-20 15:00:00+09:00,158.64,158.659,158.618,158.645
2026-08-20 15:05:00+09:00,158.645,158.664,158.614,158.617
2026-08-20 15:10:00+09:00,158.617,158.62,158.532,158.56
2026-08-20 15:15:00+09:00,158.56,158.573,158.512,158.513
2026-08-20 15:20:00+09:00,158.513,158.538,158.465,158.486
2026-08-20 15:25:00+09:00,158.487,158.541,158.487,158.513
2026-08-20 15:30:00+09:00,158.513,158.553,158.493,158.525
2026-08-20 15:35:00+09:00,158.525,158.534,158.467,158.486
2026-08-20 15:40:00+09:00,158.486,158.506,158.474,158.481
2026-08-20 15:45:00+09:00,158.481,158.483,158.413,158.469
2026-08-20 15:50:00+09:00,158.469,158.484,158.452,158.454
2026-08-20 15:55:00+09:00,158.454,158.456,158.362,158.369
2026-08-20 16:00:00+09:00,158.369,158.432,158.339,158.411
2026-08-20 16:05:00+09:00,158.411,158.422,158.337,158.407
2026-08-20 16:10:00+09:00,158.407,158.412,158.367,158.398
2026-08-20 16:15:00+09:00,158.398,158.448,158.397,158.42
2026-08-20 16:20:00+09:00,158.42,158.504,158.413,158.499
2026-08-20 16:25:00+09:00,158.499,158.55,158.491,158.53
2026-08-20 16:30:00+09:00,158.53,158.545,158.459,158.459
2026-08-20 16:35:00+09:00,158.458,158.486,158.439,158.475
2026-08-20 16:40:00+09:00,158.475,158.476,158.406,158.466
2026-08-20 16:45:00+09:00,158.466,158.51,158.449,158.499
2026-08-20 16:50:00+09:00,158.499,158.506,158.461,158.476
2026-08-20 16:55:00+09:00,158.476,158.478,158.435,158.444
2026-08-20 17:00:00+09:00,158.444,158.493,158.438,158.451
2026-08-20 17:05:00+09:00,158.45,158.484,158.42,158.431
2026-08-20 17:10:00+09:00,158.431,158.439,158.397,158.403
2026-08-20 17:15:00+09:00,158.403,158.434,158.379,158.43
2026-08-20 17:20:00+09:00,158.43,158.435,158.405,158.42
2026-08-20 17:25:00+09:00,158.42,158.499,158.399,158.494
2026-08-20 17:30:00+09:00,158.494,158.522,158.474,158.474
2026-08-20 17:35:00+09:00,158.474,158.496,158.444,158.474
2026-08-20 17:40:00+09:00,158.474,158.51,158.462,158.498
2026-08-20 17:45:00+09:00,158.498,158.522,158.486,158.518
2026-08-20 17:50:00+09:00,158.518,158.537,158.5,158.515
2026-08-20 17:55:00+09:00,158.515,158.539,158.497,158.499
2026-08-20 18:00:00+09:00,158.498,158.499,158.459,158.476
2026-08-20 18:05:00+09:00,158.476,158.497,158.445,158.448
2026-08-20 18:10:00+09:00,158.448,158.449,158.386,158.414
2026-08-20 18:15:00+09:00,158.414,158.414,158.277,158.294
2026-08-20 18:20:00+09:00,158.294,158.294,158.207,158.27
2026-08-20 18:25:00+09:00,158.27,158.312,158.241,158.303
2026-08-20 18:30:00+09:00,158.303,158.312,158.257,158.299
2026-08-20 18:35:00+09:00,158.299,158.356,158.293,158.351
2026-08-20 18:40:00+09:00,158.351,158.366,158.291,158.311
2026-08-20 18:45:00+09:00,158.311,158.367,158.311,158.351
2026-08-20 18:50:00+09:00,158.351,158.359,158.309,158.347
2026-08-20 18:55:00+09:00,158.347,158.386,158.341,158.345
2026-08-20 19:00:00+09:00,158.345,158.382,158.321,158.338
2026-08-20 19:05:00+09:00,158.338,158.338,158.266,158.266
2026-08-20 19:10:00+09:00,158.266,158.287,158.242,158.287
2026-08-20 19:15:00+09:00,158.287,158.287,158.257,158.274
2026-08-20 19:20:00+09:00,158.274,158.326,158.274,158.306
2026-08-20 19:25:00+09:00,158.306,158.308,158.267,158.271
2026-08-20 19:30:00+09:00,158.271,158.314,158.27,158.29
2026-08-20 19:35:00+09:00,158.29,158.315,158.272,158.306
2026-08-20 19:40:00+09:00,158.306,158.371,158.304,158.369
2026-08-20 19:45:00+09:00,158.369,158.425,158.369,158.425
2026-08-20 19:50:00+09:00,158.427,158.487,158.421,158.479
2026-08-20 19:55:00+09:00,158.479,158.525,158.461,158.476
2026-08-20 20:00:00+09:00,158.476,158.558,158.476,158.547
2026-08-20 20:05:00+09:00,158.547,158.6,158.547,158.575
2026-08-20 20:10:00+09:00,158.575,158.617,158.566,158.613
2026-08-20 20:15:00+09:00,158.613,158.643,158.612,158.617
2026-08-20 20:20:00+09:00,158.617,158.618,158.555,158.569
2026-08-20 20:25:00+09:00,158.569,158.581,158.53,158.58
2026-08-20 20:30:00+09:00,158.58,158.595,158.539,158.546
2026-08-20 20:35:00+09:00,158.546,158.578,158.546,158.551
2026-08-20 20:40:00+09:00,158.551,158.646,158.544,158.642
2026-08-20 20:45:00+09:00,158.642,158.697,158.635,158.658
2026-08-20 20:50:00+09:00,158.658,158.715,158.654,158.686
2026-08-20 20:55:00+09:00,158.686,158.695,158.629,158.664
2026-08-20 21:00:00+09:00,158.664,158.754,158.647,158.723
2026-08-20 21:05:00+09:00,158.723,158.804,158.722,158.77
2026-08-20 21:10:00+09:00,158.769,158.77,158.715,158.727
2026-08-20 21:15:00+09:00,158.727,158.732,158.656,158.674
2026-08-20 21:20:00+09:00,158.674,158.698,158.634,158.67
2026-08-20 21:25:00+09:00,158.67,158.675,158.645,158.668
2026-08-20 21:30:00+09:00,158.667,158.784,158.645,158.779
2026-08-20 21:35:00+09:00,158.779,158.779,158.731,158.738
2026-08-20 21:40:00+09:00,158.738,158.74,158.647,158.649
2026-08-20 21:45:00+09:00,158.649,158.7,158.614,158.614
2026-08-20 21:50:00+09:00,158.617,158.672,158.602,158.666
2026-08-20 21:55:00+09:00,158.666,158.674,158.626,158.645
2026-08-20 22:00:00+09:00,158.645,158.645,158.555,158.577
2026-08-20 22:05:00+09:00,158.577,158.603,158.543,158.581
2026-08-20 22:10:00+09:00,158.581,158.645,158.556,158.635
2026-08-20 22:15:00+09:00,158.635,158.654,158.575,158.578
2026-08-20 22:20:00+09:00,158.578,158.62,158.566,158.612
2026-08-20 22:25:00+09:00,158.612,158.664,158.611,158.629
2026-08-20 22:30:00+09:00,158.627,158.727,158.603,158.707
2026-08-20 22:35:00+09:00,158.708,158.708,158.618,158.659
2026-08-20 22:40:00+09:00,158.659,158.698,158.655,158.685
2026-08-20 22:45:00+09:00,158.685,158.818,158.675,158.817
2026-08-20 22:50:00+09:00,158.818,158.818,158.75,158.754
2026-08-20 22:55:00+09:00,158.754,158.839,158.737,158.828
2026-08-20 23:00:00+09:00,158.828,158.879,158.787,158.874
2026-08-20 23:05:00+09:00,158.874,158.893,158.848,158.864
2026-08-20 23:10:00+09:00,158.864,158.882,158.829,158.867
2026-08-20 23:15:00+09:00,158.867,158.897,158.836,158.844
2026-08-20 23:20:00+09:00,158.844,158.845,158.744,158.777
2026-08-20 23:25:00+09:00,158.777,158.826,158.759,158.793
2026-08-20 23:30:00+09:00,158.793,158.816,158.779,158.78
2026-08-20 23:35:00+09:00,158.78,158.795,158.749,158.794
2026-08-20 23:40:00+09:00,158.794,158.803,158.754,158.755
2026-08-20 23:45:00+09:00,158.755,158.776,158.722,158.722
2026-08-20 23:50:00+09:00,158.722,158.774,158.716,158.757
2026-08-20 23:55:00+09:00,158.757,158.767,158.713,158.729
2026-08-21 00:00:00+09:00,158.729,158.744,158.586,158.664
2026-08-21 00:05:00+09:00,158.663,158.798,158.522,158.752
2026-08-21 00:10:00+09:00,158.752,158.824,158.734,158.751
2026-08-21 00:15:00+09:00,158.751,158.799,158.749,158.773
2026-08-21 00:20:00+09:00,158.772,158.852,158.747,158.822
2026-08-21 00:25:00+09:00,158.822,158.861,158.762,158.762
2026-08-21 00:30:00+09:00,158.762,158.839,158.757,158.838
2026-08-21 00:35:00+09:00,158.838,158.913,158.831,158.893
2026-08-21 00:40:00+09:00,158.893,158.98,158.875,158.968
2026-08-21 00:45:00+09:00,158.968,158.972,158.905,158.928
2026-08-21 00:50:00+09:00,158.928,158.946,158.902,158.927
2026-08-21 00:55:00+09:00,158.923,158.933,158.852,158.856
2026-08-21 01:00:00+09:00,158.856,158.895,158.844,158.894
2026-08-21 01:05:00+09:00,158.894,158.926,158.884,158.916
2026-08-21 01:10:00+09:00,158.916,158.969,158.91,158.968
2026-08-21 01:15:00+09:00,158.968,158.986,158.963,158.967
2026-08-21 01:20:00+09:00,158.967,159.005,158.961,158.99
2026-08-21 01:25:00+09:00,158.99,159.105,158.99,159.08
2026-08-21 01:30:00+09:00,159.08,159.096,159.049,159.05
2026-08-21 01:35:00+09:00,159.05,159.076,159.024,159.065
2026-08-21 01:40:00+09:00,159.065,159.083,159.033,159.05
2026-08-21 01:45:00+09:00,159.05,159.06,158.998,158.999
2026-08-21 01:50:00+09:00,158.999,159.048,158.99,159.044
2026-08-21 01:55:00+09:00,159.042,159.047,158.999,159.003
2026-08-21 02:00:00+09:00,159.003,159.005,158.972,158.98
2026-08-21 02:05:00+09:00,158.98,159.013,158.973,159.005
2026-08-21 02:10:00+09:00,159.005,159.038,159.004,159.033
2026-08-21 02:15:00+09:00,159.033,159.049,159.011,159.045
2026-08-21 02:20:00+09:00,159.045,159.061,159.045,159.058
2026-08-21 02:25:00+09:00,159.058,159.061,159.032,159.034
2026-08-21 02:30:00+09:00,159.034,159.075,159.034,159.066
2026-08-21 02:35:00+09:00,159.066,159.085,159.058,159.081
2026-08-21 02:40:00+09:00,159.081,159.105,159.062,159.066
2026-08-21 02:45:00+09:00,159.066,159.075,159.057,159.065
2026-08-21 02:50:00+09:00,159.065,159.07,159.049,159.054
2026-08-21 02:55:00+09:00,159.054,159.089,159.054,159.056
2026-08-21 03:00:00+09:00,159.056,159.073,159.041,159.052
2026-08-21 03:05:00+09:00,159.052,159.088,159.039,159.084
2026-08-21 03:10:00+09:00,159.084,159.156,159.078,159.13
2026-08-21 03:15:00+09:00,159.13,159.175,159.13,159.136
2026-08-21 03:20:00+09:00,159.136,159.157,159.126,159.156
2026-08-21 03:25:00+09:00,159.156,159.18,159.13,159.171
2026-08-21 03:30:00+09:00,159.171,159.175,159.136,159.14
2026-08-21 03:35:00+09:00,159.14,159.149,159.127,159.146
2026-08-21 03:40:00+09:00,159.146,159.148,159.124,159.146
2026-08-21 03:45:00+09:00,159.146,159.162,159.144,159.158
2026-08-21 03:50:00+09:00,159.158,159.16,159.111,159.12
2026-08-21 03:55:00+09:00,159.12,159.158,159.113,159.145
2026-08-21 04:00:00+09:00,159.145,159.185,159.145,159.16
2026-08-21 04:05:00+09:00,159.16,159.165,159.148,159.15
2026-08-21 04:10:00+09:00,159.15,159.159,159.129,159.132
2026-08-21 04:15:00+09:00,159.132,159.141,159.122,159.133
2026-08-21 04:20:00+09:00,159.133,159.133,159.11,159.118
2026-08-21 04:25:00+09:00,159.119,159.147,159.114,159.146
2026-08-21 04:30:00+09:00,159.147,159.157,159.119,159.13
2026-08-21 04:35:00+09:00,159.13,159.133,159.108,159.116
2026-08-21 04:40:00+09:00,159.116,159.14,159.114,159.137
2026-08-21 04:45:00+09:00,159.137,159.147,159.132,159.132
2026-08-21 04:50:00+09:00,159.132,159.138,159.12,159.124
2026-08-21 04:55:00+09:00,159.124,159.14,159.117,159.121
2026-08-21 05:00:00+09:00,159.121,159.124,159.106,159.109
2026-08-21 05:05:00+09:00,159.109,159.126,159.107,159.118
2026-08-21 05:10:00+09:00,159.118,159.119,159.104,159.119
2026-08-21 05:15:00+09:00,159.119,159.124,159.117,159.121
2026-08-21 05:20:00+09:00,159.121,159.145,159.121,159.145
2026-08-21 05:25:00+09:00,159.145,159.145,159.124,159.127
2026-08-21 05:30:00+09:00,159.127,159.128,159.1,159.105
2026-08-21 05:35:00+09:00,159.105,159.105,159.093,159.094
2026-08-21 05:40:00+09:00,159.094,159.094,159.08,159.085
2026-08-21 05:45:00+09:00,159.085,159.131,159.083,159.121
2026-08-21 05:50:00+09:00,159.121,159.14,159.12,159.127
2026-08-21 05:55:00+09:00,159.127,159.129,159.099,159.1
2026-08-21 06:00:00+09:00,159.1,159.1,159.073,159.09
2026-08-21 06:05:00+09:00,159.09,159.147,159.087,159.125
2026-08-21 06:10:00+09:00,159.125,159.127,159.124,159.125
2026-08-21 06:15:00+09:00,159.125,159.125,159.102,159.102
2026-08-21 06:20:00+09:00,159.102,159.108,159.098,159.108
2026-08-21 06:25:00+09:00,159.108,159.109,159.1,159.104
2026-08-21 06:30:00+09:00,159.104,159.104,159.09,159.098
2026-08-21 06:35:00+09:00,159.098,159.102,159.095,159.101
2026-08-21 06:40:00+09:00,159.101,159.144,159.098,159.118
2026-08-21 06:45:00+09:00,159.118,159.127,159.114,159.119
2026-08-21 06:50:00+09:00,159.119,159.129,159.119,159.12
2026-08-21 06:55:00+09:00,159.12,159.124,159.101,159.101
2026-08-21 07:00:00+09:00,159.101,159.126,159.076,159.081
2026-08-21 07:05:00+09:00,159.081,159.092,159.08,159.082
2026-08-21 07:10:00+09:00,159.082,159.082,159.038,159.04
2026-08-21 07:15:00+09:00,159.04,159.049,159.04,159.045
2026-08-21 07:20:00+09:00,159.045,159.046,159.022,159.022
2026-08-21 07:25:00+09:00,159.022,159.023,158.973,158.999
2026-08-21 07:30:00+09:00,158.999,159.028,158.999,159.022
2026-08-21 07:35:00+09:00,159.022,159.024,159.014,159.014
2026-08-21 07:40:00+09:00,159.014,159.019,158.999,159.017
2026-08-21 07:45:00+09:00,159.017,159.019,158.997,159.002
2026-08-21 07:50:00+09:00,159.002,159.002,158.962,158.98
2026-08-21 07:55:00+09:00,158.98,158.989,158.972,158.974
2026-08-21 08:00:00+09:00,158.974,158.974,158.927,158.935
2026-08-21 08:05:00+09:00,158.934,158.957,158.934,158.945
2026-08-21 08:10:00+09:00,158.945,158.946,158.909,158.916
2026-08-21 08:15:00+09:00,158.916,158.921,158.89,158.901
2026-08-21 08:20:00+09:00,158.901,158.905,158.899,158.9
2026-08-21 08:25:00+09:00,158.9,158.92,158.886,158.913
2026-08-21 08:30:00+09:00,158.913,158.951,158.883,158.938
2026-08-21 08:35:00+09:00,158.938,158.955,158.938,158.944
2026-08-21 08:40:00+09:00,158.944,158.944,158.895,158.912
2026-08-21 08:45:00+09:00,158.912,158.928,158.882,158.896
2026-08-21 08:50:00+09:00,158.896,158.938,158.892,158.934
2026-08-21 08:55:00+09:00,158.935,158.935,158.903,158.903
2026-08-21 09:00:00+09:00,158.903,158.991,158.873,158.96
2026-08-21 09:05:00+09:00,158.96,159.025,158.96,159.009
2026-08-21 09:10:00+09:00,159.009,159.017,158.96,158.974
2026-08-21 09:15:00+09:00,158.973,159.001,158.92,158.929
2026-08-21 09:20:00+09:00,158.929,158.973,158.915,158.968
2026-08-21 09:25:00+09:00,158.968,159.027,158.96,159.004
2026-08-21 09:30:00+09:00,159.004,159.081,159.002,159.072
2026-08-21 09:35:00+09:00,159.072,159.093,159.042,159.084
2026-08-21 09:40:00+09:00,159.084,159.103,159.067,159.09
2026-08-21 09:45:00+09:00,159.09,159.13,159.083,159.119
2026-08-21 09:50:00+09:00,159.119,159.122,159.058,159.084
2026-08-21 09:55:00+09:00,159.08,159.117,159.057,159.098
2026-08-21 10:00:00+09:00,159.098,159.137,159.065,159.107
2026-08-21 10:05:00+09:00,159.107,159.131,159.088,159.109
2026-08-21 10:10:00+09:00,159.11,159.127,159.067,159.078
2026-08-21 10:15:00+09:00,159.078,159.09,159.027,159.054
2026-08-21 10:20:00+09:00,159.054,159.056,158.974,158.987
2026-08-21 10:25:00+09:00,158.987,158.987,158.953,158.977
2026-08-21 10:30:00+09:00,158.977,158.978,158.926,158.941
2026-08-21 10:35:00+09:00,158.941,158.966,158.912,158.964
2026-08-21 10:40:00+09:00,158.965,159.0,158.964,159.0
2026-08-21 10:45:00+09:00,159.0,159.001,158.954,158.956
2026-08-21 10:50:00+09:00,158.956,159.006,158.953,158.989
2026-08-21 10:55:00+09:00,158.989,158.991,158.951,158.952
2026-08-21 11:00:00+09:00,158.952,158.989,158.928,158.989
2026-08-21 11:05:00+09:00,158.989,159.023,158.979,158.995
2026-08-21 11:10:00+09:00,158.995,159.003,158.972,158.981
2026-08-21 11:15:00+09:00,158.981,159.015,158.98,159.006
2026-08-21 11:20:00+09:00,159.006,159.026,158.948,158.97
2026-08-21 11:25:00+09:00,158.97,158.997,158.958,158.996
2026-08-21 11:30:00+09:00,158.996,158.996,158.952,158.953
2026-08-21 11:35:00+09:00,158.953,158.957,158.92,158.924
2026-08-21 11:40:00+09:00,158.924,158.951,158.897,158.936
2026-08-21 11:45:00+09:00,158.936,158.936,158.882,158.902
2026-08-21 11:50:00+09:00,158.902,158.944,158.89,158.941
2026-08-21 11:55:00+09:00,158.941,158.974,158.938,158.974
2026-08-21 12:00:00+09:00,158.974,158.993,158.951,158.993
2026-08-21 12:05:00+09:00,158.993,158.993,158.958,158.969
2026-08-21 12:10:00+09:00,158.969,158.975,158.954,158.962
2026-08-21 12:15:00+09:00,158.962,158.971,158.941,158.965
2026-08-21 12:20:00+09:00,158.965,158.988,158.958,158.987
2026-08-21 12:25:00+09:00,158.987,159.008,158.977,159.007
2026-08-21 12:30:00+09:00,159.007,159.068,159.005,159.054
2026-08-21 12:35:00+09:00,159.054,159.089,159.051,159.062
2026-08-21 12:40:00+09:00,159.061,159.072,159.046,159.046
2026-08-21 12:45:00+09:00,159.046,159.073,159.044,159.061
2026-08-21 12:50:00+09:00,159.06,159.073,159.026,159.027
2026-08-21 12:55:00+09:00,159.027,159.027,158.994,159.003
2026-08-21 13:00:00+09:00,159.003,159.016,158.962,158.971
2026-08-21 13:05:00+09:00,158.971,158.998,158.957,158.99
2026-08-21 13:10:00+09:00,158.99,159.001,158.979,158.987
2026-08-21 13:15:00+09:00,158.987,158.999,158.975,158.977
2026-08-21 13:20:00+09:00,158.977,159.017,158.977,159.014
2026-08-21 13:25:00+09:00,159.014,159.036,159.012,159.017
2026-08-21 13:30:00+09:00,159.017,159.037,159.015,159.025
2026-08-21 13:35:00+09:00,159.025,159.054,159.025,159.04
2026-08-21 13:40:00+09:00,159.04,159.069,159.036,159.037
2026-08-21 13:45:00+09:00,159.037,159.06,159.033,159.057
2026-08-21 13:50:00+09:00,159.057,159.057,159.038,159.041
2026-08-21 13:55:00+09:00,159.041,159.041,158.995,159.008
2026-08-21 14:00:00+09:00,159.008,159.035,159.005,159.005
2026-08-21 14:05:00+09:00,159.005,159.018,158.998,159.012
2026-08-21 14:10:00+09:00,159.012,159.021,158.996,159.019
2026-08-21 14:15:00+09:00,159.019,159.025,159.007,159.022
2026-08-21 14:20:00+09:00,159.022,159.035,159.021,159.025
2026-08-21 14:25:00+09:00,159.025,159.032,159.012,159.021
2026-08-21 14:30:00+09:00,159.021,159.021,158.971,158.972
2026-08-21 14:35:00+09:00,158.972,158.974,158.896,158.923
2026-08-21 14:40:00+09:00,158.922,158.948,158.859,158.859
2026-08-21 14:45:00+09:00,158.859,158.902,158.836,158.838
2026-08-21 14:50:00+09:00,158.838,158.86,158.819,158.857
2026-08-21 14:55:00+09:00,158.858,158.863,158.826,158.839
2026-08-21 15:00:00+09:00,158.839,158.892,158.797,158.88
2026-08-21 15:05:00+09:00,158.88,158.907,158.868,158.88
2026-08-21 15:10:00+09:00,158.88,158.921,158.879,158.909
2026-08-21 15:15:00+09:00,158.909,158.942,158.886,158.941
2026-08-21 15:20:00+09:00,158.941,158.971,158.931,158.963
2026-08-21 15:25:00+09:00,158.964,158.983,158.956,158.982
2026-08-21 15:30:00+09:00,158.982,158.989,158.91,158.912
2026-08-21 15:35:00+09:00,158.911,158.955,158.899,158.94
2026-08-21 15:40:00+09:00,158.941,158.966,158.925,158.936
2026-08-21 15:45:00+09:00,158.936,158.962,158.896,158.896
2026-08-21 15:50:00+09:00,158.897,158.912,158.882,158.907
2026-08-21 15:55:00+09:00,158.907,158.936,158.889,158.896
2026-08-21 16:00:00+09:00,158.897,158.924,158.835,158.86
2026-08-21 16:05:00+09:00,158.86,158.913,158.849,158.908
2026-08-21 16:10:00+09:00,158.908,158.937,158.892,158.895
2026-08-21 16:15:00+09:00,158.895,158.909,158.864,158.874
2026-08-21 16:20:00+09:00,158.874,158.922,158.871,158.895
2026-08-21 16:25:00+09:00,158.895,158.908,158.88,158.885
2026-08-21 16:30:00+09:00,158.885,158.895,158.816,158.834
2026-08-21 16:35:00+09:00,158.834,158.846,158.774,158.784
2026-08-21 16:40:00+09:00,158.784,158.848,158.768,158.844
2026-08-21 16:45:00+09:00,158.844,158.846,158.773,158.777
2026-08-21 16:50:00+09:00,158.778,158.85,158.737,158.827
2026-08-21 16:55:00+09:00,158.827,158.845,158.805,158.825
2026-08-21 17:00:00+09:00,158.825,158.84,158.774,158.803
2026-08-21 17:05:00+09:00,158.803,158.875,158.781,158.842
2026-08-21 17:10:00+09:00,158.843,158.846,158.813,158.817
2026-08-21 17:15:00+09:00,158.817,158.846,158.794,158.814
2026-08-21 17:20:00+09:00,158.814,158.847,158.801,158.803
2026-08-21 17:25:00+09:00,158.803,158.804,158.723,158.733
2026-08-21 17:30:00+09:00,158.734,158.753,158.69,158.693
2026-08-21 17:35:00+09:00,158.691,158.714,158.611,158.613
2026-08-21 17:40:00+09:00,158.613,158.627,158.56,158.578
2026-08-21 17:45:00+09:00,158.578,158.647,158.567,158.609
2026-08-21 17:50:00+09:00,158.61,158.611,158.553,158.575
2026-08-21 17:55:00+09:00,158.575,158.594,158.517,158.533
2026-08-21 18:00:00+09:00,158.533,158.562,158.471,158.486
2026-08-21 18:05:00+09:00,158.486,158.542,158.387,158.398
2026-08-21 18:10:00+09:00,158.398,158.441,158.357,158.425
2026-08-21 18:15:00+09:00,158.426,158.47,158.413,158.465
2026-08-21 18:20:00+09:00,158.465,158.487,158.427,158.468
2026-08-21 18:25:00+09:00,158.468,158.52,158.467,158.495
2026-08-21 18:30:00+09:00,158.495,158.525,158.451,158.462
2026-08-21 18:35:00+09:00,158.465,158.502,158.462,158.49
2026-08-21 18:40:00+09:00,158.49,158.554,158.49,158.539
2026-08-21 18:45:00+09:00,158.539,158.586,158.536,158.558
2026-08-21 18:50:00+09:00,158.558,158.601,158.558,158.574
2026-08-21 18:55:00+09:00,158.574,158.61,158.559,158.607
2026-08-21 19:00:00+09:00,158.607,158.623,158.575,158.614
2026-08-21 19:05:00+09:00,158.614,158.642,158.586,158.635
2026-08-21 19:10:00+09:00,158.635,158.651,158.623,158.64
2026-08-21 19:15:00+09:00,158.64,158.641,158.575,158.59
2026-08-21 19:20:00+09:00,158.589,158.612,158.582,158.582
2026-08-21 19:25:00+09:00,158.582,158.589,158.527,158.536
2026-08-21 19:30:00+09:00,158.536,158.578,158.534,158.574
2026-08-21 19:35:00+09:00,158.574,158.587,158.561,158.582
2026-08-21 19:40:00+09:00,158.583,158.613,158.583,158.598
2026-08-21 19:45:00+09:00,158.598,158.635,158.589,158.634
2026-08-21 19:50:00+09:00,158.634,158.722,158.634,158.713
2026-08-21 19:55:00+09:00,158.713,158.737,158.691,158.705
2026-08-21 20:00:00+09:00,158.704,158.711,158.684,158.698
2026-08-21 20:05:00+09:00,158.698,158.771,158.695,158.737
2026-08-21 20:10:00+09:00,158.737,158.744,158.713,158.735
2026-08-21 20:15:00+09:00,158.735,158.735,158.706,158.721
2026-08-21 20:20:00+09:00,158.721,158.729,158.596,158.623
2026-08-21 20:25:00+09:00,158.623,158.648,158.557,158.562
2026-08-21 20:30:00+09:00,158.562,158.673,158.555,158.651
2026-08-21 20:35:00+09:00,158.651,158.66,158.559,158.598
2026-08-21 20:40:00+09:00,158.598,158.667,158.595,158.632
2026-08-21 20:45:00+09:00,158.633,158.696,158.631,158.674
2026-08-21 20:50:00+09:00,158.674,158.714,158.674,158.703
2026-08-21 20:55:00+09:00,158.703,158.715,158.655,158.691
2026-08-21 21:00:00+09:00,158.691,158.713,158.627,158.706
2026-08-21 21:05:00+09:00,158.707,158.709,158.654,158.696
2026-08-21 21:10:00+09:00,158.696,158.72,158.693,158.719
2026-08-21 21:15:00+09:00,158.721,158.757,158.704,158.72
2026-08-21 21:20:00+09:00,158.72,158.744,158.671,158.682
2026-08-21 21:25:00+09:00,158.682,158.718,158.681,158.71
2026-08-21 21:30:00+09:00,158.71,158.771,158.709,158.751
2026-08-21 21:35:00+09:00,158.752,158.838,158.747,158.836
2026-08-21 21:40:00+09:00,158.836,158.848,158.751,158.774
2026-08-21 21:45:00+09:00,158.774,158.794,158.76,158.775
2026-08-21 21:50:00+09:00,158.775,158.816,158.771,158.771
2026-08-21 21:55:00+09:00,158.77,158.795,158.743,158.758
2026-08-21 22:00:00+09:00,158.758,158.797,158.726,158.786
2026-08-21 22:05:00+09:00,158.786,158.841,158.765,158.809
2026-08-21 22:10:00+09:00,158.808,158.822,158.779,158.789
2026-08-21 22:15:00+09:00,158.789,158.872,158.784,158.849
2026-08-21 22:20:00+09:00,158.849,158.873,158.817,158.86
2026-08-21 22:25:00+09:00,158.86,158.874,158.841,158.864
2026-08-21 22:30:00+09:00,158.863,158.889,158.843,158.871
2026-08-21 22:35:00+09:00,158.874,158.876,158.808,158.828
2026-08-21 22:40:00+09:00,158.828,158.847,158.813,158.831
2026-08-21 22:45:00+09:00,158.831,158.901,158.826,158.862
2026-08-21 22:50:00+09:00,158.861,158.864,158.772,158.778
2026-08-21 22:55:00+09:00,158.778,158.806,158.757,158.777
2026-08-21 23:00:00+09:00,158.777,158.848,158.772,158.833
2026-08-21 23:05:00+09:00,158.833,158.884,158.812,158.871
2026-08-21 23:10:00+09:00,158.871,158.883,158.837,158.844
2026-08-21 23:15:00+09:00,158.844,158.859,158.821,158.855
2026-08-21 23:20:00+09:00,158.855,158.897,158.855,158.874
2026-08-21 23:25:00+09:00,158.875,158.896,158.856,158.89
2026-08-21 23:30:00+09:00,158.89,158.971,158.889,158.971
2026-08-21 23:35:00+09:00,158.973,159.01,158.959,158.974
2026-08-21 23:40:00+09:00,158.974,159.002,158.925,158.981
2026-08-21 23:45:00+09:00,158.981,158.982,158.935,158.946
2026-08-21 23:50:00+09:00,158.946,158.964,158.907,158.946
2026-08-21 23:55:00+09:00,158.946,159.008,158.937,158.959
2026-08-22 00:00:00+09:00,158.959,158.99,158.919,158.942
2026-08-22 00:05:00+09:00,158.943,158.989,158.927,158.982
2026-08-22 00:10:00+09:00,158.982,159.038,158.957,159.02
2026-08-22 00:15:00+09:00,159.02,159.042,158.998,159.006
2026-08-22 00:20:00+09:00,159.006,159.037,158.996,159.035
2026-08-22 00:25:00+09:00,159.035,159.036,158.961,158.984
2026-08-22 00:30:00+09:00,158.984,158.995,158.939,158.94
2026-08-22 00:35:00+09:00,158.94,158.975,158.913,158.949
2026-08-22 00:40:00+09:00,158.949,158.958,158.917,158.927
2026-08-22 00:45:00+09:00,158.927,158.96,158.922,158.96
2026-08-22 00:50:00+09:00,158.96,158.961,158.932,158.944
2026-08-22 00:55:00+09:00,158.944,158.951,158.906,158.92
2026-08-22 01:00:00+09:00,158.92,158.947,158.919,158.932
2026-08-22 01:05:00+09:00,158.932,158.986,158.925,158.976
2026-08-22 01:10:00+09:00,158.975,158.978,158.945,158.952
2026-08-22 01:15:00+09:00,158.952,158.975,158.946,158.974
2026-08-22 01:20:00+09:00,158.974,158.976,158.844,158.944
2026-08-22 01:25:00+09:00,158.944,158.975,158.925,158.958
2026-08-22 01:30:00+09:00,158.958,158.963,158.937,158.957
2026-08-22 01:35:00+09:00,158.957,158.961,158.936,158.94
2026-08-22 01:40:00+09:00,158.94,158.972,158.939,158.957
2026-08-22 01:45:00+09:00,158.957,158.958,158.936,158.94
2026-08-22 01:50:00+09:00,158.94,158.968,158.928,158.949
2026-08-22 01:55:00+09:00,158.949,158.974,158.949,158.968
2026-08-22 02:00:00+09:00,158.968,159.007,158.968,159.002
2026-08-22 02:05:00+09:00,159.002,159.04,158.999,159.017
2026-08-22 02:10:00+09:00,159.017,159.038,159.015,159.024
2026-08-22 02:15:00+09:00,159.024,159.046,159.01,159.021
2026-08-22 02:20:00+09:00,159.021,159.03,159.014,159.027
2026-08-22 02:25:00+09:00,159.027,159.036,158.968,158.995
2026-08-22 02:30:00+09:00,158.995,159.015,158.983,158.984
2026-08-22 02:35:00+09:00,158.984,159.003,158.975,158.999
2026-08-22 02:40:00+09:00,158.999,159.024,158.995,159.021
2026-08-22 02:45:00+09:00,159.021,159.04,159.018,159.037
2026-08-22 02:50:00+09:00,159.037,159.039,159.014,159.022
2026-08-22 02:55:00+09:00,159.022,159.028,159.013,159.02
2026-08-22 03:00:00+09:00,159.02,159.021,158.988,158.995
2026-08-22 03:05:00+09:00,158.995,159.016,158.995,159.009
2026-08-22 03:10:00+09:00,159.009,159.021,159.007,159.019
2026-08-22 03:15:00+09:00,159.019,159.026,159.011,159.014
2026-08-22 03:20:00+09:00,159.014,159.038,159.014,159.035
2026-08-22 03:25:00+09:00,159.035,159.035,159.011,159.021
2026-08-22 03:30:00+09:00,159.021,159.036,159.02,159.029
2026-08-22 03:35:00+09:00,159.029,159.041,159.012,159.024
2026-08-22 03:40:00+09:00,159.024,159.035,159.022,159.032
2026-08-22 03:45:00+09:00,159.032,159.037,159.02,159.036
2026-08-22 03:50:00+09:00,159.036,159.055,159.035,159.039
2026-08-22 03:55:00+09:00,159.039,159.051,159.021,159.024
2026-08-22 04:00:00+09:00,159.025,159.035,159.013,159.023
2026-08-22 04:05:00+09:00,159.023,159.027,159.018,159.023
2026-08-22 04:10:00+09:00,159.023,159.042,159.023,159.038
2026-08-22 04:15:00+09:00,159.038,159.047,159.031,159.033
2026-08-22 04:20:00+09:00,159.033,159.035,159.022,159.032
2026-08-22 04:25:00+09:00,159.032,159.046,159.032,159.039
2026-08-22 04:30:00+09:00,159.039,159.04,159.023,159.031
2026-08-22 04:35:00+09:00,159.031,159.033,158.998,159.0
2026-08-22 04:40:00+09:00,159.0,159.015,158.999,159.014
2026-08-22 04:45:00+09:00,159.014,159.016,158.963,158.963
2026-08-22 04:50:00+09:00,158.963,158.998,158.963,158.984
2026-08-22 04:55:00+09:00,158.984,159.013,158.984,159.003
2026-08-22 05:00:00+09:00,159.003,159.017,159.0,159.002
2026-08-22 05:05:00+09:00,159.002,159.015,158.996,158.996
2026-08-22 05:10:00+09:00,158.996,159.01,158.991,158.993
2026-08-22 05:15:00+09:00,158.993,158.995,158.975,158.994
2026-08-22 05:20:00+09:00,158.994,159.005,158.993,158.997
2026-08-22 05:25:00+09:00,158.997,159.017,158.993,159.014
2026-08-22 05:30:00+09:00,159.014,159.02,159.006,159.012
2026-08-22 05:35:00+09:00,159.012,159.012,159.006,159.01
2026-08-22 05:40:00+09:00,159.01,159.018,158.981,158.981
2026-08-22 05:45:00+09:00,158.981,159.042,158.981,159.029
2026-08-22 05:50:00+09:00,159.029,159.045,159.029,159.032
2026-08-22 05:55:00+09:00,159.033,159.034,159.028,159.032
2026-08-24 07:00:00+09:00,158.9,158.989,158.9,158.955
2026-08-24 07:05:00+09:00,158.955,158.956,158.915,158.921
2026-08-24 07:10:00+09:00,158.921,158.964,158.92,158.955
2026-08-24 07:15:00+09:00,158.955,158.977,158.955,158.975
2026-08-24 07:20:00+09:00,158.975,158.999,158.974,158.997
2026-08-24 07:25:00+09:00,158.997,159.007,158.988,158.988
2026-08-24 07:30:00+09:00,158.988,159.011,158.982,159.011
2026-08-24 07:35:00+09:00,159.011,159.012,158.998,158.998
2026-08-24 07:40:00+09:00,158.998,159.007,158.993,159.005
2026-08-24 07:45:00+09:00,159.005,159.014,159.005,159.011
2026-08-24 07:50:00+09:00,159.011,159.013,158.996,159.005
2026-08-24 07:55:00+09:00,159.005,159.015,159.004,159.012
2026-08-24 08:00:00+09:00,159.012,159.015,158.95,158.964
2026-08-24 08:05:00+09:00,158.964,158.968,158.959,158.965
2026-08-24 08:10:00+09:00,158.965,158.967,158.954,158.965
2026-08-24 08:15:00+09:00,158.965,158.971,158.963,158.968
2026-08-24 08:20:00+09:00,158.968,158.977,158.964,158.975
2026-08-24 08:25:00+09:00,158.975,158.993,158.968,158.978
2026-08-24 08:30:00+09:00,158.978,158.992,158.976,158.988
2026-08-24 08:35:00+09:00,158.988,158.994,158.98,158.993
2026-08-24 08:40:00+09:00,158.993,159.009,158.992,158.996
2026-08-24 08:45:00+09:00,158.997,159.004,158.987,158.988
2026-08-24 08:50:00+09:00,158.988,158.991,158.94,158.944
2026-08-24 08:55:00+09:00,158.945,158.95,158.88,158.885
2026-08-24 09:00:00+09:00,158.884,158.89,158.853,158.873
2026-08-24 09:05:00+09:00,158.873,158.889,158.819,158.857
2026-08-24 09:10:00+09:00,158.857,158.865,158.814,158.84
2026-08-24 09:15:00+09:00,158.84,158.841,158.804,158.828
2026-08-24 09:20:00+09:00,158.828,158.829,158.736,158.756
2026-08-24 09:25:00+09:00,158.756,158.779,158.745,158.778
2026-08-24 09:30:00+09:00,158.778,158.793,158.736,158.742
2026-08-24 09:35:00+09:00,158.742,158.766,158.718,158.738
2026-08-24 09:40:00+09:00,158.737,158.767,158.735,158.751
2026-08-24 09:45:00+09:00,158.751,158.817,158.728,158.796
2026-08-24 09:50:00+09:00,158.796,158.815,158.747,158.753
2026-08-24 09:55:00+09:00,158.753,158.789,158.708,158.731
2026-08-24 10:00:00+09:00,158.731,158.791,158.722,158.789
2026-08-24 10:05:00+09:00,158.789,158.816,158.766,158.794
2026-08-24 10:10:00+09:00,158.794,158.851,158.791,158.847
2026-08-24 10:15:00+09:00,158.847,158.89,158.847,158.879
2026-08-24 10:20:00+09:00,158.879,158.924,158.864,158.87
2026-08-24 10:25:00+09:00,158.87,158.926,158.87,158.923
2026-08-24 10:30:00+09:00,158.923,158.949,158.92,158.925
2026-08-24 10:35:00+09:00,158.924,158.949,158.923,158.933
2026-08-24 10:40:00+09:00,158.933,158.934,158.889,158.897
2026-08-24 10:45:00+09:00,158.897,158.904,158.874,158.874
2026-08-24 10:50:00+09:00,158.874,158.89,158.856,158.862
2026-08-24 10:55:00+09:00,158.862,158.866,158.833,158.846
2026-08-24 11:00:00+09:00,158.846,158.86,158.822,158.834
2026-08-24 11:05:00+09:00,158.834,158.864,158.834,158.857
2026-08-24 11:10:00+09:00,158.857,158.87,158.84,158.843
2026-08-24 11:15:00+09:00,158.843,158.857,158.813,158.844
2026-08-24 11:20:00+09:00,158.844,158.85,158.834,158.835
2026-08-24 11:25:00+09:00,158.835,158.861,158.819,158.861
2026-08-24 11:30:00+09:00,158.861,158.908,158.858,158.907
2026-08-24 11:35:00+09:00,158.907,158.921,158.896,158.91
2026-08-24 11:40:00+09:00,158.91,158.92,158.896,158.896
2026-08-24 11:45:00+09:00,158.896,158.904,158.883,158.902
2026-08-24 11:50:00+09:00,158.902,158.91,158.875,158.877
2026-08-24 11:55:00+09:00,158.877,158.889,158.867,158.882
2026-08-24 12:00:00+09:00,158.882,158.921,158.882,158.915
2026-08-24 12:05:00+09:00,158.915,158.947,158.913,158.925
2026-08-24 12:10:00+09:00,158.927,158.94,158.914,158.924
2026-08-24 12:15:00+09:00,158.924,158.935,158.913,158.917
2026-08-24 12:20:00+09:00,158.917,158.94,158.902,158.902
2026-08-24 12:25:00+09:00,158.902,158.923,158.902,158.919
2026-08-24 12:30:00+09:00,158.92,158.924,158.915,158.92
2026-08-24 12:35:00+09:00,158.92,158.948,158.92,158.939
2026-08-24 12:40:00+09:00,158.939,158.951,158.93,158.949
2026-08-24 12:45:00+09:00,158.949,158.961,158.93,158.961
2026-08-24 12:50:00+09:00,158.961,158.974,158.933,158.934
2026-08-24 12:55:00+09:00,158.934,158.952,158.921,158.936
2026-08-24 13:00:00+09:00,158.935,158.95,158.918,158.95
2026-08-24 13:05:00+09:00,158.95,158.965,158.945,158.959
2026-08-24 13:10:00+09:00,158.959,158.965,158.831,158.91
2026-08-24 13:15:00+09:00,158.91,158.943,158.909,158.921
2026-08-24 13:20:00+09:00,158.921,158.925,158.897,158.908
2026-08-24 13:25:00+09:00,158.908,158.909,158.817,158.846
2026-08-24 13:30:00+09:00,158.846,158.865,158.834,158.851
2026-08-24 13:35:00+09:00,158.851,158.876,158.834,158.871
2026-08-24 13:40:00+09:00,158.871,158.883,158.86,158.877
2026-08-24 13:45:00+09:00,158.877,158.924,158.875,158.91
2026-08-24 13:50:00+09:00,158.909,158.912,158.87,158.871
2026-08-24 13:55:00+09:00,158.871,158.883,158.861,158.862
2026-08-24 14:00:00+09:00,158.863,158.92,158.861,158.889
2026-08-24 14:05:00+09:00,158.889,158.926,158.888,158.914
2026-08-24 14:10:00+09:00,158.914,158.938,158.906,158.929
2026-08-24 14:15:00+09:00,158.929,158.929,158.896,158.898
2026-08-24 14:20:00+09:00,158.898,158.935,158.898,158.933
2026-08-24 14:25:00+09:00,158.933,158.939,158.923,158.931
2026-08-24 14:30:00+09:00,158.931,158.947,158.926,158.935
2026-08-24 14:35:00+09:00,158.935,158.954,158.914,158.951
2026-08-24 14:40:00+09:00,158.951,158.978,158.95,158.97
2026-08-24 14:45:00+09:00,158.97,158.974,158.946,158.957
2026-08-24 14:50:00+09:00,158.957,158.96,158.926,158.944
2026-08-24 14:55:00+09:00,158.944,158.944,158.897,158.908
2026-08-24 15:00:00+09:00,158.908,158.924,158.882,158.892
2026-08-24 15:05:00+09:00,158.893,158.899,158.863,158.89
2026-08-24 15:10:00+09:00,158.89,158.914,158.878,158.888
2026-08-24 15:15:00+09:00,158.887,158.924,158.862,158.923
2026-08-24 15:20:00+09:00,158.923,158.961,158.914,158.954
2026-08-24 15:25:00+09:00,158.954,158.964,158.945,158.95
2026-08-24 15:30:00+09:00,158.95,158.964,158.94,158.958
2026-08-24 15:35:00+09:00,158.958,158.987,158.952,158.973
2026-08-24 15:40:00+09:00,158.973,158.982,158.957,158.958
2026-08-24 15:45:00+09:00,158.958,158.982,158.949,158.971
2026-08-24 15:50:00+09:00,158.971,158.971,158.934,158.965
2026-08-24 15:55:00+09:00,158.965,159.035,158.965,159.035
2026-08-24 16:00:00+09:00,159.035,159.045,158.989,158.996
2026-08-24 16:05:00+09:00,158.996,159.093,158.995,159.088
2026-08-24 16:10:00+09:00,159.088,159.114,159.059,159.088
2026-08-24 16:15:00+09:00,159.088,159.14,159.084,159.111
2026-08-24 16:20:00+09:00,159.111,159.112,159.084,159.112
2026-08-24 16:25:00+09:00,159.111,159.152,159.111,159.134
2026-08-24 16:30:00+09:00,159.134,159.15,159.096,159.097
2026-08-24 16:35:00+09:00,159.097,159.124,159.094,159.121
2026-08-24 16:40:00+09:00,159.121,159.19,159.114,159.168
2026-08-24 16:45:00+09:00,159.168,159.187,159.135,159.161
2026-08-24 16:50:00+09:00,159.161,159.169,159.14,159.153
2026-08-24 16:55:00+09:00,159.153,159.166,159.13,159.166
2026-08-24 17:00:00+09:00,159.166,159.218,159.161,159.203
2026-08-24 17:05:00+09:00,159.203,159.218,159.161,159.205
2026-08-24 17:10:00+09:00,159.205,159.242,159.198,159.237
2026-08-24 17:15:00+09:00,159.237,159.251,159.231,159.238
2026-08-24 17:20:00+09:00,159.238,159.246,159.232,159.237
2026-08-24 17:25:00+09:00,159.239,159.275,159.238,159.275
2026-08-24 17:30:00+09:00,159.275,159.285,159.266,159.278
2026-08-24 17:35:00+09:00,159.278,159.281,159.249,159.249
2026-08-24 17:40:00+09:00,159.249,159.25,159.212,159.22
2026-08-24 17:45:00+09:00,159.22,159.224,159.173,159.182
2026-08-24 17:50:00+09:00,159.182,159.198,159.163,159.17
2026-08-24 17:55:00+09:00,159.169,159.201,159.16,159.196
2026-08-24 18:00:00+09:00,159.196,159.2,159.154,159.165
2026-08-24 18:05:00+09:00,159.165,159.207,159.164,159.195
2026-08-24 18:10:00+09:00,159.195,159.209,159.181,159.183
2026-08-24 18:15:00+09:00,159.183,159.203,159.17,159.199
2026-08-24 18:20:00+09:00,159.199,159.226,159.195,159.219
2026-08-24 18:25:00+09:00,159.219,159.238,159.196,159.198
2026-08-24 18:30:00+09:00,159.198,159.198,159.164,159.175
2026-08-24 18:35:00+09:00,159.175,159.192,159.175,159.179
2026-08-24 18:40:00+09:00,159.179,159.21,159.178,159.206
2026-08-24 18:45:00+09:00,159.207,159.228,159.189,159.202
2026-08-24 18:50:00+09:00,159.202,159.213,159.191,159.193
2026-08-24 18:55:00+09:00,159.193,159.221,159.179,159.207
2026-08-24 19:00:00+09:00,159.207,159.218,159.194,159.204
2026-08-24 19:05:00+09:00,159.204,159.214,159.189,159.207
2026-08-24 19:10:00+09:00,159.207,159.213,159.176,159.192
2026-08-24 19:15:00+09:00,159.192,159.192,159.145,159.157
2026-08-24 19:20:00+09:00,159.157,159.167,159.129,159.167
2026-08-24 19:25:00+09:00,159.167,159.174,159.143,159.174
2026-08-24 19:30:00+09:00,159.174,159.174,159.125,159.126
2026-08-24 19:35:00+09:00,159.125,159.143,159.124,159.136
2026-08-24 19:40:00+09:00,159.136,159.174,159.13,159.173
2026-08-24 19:45:00+09:00,159.173,159.204,159.162,159.2
2026-08-24 19:50:00+09:00,159.2,159.209,159.184,159.184
2026-08-24 19:55:00+09:00,159.184,159.21,159.164,159.21
2026-08-24 20:00:00+09:00,159.21,159.236,159.204,159.232
2026-08-24 20:05:00+09:00,159.232,159.236,159.203,159.216
2026-08-24 20:10:00+09:00,159.216,159.234,159.211,159.214
2026-08-24 20:15:00+09:00,159.214,159.226,159.198,159.199
2026-08-24 20:20:00+09:00,159.199,159.214,159.189,159.191
2026-08-24 20:25:00+09:00,159.191,159.199,159.177,159.182
2026-08-24 20:30:00+09:00,159.182,159.206,159.158,159.174
2026-08-24 20:35:00+09:00,159.173,159.173,159.0,159.077
2026-08-24 20:40:00+09:00,159.077,159.097,159.049,159.05
2026-08-24 20:45:00+09:00,159.05,159.072,159.027,159.064
2026-08-24 20:50:00+09:00,159.064,159.11,159.063,159.076
2026-08-24 20:55:00+09:00,159.076,159.091,159.052,159.069
2026-08-24 21:00:00+09:00,159.069,159.098,159.06,159.095
2026-08-24 21:05:00+09:00,159.095,159.125,159.095,159.118
2026-08-24 21:10:00+09:00,159.118,159.122,159.077,159.077
2026-08-24 21:15:00+09:00,159.077,159.082,159.008,159.009
2026-08-24 21:20:00+09:00,159.008,159.008,158.914,158.957
2026-08-24 21:25:00+09:00,158.957,158.975,158.925,158.953
2026-08-24 21:30:00+09:00,158.954,159.062,158.931,158.982
2026-08-24 21:35:00+09:00,158.982,158.982,158.901,158.926
2026-08-24 21:40:00+09:00,158.926,159.007,158.906,159.0
2026-08-24 21:45:00+09:00,159.0,159.034,158.993,159.01
2026-08-24 21:50:00+09:00,159.009,159.016,158.975,159.002
2026-08-24 21:55:00+09:00,159.002,159.056,159.001,159.051
2026-08-24 22:00:00+09:00,159.052,159.07,159.021,159.067
2026-08-24 22:05:00+09:00,159.067,159.104,159.066,159.077
2026-08-24 22:10:00+09:00,159.077,159.103,159.075,159.079
2026-08-24 22:15:00+09:00,159.079,159.102,159.075,159.092
2026-08-24 22:20:00+09:00,159.092,159.138,159.087,159.126
2026-08-24 22:25:00+09:00,159.126,159.166,159.119,159.154
2026-08-24 22:30:00+09:00,159.154,159.156,159.125,159.127
2026-08-24 22:35:00+09:00,159.127,159.155,159.104,159.136
2026-08-24 22:40:00+09:00,159.136,159.148,159.101,159.146
2026-08-24 22:45:00+09:00,159.146,159.155,159.066,159.075
2026-08-24 22:50:00+09:00,159.075,159.122,159.07,159.102
2026-08-24 22:55:00+09:00,159.102,159.155,159.101,159.111
2026-08-24 23:00:00+09:00,159.111,159.132,159.076,159.113
2026-08-24 23:05:00+09:00,159.113,159.141,159.101,159.137
2026-08-24 23:10:00+09:00,159.137,159.163,159.127,159.146
2026-08-24 23:15:00+09:00,159.146,159.182,159.132,159.136
2026-08-24 23:20:00+09:00,159.136,159.173,159.135,159.14
2026-08-24 23:25:00+09:00,159.14,159.141,159.097,159.108
2026-08-24 23:30:00+09:00,159.107,159.139,159.104,159.118
2026-08-24 23:35:00+09:00,159.118,159.13,159.093,159.115
2026-08-24 23:40:00+09:00,159.114,159.155,159.112,159.123
2026-08-24 23:45:00+09:00,159.123,159.156,159.121,159.14
2026-08-24 23:50:00+09:00,159.14,159.171,159.14,159.154
2026-08-24 23:55:00+09:00,159.154,159.203,159.15,159.203
2026-08-25 00:00:00+09:00,159.203,159.204,159.151,159.157
2026-08-25 00:05:00+09:00,159.157,159.174,159.131,159.149
2026-08-25 00:10:00+09:00,159.149,159.151,159.129,159.136
2026-08-25 00:15:00+09:00,159.136,159.151,159.127,159.149
2026-08-25 00:20:00+09:00,159.149,159.175,159.14,159.166
2026-08-25 00:25:00+09:00,159.166,159.166,159.071,159.089
2026-08-25 00:30:00+09:00,159.089,159.151,159.078,159.138
2026-08-25 00:35:00+09:00,159.138,159.161,159.133,159.16
2026-08-25 00:40:00+09:00,159.16,159.172,159.148,159.163
2026-08-25 00:45:00+09:00,159.163,159.169,159.136,159.137
2026-08-25 00:50:00+09:00,159.137,159.162,159.131,159.15
2026-08-25 00:55:00+09:00,159.15,159.198,159.15,159.178
2026-08-25 01:00:00+09:00,159.178,159.198,159.076,159.099
2026-08-25 01:05:00+09:00,159.099,159.124,159.08,159.117
2026-08-25 01:10:00+09:00,159.117,159.126,159.075,159.09
2026-08-25 01:15:00+09:00,159.089,159.096,159.053,159.071
2026-08-25 01:20:00+09:00,159.071,159.09,159.051,159.067
2026-08-25 01:25:00+09:00,159.067,159.09,159.051,159.085
2026-08-25 01:30:00+09:00,159.086,159.089,159.054,159.08
2026-08-25 01:35:00+09:00,159.08,159.081,159.009,159.049
2026-08-25 01:40:00+09:00,159.049,159.094,159.049,159.085
2026-08-25 01:45:00+09:00,159.085,159.115,159.072,159.1
2026-08-25 01:50:00+09:00,159.1,159.103,159.079,159.102
2026-08-25 01:55:00+09:00,159.102,159.129,159.077,159.077
2026-08-25 02:00:00+09:00,159.077,159.094,159.06,159.093
2026-08-25 02:05:00+09:00,159.093,159.113,159.0,159.066
2026-08-25 02:10:00+09:00,159.067,159.103,159.058,159.092
2026-08-25 02:15:00+09:00,159.092,159.118,159.072,159.103
2026-08-25 02:20:00+09:00,159.103,159.175,159.102,159.168
2026-08-25 02:25:00+09:00,159.168,159.179,159.15,159.153
2026-08-25 02:30:00+09:00,159.153,159.175,159.13,159.168
2026-08-25 02:35:00+09:00,159.168,159.17,159.15,159.156
2026-08-25 02:40:00+09:00,159.156,159.177,159.155,159.168
2026-08-25 02:45:00+09:00,159.167,159.196,159.158,159.18
2026-08-25 02:50:00+09:00,159.18,159.193,159.166,159.176
2026-08-25 02:55:00+09:00,159.176,159.181,159.155,159.162
2026-08-25 03:00:00+09:00,159.162,159.178,159.148,159.172
2026-08-25 03:05:00+09:00,159.171,159.202,159.171,159.192
2026-08-25 03:10:00+09:00,159.192,159.196,159.181,159.183
2026-08-25 03:15:00+09:00,159.183,159.183,159.14,159.162
2026-08-25 03:20:00+09:00,159.162,159.166,159.152,159.161
2026-08-25 03:25:00+09:00,159.161,159.162,159.141,159.148
2026-08-25 03:30:00+09:00,159.148,159.194,159.145,159.189
2026-08-25 03:35:00+09:00,159.189,159.212,159.188,159.201
2026-08-25 03:40:00+09:00,159.201,159.201,159.176,159.195
2026-08-25 03:45:00+09:00,159.195,159.214,159.187,159.212
2026-08-25 03:50:00+09:00,159.212,159.217,159.188,159.199
2026-08-25 03:55:00+09:00,159.199,159.209,159.183,159.183
2026-08-25 04:00:00+09:00,159.183,159.191,159.173,159.184
2026-08-25 04:05:00+09:00,159.184,159.193,159.175,159.191
2026-08-25 04:10:00+09:00,159.191,159.198,159.175,159.186
2026-08-25 04:15:00+09:00,159.187,159.214,159.187,159.213
2026-08-25 04:20:00+09:00,159.213,159.215,159.193,159.211
2026-08-25 04:25:00+09:00,159.211,159.22,159.207,159.219
2026-08-25 04:30:00+09:00,159.219,159.221,159.186,159.186
2026-08-25 04:35:00+09:00,159.186,159.192,159.179,159.186
2026-08-25 04:40:00+09:00,159.186,159.187,159.158,159.165
2026-08-25 04:45:00+09:00,159.165,159.168,159.145,159.145
2026-08-25 04:50:00+09:00,159.145,159.146,159.139,159.141
2026-08-25 04:55:00+09:00,159.141,159.189,159.129,159.168
2026-08-25 05:00:00+09:00,159.168,159.186,159.166,159.178
2026-08-25 05:05:00+09:00,159.178,159.179,159.149,159.154
2026-08-25 05:10:00+09:00,159.153,159.155,159.144,159.155
2026-08-25 05:15:00+09:00,159.155,159.156,159.146,159.147
2026-08-25 05:20:00+09:00,159.147,159.155,159.144,159.154
2026-08-25 05:25:00+09:00,159.154,159.167,159.147,159.155
2026-08-25 05:30:00+09:00,159.155,159.157,159.154,159.155
2026-08-25 05:35:00+09:00,159.155,159.156,159.147,159.147
2026-08-25 05:40:00+09:00,159.147,159.149,159.134,159.135
2026-08-25 05:45:00+09:00,159.135,159.179,159.131,159.155
2026-08-25 05:50:00+09:00,159.155,159.16,159.136,159.148
2026-08-25 05:55:00+09:00,159.148,159.154,159.143,159.154
2026-08-25 06:00:00+09:00,159.154,159.157,159.137,159.137
2026-08-25 06:05:00+09:00,159.137,159.143,159.13,159.137
2026-08-25 06:10:00+09:00,159.137,159.137,159.128,159.137
2026-08-25 06:15:00+09:00,159.137,159.15,159.105,159.113
2026-08-25 06:20:00+09:00,159.113,159.121,159.112,159.116
2026-08-25 06:25:00+09:00,159.116,159.116,159.11,159.114
2026-08-25 06:30:00+09:00,159.114,159.119,159.112,159.115
2026-08-25 06:35:00+09:00,159.115,159.122,159.113,159.117
2026-08-25 06:40:00+09:00,159.117,159.148,159.105,159.138
2026-08-25 06:45:00+09:00,159.138,159.147,159.137,159.144
2026-08-25 06:50:00+09:00,159.144,159.202,159.142,159.163
2026-08-25 06:55:00+09:00,159.163,159.163,159.122,159.134
2026-08-25 07:00:00+09:00,159.135,159.149,159.113,159.115
2026-08-25 07:05:00+09:00,159.115,159.153,159.115,159.151
2026-08-25 07:10:00+09:00,159.151,159.153,159.116,159.116
2026-08-25 07:15:00+09:00,159.116,159.125,159.114,159.124
2026-08-25 07:20:00+09:00,159.124,159.136,159.118,159.129
2026-08-25 07:25:00+09:00,159.129,159.139,159.128,159.138
2026-08-25 07:30:00+09:00,159.138,159.138,159.124,159.127
2026-08-25 07:35:00+09:00,159.127,159.13,159.119,159.125
2026-08-25 07:40:00+09:00,159.125,159.133,159.118,159.118
2026-08-25 07:45:00+09:00,159.118,159.12,159.116,159.117
2026-08-25 07:50:00+09:00,159.117,159.118,159.116,159.117
2026-08-25 07:55:00+09:00,159.117,159.119,159.116,159.118
2026-08-25 08:00:00+09:00,159.118,159.118,159.083,159.083
2026-08-25 08:05:00+09:00,159.084,159.084,159.068,159.072
2026-08-25 08:10:00+09:00,159.072,159.085,159.07,159.085
2026-08-25 08:15:00+09:00,159.085,159.091,159.074,159.087
2026-08-25 08:20:00+09:00,159.087,159.114,159.087,159.112
2026-08-25 08:25:00+09:00,159.112,159.125,159.112,159.123
2026-08-25 08:30:00+09:00,159.123,159.14,159.122,159.136
2026-08-25 08:35:00+09:00,159.136,159.149,159.135,159.148
2026-08-25 08:40:00+09:00,159.148,159.16,159.145,159.158
2026-08-25 08:45:00+09:00,159.158,159.162,159.143,159.144
2026-08-25 08:50:00+09:00,159.144,159.165,159.134,159.136
2026-08-25 08:55:00+09:00,159.136,159.148,159.128,159.144
2026-08-25 09:00:00+09:00,159.143,159.143,159.103,159.117
2026-08-25 09:05:00+09:00,159.118,159.14,159.096,159.129
2026-08-25 09:10:00+09:00,159.129,159.146,159.103,159.122
2026-08-25 09:15:00+09:00,159.124,159.145,159.112,159.141
2026-08-25 09:20:00+09:00,159.141,159.166,159.136,159.149
2026-08-25 09:25:00+09:00,159.149,159.164,159.136,159.136
2026-08-25 09:30:00+09:00,159.136,159.151,159.127,159.139
2026-08-25 09:35:00+09:00,159.139,159.145,159.112,159.134
2026-08-25 09:40:00+09:00,159.134,159.141,159.114,159.129
2026-08-25 09:45:00+09:00,159.129,159.133,159.113,159.122
2026-08-25 09:50:00+09:00,159.122,159.193,159.1,159.187
2026-08-25 09:55:00+09:00,159.187,159.192,159.164,159.191
2026-08-25 10:00:00+09:00,159.191,159.228,159.187,159.193
2026-08-25 10:05:00+09:00,159.193,159.197,159.135,159.14
2026-08-25 10:10:00+09:00,159.14,159.167,159.13,159.135
2026-08-25 10:15:00+09:00,159.135,159.167,159.135,159.162
2026-08-25 10:20:00+09:00,159.162,159.185,159.162,159.181
2026-08-25 10:25:00+09:00,159.181,159.2,159.148,159.155
2026-08-25 10:30:00+09:00,159.155,159.2,159.154,159.2
2026-08-25 10:35:00+09:00,159.2,159.226,159.196,159.212
2026-08-25 10:40:00+09:00,159.212,159.214,159.198,159.207
2026-08-25 10:45:00+09:00,159.207,159.238,159.207,159.225
2026-08-25 10:50:00+09:00,159.226,159.265,159.224,159.262
2026-08-25 10:55:00+09:00,159.262,159.311,159.254,159.269
2026-08-25 11:00:00+09:00,159.269,159.3,159.262,159.294
2026-08-25 11:05:00+09:00,159.294,159.33,159.277,159.278
2026-08-25 11:10:00+09:00,159.278,159.291,159.268,159.275
2026-08-25 11:15:00+09:00,159.275,159.285,159.262,159.285
2026-08-25 11:20:00+09:00,159.285,159.292,159.255,159.262
2026-08-25 11:25:00+09:00,159.262,159.287,159.252,159.253
2026-08-25 11:30:00+09:00,159.253,159.301,159.253,159.301
2026-08-25 11:35:00+09:00,159.301,159.301,159.277,159.285
2026-08-25 11:40:00+09:00,159.285,159.305,159.284,159.29
2026-08-25 11:45:00+09:00,159.29,159.335,159.289,159.324
2026-08-25 11:50:00+09:00,159.324,159.366,159.323,159.354
2026-08-25 11:55:00+09:00,159.354,159.398,159.354,159.365
2026-08-25 12:00:00+09:00,159.365,159.378,159.354,159.355
2026-08-25 12:05:00+09:00,159.355,159.366,159.333,159.35
2026-08-25 12:10:00+09:00,159.35,159.382,159.35,159.363
2026-08-25 12:15:00+09:00,159.363,159.38,159.362,159.367
2026-08-25 12:20:00+09:00,159.367,159.378,159.366,159.374
2026-08-25 12:25:00+09:00,159.374,159.385,159.363,159.378
2026-08-25 12:30:00+09:00,159.378,159.397,159.373,159.378
2026-08-25 12:35:00+09:00,159.378,159.385,159.36,159.361
2026-08-25 12:40:00+09:00,159.361,159.362,159.346,159.348
2026-08-25 12:45:00+09:00,159.348,159.36,159.346,159.347
2026-08-25 12:50:00+09:00,159.347,159.351,159.346,159.347
2026-08-25 12:55:00+09:00,159.347,159.349,159.323,159.333
2026-08-25 13:00:00+09:00,159.333,159.349,159.323,159.348
2026-08-25 13:05:00+09:00,159.348,159.362,159.346,159.36
2026-08-25 13:10:00+09:00,159.36,159.372,159.347,159.35
2026-08-25 13:15:00+09:00,159.35,159.366,159.35,159.357
2026-08-25 13:20:00+09:00,159.355,159.361,159.334,159.335
2026-08-25 13:25:00+09:00,159.335,159.351,159.326,159.342
2026-08-25 13:30:00+09:00,159.341,159.342,159.276,159.284
2026-08-25 13:35:00+09:00,159.284,159.314,159.283,159.284
2026-08-25 13:40:00+09:00,159.284,159.285,159.25,159.26
2026-08-25 13:45:00+09:00,159.26,159.266,159.216,159.221
2026-08-25 13:50:00+09:00,159.222,159.277,159.222,159.277
2026-08-25 13:55:00+09:00,159.277,159.314,159.273,159.307
2026-08-25 14:00:00+09:00,159.307,159.316,159.292,159.293
2026-08-25 14:05:00+09:00,159.293,159.304,159.285,159.301
2026-08-25 14:10:00+09:00,159.301,159.342,159.299,159.323
2026-08-25 14:15:00+09:00,159.323,159.336,159.314,159.328
2026-08-25 14:20:00+09:00,159.328,159.34,159.312,159.314
2026-08-25 14:25:00+09:00,159.314,159.337,159.3,159.323
2026-08-25 14:30:00+09:00,159.323,159.34,159.316,159.337
2026-08-25 14:35:00+09:00,159.337,159.35,159.336,159.348
2026-08-25 14:40:00+09:00,159.348,159.349,159.314,159.324
2026-08-25 14:45:00+09:00,159.324,159.33,159.313,159.322
2026-08-25 14:50:00+09:00,159.322,159.324,159.312,159.314
2026-08-25 14:55:00+09:00,159.314,159.336,159.311,159.335
2026-08-25 15:00:00+09:00,159.336,159.341,159.313,159.33
2026-08-25 15:05:00+09:00,159.33,159.334,159.311,159.312
2026-08-25 15:10:00+09:00,159.312,159.312,159.277,159.299
2026-08-25 15:15:00+09:00,159.299,159.333,159.299,159.325
2026-08-25 15:20:00+09:00,159.325,159.369,159.324,159.363
2026-08-25 15:25:00+09:00,159.363,159.366,159.337,159.338
2026-08-25 15:30:00+09:00,159.338,159.348,159.303,159.32
2026-08-25 15:35:00+09:00,159.32,159.375,159.31,159.361
2026-08-25 15:40:00+09:00,159.361,159.363,159.333,159.362
2026-08-25 15:45:00+09:00,159.362,159.385,159.362,159.373
2026-08-25 15:50:00+09:00,159.373,159.373,159.354,159.36
2026-08-25 15:55:00+09:00,159.358,159.415,159.352,159.413
2026-08-25 16:00:00+09:00,159.413,159.429,159.375,159.379
2026-08-25 16:05:00+09:00,159.379,159.386,159.355,159.383
2026-08-25 16:10:00+09:00,159.383,159.389,159.356,159.373
2026-08-25 16:15:00+09:00,159.373,159.38,159.318,159.339
2026-08-25 16:20:00+09:00,159.339,159.374,159.329,159.364
2026-08-25 16:25:00+09:00,159.364,159.424,159.349,159.405
2026-08-25 16:30:00+09:00,159.405,159.441,159.398,159.424
2026-08-25 16:35:00+09:00,159.424,159.432,159.403,159.411
2026-08-25 16:40:00+09:00,159.411,159.457,159.409,159.443
2026-08-25 16:45:00+09:00,159.443,159.458,159.43,159.443
2026-08-25 16:50:00+09:00,159.443,159.446,159.428,159.437
2026-08-25 16:55:00+09:00,159.437,159.45,159.428,159.447
2026-08-25 17:00:00+09:00,159.447,159.457,159.43,159.456
2026-08-25 17:05:00+09:00,159.456,159.491,159.454,159.481
2026-08-25 17:10:00+09:00,159.481,159.494,159.473,159.477
2026-08-25 17:15:00+09:00,159.477,159.479,159.455,159.475
2026-08-25 17:20:00+09:00,159.475,159.493,159.352,159.378
2026-08-25 17:25:00+09:00,159.385,159.427,159.359,159.421
2026-08-25 17:30:00+09:00,159.422,159.44,159.391,159.391
2026-08-25 17:35:00+09:00,159.391,159.405,159.363,159.39
2026-08-25 17:40:00+09:00,159.391,159.4,159.363,159.365
2026-08-25 17:45:00+09:00,159.366,159.374,159.33,159.369
2026-08-25 17:50:00+09:00,159.369,159.381,159.348,159.379
2026-08-25 17:55:00+09:00,159.378,159.393,159.348,159.349
2026-08-25 18:00:00+09:00,159.349,159.363,159.288,159.288
2026-08-25 18:05:00+09:00,159.288,159.311,159.266,159.268
2026-08-25 18:10:00+09:00,159.268,159.281,159.228,159.248
2026-08-25 18:15:00+09:00,159.249,159.294,159.241,159.291
2026-08-25 18:20:00+09:00,159.291,159.326,159.282,159.325
2026-08-25 18:25:00+09:00,159.325,159.351,159.316,159.316
2026-08-25 18:30:00+09:00,159.317,159.345,159.264,159.278
2026-08-25 18:35:00+09:00,159.279,159.292,159.24,159.287
2026-08-25 18:40:00+09:00,159.287,159.306,159.268,159.304
2026-08-25 18:45:00+09:00,159.304,159.312,159.279,159.304
2026-08-25 18:50:00+09:00,159.304,159.306,159.266,159.29
2026-08-25 18:55:00+09:00,159.29,159.295,159.254,159.285
2026-08-25 19:00:00+09:00,159.284,159.306,159.25,159.305
2026-08-25 19:05:00+09:00,159.304,159.317,159.293,159.311
2026-08-25 19:10:00+09:00,159.311,159.331,159.298,159.298
2026-08-25 19:15:00+09:00,159.298,159.313,159.279,159.299
2026-08-25 19:20:00+09:00,159.299,159.314,159.293,159.303
2026-08-25 19:25:00+09:00,159.303,159.314,159.295,159.307
2026-08-25 19:30:00+09:00,159.307,159.307,159.28,159.301
2026-08-25 19:35:00+09:00,159.301,159.303,159.261,159.263
2026-08-25 19:40:00+09:00,159.263,159.277,159.259,159.275
2026-08-25 19:45:00+09:00,159.275,159.286,159.267,159.285
2026-08-25 19:50:00+09:00,159.285,159.306,159.278,159.282
2026-08-25 19:55:00+09:00,159.282,159.289,159.275,159.288
2026-08-25 20:00:00+09:00,159.288,159.288,159.262,159.268
2026-08-25 20:05:00+09:00,159.268,159.334,159.267,159.301
2026-08-25 20:10:00+09:00,159.301,159.307,159.285,159.298
2026-08-25 20:15:00+09:00,159.298,159.319,159.291,159.313
2026-08-25 20:20:00+09:00,159.313,159.324,159.294,159.318
2026-08-25 20:25:00+09:00,159.318,159.326,159.314,159.315
2026-08-25 20:30:00+09:00,159.315,159.315,159.273,159.286
2026-08-25 20:35:00+09:00,159.286,159.301,159.28,159.28
2026-08-25 20:40:00+09:00,159.279,159.303,159.276,159.3
2026-08-25 20:45:00+09:00,159.3,159.305,159.249,159.251
2026-08-25 20:50:00+09:00,159.251,159.27,159.236,159.265
2026-08-25 20:55:00+09:00,159.265,159.27,159.248,159.254
2026-08-25 21:00:00+09:00,159.254,159.265,159.198,159.24
2026-08-25 21:05:00+09:00,159.24,159.247,159.22,159.243
2026-08-25 21:10:00+09:00,159.243,159.281,159.24,159.25
2026-08-25 21:15:00+09:00,159.25,159.257,159.243,159.251
2026-08-25 21:20:00+09:00,159.251,159.262,159.228,159.259
2026-08-25 21:25:00+09:00,159.259,159.262,159.25,159.254
2026-08-25 21:30:00+09:00,159.254,159.28,159.235,159.277
2026-08-25 21:35:00+09:00,159.278,159.299,159.263,159.285
2026-08-25 21:40:00+09:00,159.285,159.298,159.275,159.275
2026-08-25 21:45:00+09:00,159.275,159.291,159.267,159.282
2026-08-25 21:50:00+09:00,159.282,159.289,159.263,159.275
2026-08-25 21:55:00+09:00,159.275,159.3,159.269,159.298
2026-08-25 22:00:00+09:00,159.298,159.305,159.265,159.273
2026-08-25 22:05:00+09:00,159.273,159.279,159.228,159.237
2026-08-25 22:10:00+09:00,159.237,159.237,159.122,159.179
2026-08-25 22:15:00+09:00,159.178,159.23,159.166,159.214
2026-08-25 22:20:00+09:00,159.214,159.242,159.207,159.235
2026-08-25 22:25:00+09:00,159.235,159.237,159.204,159.204
2026-08-25 22:30:00+09:00,159.204,159.256,159.167,159.246
2026-08-25 22:35:00+09:00,159.247,159.262,159.223,159.244
2026-08-25 22:40:00+09:00,159.244,159.266,159.231,159.262
2026-08-25 22:45:00+09:00,159.262,159.277,159.245,159.247
2026-08-25 22:50:00+09:00,159.247,159.265,159.221,159.265
2026-08-25 22:55:00+09:00,159.265,159.265,159.217,159.218
2026-08-25 23:00:00+09:00,159.217,159.293,159.215,159.287
2026-08-25 23:05:00+09:00,159.287,159.292,159.236,159.251
2026-08-25 23:10:00+09:00,159.251,159.267,159.247,159.25
2026-08-25 23:15:00+09:00,159.25,159.281,159.24,159.269
2026-08-25 23:20:00+09:00,159.268,159.292,159.266,159.284
2026-08-25 23:25:00+09:00,159.284,159.29,159.255,159.263
2026-08-25 23:30:00+09:00,159.263,159.326,159.239,159.256
2026-08-25 23:35:00+09:00,159.256,159.263,159.239,159.257
2026-08-25 23:40:00+09:00,159.257,159.283,159.244,159.244
2026-08-25 23:45:00+09:00,159.244,159.245,159.191,159.208
2026-08-25 23:50:00+09:00,159.208,159.268,159.207,159.25
2026-08-25 23:55:00+09:00,159.25,159.273,159.238,159.254
2026-08-26 00:00:00+09:00,159.255,159.272,159.248,159.261
2026-08-26 00:05:00+09:00,159.261,159.28,159.249,159.26
2026-08-26 00:10:00+09:00,159.26,159.278,159.254,159.267
2026-08-26 00:15:00+09:00,159.267,159.289,159.26,159.262
2026-08-26 00:20:00+09:00,159.262,159.273,159.239,159.268
2026-08-26 00:25:00+09:00,159.268,159.295,159.263,159.295
2026-08-26 00:30:00+09:00,159.295,159.295,159.215,159.229
2026-08-26 00:35:00+09:00,159.229,159.239,159.183,159.222
2026-08-26 00:40:00+09:00,159.222,159.228,159.189,159.215
2026-08-26 00:45:00+09:00,159.215,159.227,159.188,159.227
2026-08-26 00:50:00+09:00,159.227,159.244,159.217,159.244
2026-08-26 00:55:00+09:00,159.244,159.263,159.214,159.217
2026-08-26 01:00:00+09:00,159.217,159.232,159.206,159.227
2026-08-26 01:05:00+09:00,159.227,159.247,159.218,159.244
2026-08-26 01:10:00+09:00,159.244,159.254,159.24,159.251
2026-08-26 01:15:00+09:00,159.251,159.277,159.251,159.274
2026-08-26 01:20:00+09:00,159.274,159.278,159.254,159.266
2026-08-26 01:25:00+09:00,159.266,159.276,159.258,159.267
2026-08-26 01:30:00+09:00,159.267,159.267,159.253,159.263
2026-08-26 01:35:00+09:00,159.263,159.279,159.248,159.262
2026-08-26 01:40:00+09:00,159.262,159.268,159.257,159.264
2026-08-26 01:45:00+09:00,159.264,159.277,159.259,159.276
2026-08-26 01:50:00+09:00,159.276,159.297,159.266,159.291
2026-08-26 01:55:00+09:00,159.291,159.296,159.262,159.277
2026-08-26 02:00:00+09:00,159.277,159.296,159.276,159.28
2026-08-26 02:05:00+09:00,159.28,159.315,159.278,159.31
2026-08-26 02:10:00+09:00,159.31,159.317,159.301,159.305
2026-08-26 02:15:00+09:00,159.305,159.318,159.294,159.296
2026-08-26 02:20:00+09:00,159.296,159.312,159.293,159.311
2026-08-26 02:25:00+09:00,159.311,159.314,159.287,159.293
2026-08-26 02:30:00+09:00,159.293,159.296,159.276,159.283
2026-08-26 02:35:00+09:00,159.283,159.283,159.257,159.262
2026-08-26 02:40:00+09:00,159.262,159.272,159.258,159.271
2026-08-26 02:45:00+09:00,159.271,159.274,159.254,159.257
2026-08-26 02:50:00+09:00,159.257,159.26,159.231,159.243
2026-08-26 02:55:00+09:00,159.243,159.243,159.218,159.223
2026-08-26 03:00:00+09:00,159.223,159.244,159.223,159.233
2026-08-26 03:05:00+09:00,159.233,159.233,159.218,159.22
2026-08-26 03:10:00+09:00,159.22,159.22,159.195,159.217
2026-08-26 03:15:00+09:00,159.217,159.229,159.207,159.221
2026-08-26 03:20:00+09:00,159.221,159.244,159.219,159.244
2026-08-26 03:25:00+09:00,159.244,159.244,159.223,159.232
2026-08-26 03:30:00+09:00,159.232,159.234,159.23,159.231
2026-08-26 03:35:00+09:00,159.231,159.247,159.23,159.246
2026-08-26 03:40:00+09:00,159.246,159.257,159.24,159.255
2026-08-26 03:45:00+09:00,159.255,159.259,159.245,159.245
2026-08-26 03:50:00+09:00,159.245,159.254,159.239,159.252
2026-08-26 03:55:00+09:00,159.253,159.254,159.225,159.226
2026-08-26 04:00:00+09:00,159.226,159.241,159.223,159.238
2026-08-26 04:05:00+09:00,159.238,159.24,159.206,159.212
2026-08-26 04:10:00+09:00,159.211,159.216,159.196,159.204
2026-08-26 04:15:00+09:00,159.204,159.206,159.157,159.177
2026-08-26 04:20:00+09:00,159.177,159.187,159.171,159.173
2026-08-26 04:25:00+09:00,159.173,159.204,159.172,159.203
2026-08-26 04:30:00+09:00,159.203,159.216,159.203,159.211
2026-08-26 04:35:00+09:00,159.211,159.222,159.203,159.204
2026-08-26 04:40:00+09:00,159.204,159.207,159.188,159.192
2026-08-26 04:45:00+09:00,159.192,159.195,159.155,159.157
2026-08-26 04:50:00+09:00,159.157,159.17,159.107,159.119
2026-08-26 04:55:00+09:00,159.119,159.148,159.088,159.146
2026-08-26 05:00:00+09:00,159.146,159.169,159.129,159.168
2026-08-26 05:05:00+09:00,159.168,159.176,159.151,159.153
2026-08-26 05:10:00+09:00,159.152,159.168,159.136,159.152
2026-08-26 05:15:00+09:00,159.152,159.169,159.142,159.165
2026-08-26 05:20:00+09:00,159.165,159.183,159.159,159.182
2026-08-26 05:25:00+09:00,159.182,159.199,159.168,159.181
2026-08-26 05:30:00+09:00,159.181,159.219,159.181,159.218
2026-08-26 05:35:00+09:00,159.218,159.218,159.201,159.216
2026-08-26 05:40:00+09:00,159.216,159.238,159.213,159.213
2026-08-26 05:45:00+09:00,159.213,159.265,159.213,159.248
2026-08-26 05:50:00+09:00,159.249,159.26,159.244,159.254
2026-08-26 05:55:00+09:00,159.254,159.269,159.245,159.251
2026-08-26 06:00:00+09:00,159.251,159.292,159.251,159.273
2026-08-26 06:05:00+09:00,159.273,159.279,159.27,159.271
2026-08-26 06:10:00+09:00,159.271,159.275,159.27,159.27
2026-08-26 06:15:00+09:00,159.27,159.274,159.252,159.263
2026-08-26 06:20:00+09:00,159.263,159.272,159.26,159.266
2026-08-26 06:25:00+09:00,159.266,159.277,159.263,159.272
2026-08-26 06:30:00+09:00,159.272,159.28,159.265,159.267
2026-08-26 06:35:00+09:00,159.267,159.269,159.256,159.258
2026-08-26 06:40:00+09:00,159.258,159.261,159.253,159.26
2026-08-26 06:45:00+09:00,159.26,159.268,159.258,159.259
2026-08-26 06:50:00+09:00,159.259,159.264,159.253,159.261
2026-08-26 06:55:00+09:00,159.261,159.264,159.257,159.263
2026-08-26 07:00:00+09:00,159.263,159.272,159.252,159.269
2026-08-26 07:05:00+09:00,159.269,159.27,159.267,159.268
2026-08-26 07:10:00+09:00,159.268,159.27,159.234,159.241
2026-08-26 07:15:00+09:00,159.241,159.243,159.225,159.226
2026-08-26 07:20:00+09:00,159.226,159.226,159.214,159.217
2026-08-26 07:25:00+09:00,159.217,159.227,159.215,159.224
2026-08-26 07:30:00+09:00,159.224,159.228,159.223,159.226
2026-08-26 07:35:00+09:00,159.226,159.227,159.221,159.226
2026-08-26 07:40:00+09:00,159.226,159.226,159.214,159.215
2026-08-26 07:45:00+09:00,159.215,159.217,159.212,159.217
2026-08-26 07:50:00+09:00,159.217,159.22,159.215,159.216
2026-08-26 07:55:00+09:00,159.216,159.219,159.214,159.216
2026-08-26 08:00:00+09:00,159.216,159.217,159.208,159.209
2026-08-26 08:05:00+09:00,159.209,159.233,159.207,159.233
2026-08-26 08:10:00+09:00,159.233,159.243,159.233,159.239
2026-08-26 08:15:00+09:00,159.239,159.239,159.229,159.23
2026-08-26 08:20:00+09:00,159.23,159.235,159.229,159.234
2026-08-26 08:25:00+09:00,159.234,159.254,159.233,159.254
2026-08-26 08:30:00+09:00,159.254,159.268,159.252,159.266
2026-08-26 08:35:00+09:00,159.266,159.267,159.249,159.255
2026-08-26 08:40:00+09:00,159.255,159.269,159.254,159.267
2026-08-26 08:45:00+09:00,159.267,159.268,159.248,159.257
2026-08-26 08:50:00+09:00,159.257,159.257,159.247,159.255
2026-08-26 08:55:00+09:00,159.255,159.258,159.222,159.222
2026-08-26 09:00:00+09:00,159.222,159.248,159.222,159.243
2026-08-26 09:05:00+09:00,159.243,159.261,159.229,159.23
2026-08-26 09:10:00+09:00,159.23,159.238,159.217,159.225
2026-08-26 09:15:00+09:00,159.224,159.243,159.224,159.24
2026-08-26 09:20:00+09:00,159.24,159.246,159.23,159.246
2026-08-26 09:25:00+09:00,159.246,159.253,159.224,159.228
2026-08-26 09:30:00+09:00,159.228,159.229,159.2,159.219
2026-08-26 09:35:00+09:00,159.218,159.229,159.201,159.205
2026-08-26 09:40:00+09:00,159.205,159.208,159.156,159.168
2026-08-26 09:45:00+09:00,159.168,159.171,159.112,159.126
2026-08-26 09:50:00+09:00,159.127,159.152,159.108,159.119
2026-08-26 09:55:00+09:00,159.119,159.177,159.117,159.168
2026-08-26 10:00:00+09:00,159.168,159.17,159.141,159.157
2026-08-26 10:05:00+09:00,159.157,159.179,159.151,159.16
2026-08-26 10:10:00+09:00,159.16,159.186,159.159,159.17
2026-08-26 10:15:00+09:00,159.17,159.171,159.152,159.153
2026-08-26 10:20:00+09:00,159.153,159.165,159.14,159.155
2026-08-26 10:25:00+09:00,159.155,159.17,159.141,159.166
2026-08-26 10:30:00+09:00,159.166,159.167,159.145,159.157
2026-08-26 10:35:00+09:00,159.157,159.163,159.091,159.1
2026-08-26 10:40:00+09:00,159.1,159.123,159.077,159.092
2026-08-26 10:45:00+09:00,159.092,159.102,159.055,159.062
2026-08-26 10:50:00+09:00,159.062,159.064,158.97,159.037
2026-08-26 10:55:00+09:00,159.037,159.065,159.027,159.052
2026-08-26 11:00:00+09:00,159.052,159.054,158.897,158.925
2026-08-26 11:05:00+09:00,158.925,158.953,158.883,158.937
2026-08-26 11:10:00+09:00,158.937,158.957,158.898,158.954
2026-08-26 11:15:00+09:00,158.954,158.985,158.949,158.953
2026-08-26 11:20:00+09:00,158.953,158.971,158.91,158.94
2026-08-26 11:25:00+09:00,158.939,158.982,158.936,158.974
2026-08-26 11:30:00+09:00,158.974,158.994,158.967,158.979
2026-08-26 11:35:00+09:00,158.979,159.023,158.977,159.017
2026-08-26 11:40:00+09:00,159.017,159.038,158.976,158.992
2026-08-26 11:45:00+09:00,158.992,159.012,158.981,159.011
2026-08-26 11:50:00+09:00,159.01,159.04,159.01,159.036
2026-08-26 11:55:00+09:00,159.036,159.049,159.029,159.04
2026-08-26 12:00:00+09:00,159.04,159.04,159.002,159.002
2026-08-26 12:05:00+09:00,159.002,159.028,159.001,159.002
2026-08-26 12:10:00+09:00,159.002,159.026,158.996,159.026
2026-08-26 12:15:00+09:00,159.026,159.029,159.007,159.011
2026-08-26 12:20:00+09:00,159.011,159.013,158.985,159.0
2026-08-26 12:25:00+09:00,159.0,159.001,158.957,158.983
2026-08-26 12:30:00+09:00,158.983,158.991,158.905,158.927
2026-08-26 12:35:00+09:00,158.927,158.949,158.91,158.94
2026-08-26 12:40:00+09:00,158.941,158.972,158.937,158.957
2026-08-26 12:45:00+09:00,158.957,158.985,158.957,158.96
2026-08-26 12:50:00+09:00,158.96,158.976,158.945,158.958
2026-08-26 12:55:00+09:00,158.958,158.973,158.943,158.962
2026-08-26 13:00:00+09:00,158.962,158.986,158.945,158.986
2026-08-26 13:05:00+09:00,158.986,158.99,158.974,158.977
2026-08-26 13:10:00+09:00,158.977,159.01,158.976,159.009
2026-08-26 13:15:00+09:00,159.008,159.031,158.98,158.995
2026-08-26 13:20:00+09:00,158.995,159.013,158.976,158.988
2026-08-26 13:25:00+09:00,158.988,159.005,158.987,159.002
2026-08-26 13:30:00+09:00,159.002,159.002,158.966,158.985
2026-08-26 13:35:00+09:00,158.985,158.992,158.975,158.985
2026-08-26 13:40:00+09:00,158.985,159.008,158.982,158.996
2026-08-26 13:45:00+09:00,158.996,159.014,158.991,159.01
2026-08-26 13:50:00+09:00,159.01,159.045,159.008,159.031
2026-08-26 13:55:00+09:00,159.031,159.042,159.013,159.036
2026-08-26 14:00:00+09:00,159.036,159.053,159.025,159.034
2026-08-26 14:05:00+09:00,159.034,159.047,159.02,159.026
2026-08-26 14:10:00+09:00,159.026,159.038,159.024,159.024
2026-08-26 14:15:00+09:00,159.024,159.024,159.001,159.009
2026-08-26 14:20:00+09:00,159.009,159.027,159.008,159.027
2026-08-26 14:25:00+09:00,159.027,159.027,159.015,159.022
2026-08-26 14:30:00+09:00,159.022,159.022,158.977,158.982
2026-08-26 14:35:00+09:00,158.982,159.005,158.979,158.992
2026-08-26 14:40:00+09:00,158.992,158.992,158.965,158.975
2026-08-26 14:45:00+09:00,158.975,158.989,158.97,158.986
2026-08-26 14:50:00+09:00,158.986,159.011,158.986,159.011
2026-08-26 14:55:00+09:00,159.011,159.016,158.998,159.015
2026-08-26 15:00:00+09:00,159.015,159.054,159.008,159.043
2026-08-26 15:05:00+09:00,159.043,159.053,159.031,159.051
2026-08-26 15:10:00+09:00,159.051,159.095,159.05,159.075
2026-08-26 15:15:00+09:00,159.075,159.085,159.045,159.046
2026-08-26 15:20:00+09:00,159.046,159.064,159.044,159.06
2026-08-26 15:25:00+09:00,159.06,159.076,159.05,159.06
2026-08-26 15:30:00+09:00,159.06,159.093,159.05,159.089
2026-08-26 15:35:00+09:00,159.089,159.127,159.089,159.109
2026-08-26 15:40:00+09:00,159.109,159.113,159.088,159.091
2026-08-26 15:45:00+09:00,159.091,159.091,159.07,159.081
2026-08-26 15:50:00+09:00,159.081,159.095,159.07,159.072
2026-08-26 15:55:00+09:00,159.072,159.084,159.049,159.058
2026-08-26 16:00:00+09:00,159.058,159.064,158.982,159.0
2026-08-26 16:05:00+09:00,159.0,159.017,158.989,158.993
2026-08-26 16:10:00+09:00,158.993,159.005,158.968,159.004
2026-08-26 16:15:00+09:00,159.004,159.022,158.988,159.013
2026-08-26 16:20:00+09:00,159.013,159.032,159.013,159.027
2026-08-26 16:25:00+09:00,159.027,159.052,159.014,159.048
2026-08-26 16:30:00+09:00,159.048,159.05,159.014,159.025
2026-08-26 16:35:00+09:00,159.025,159.031,158.991,158.998
2026-08-26 16:40:00+09:00,158.998,159.015,158.995,159.014
2026-08-26 16:45:00+09:00,159.014,159.027,158.977,159.0
2026-08-26 16:50:00+09:00,159.0,159.012,158.989,159.001
2026-08-26 16:55:00+09:00,159.001,159.02,158.997,159.015
2026-08-26 17:00:00+09:00,159.016,159.019,158.978,158.978
2026-08-26 17:05:00+09:00,158.978,158.981,158.946,158.972
2026-08-26 17:10:00+09:00,158.972,158.987,158.966,158.974
2026-08-26 17:15:00+09:00,158.974,158.983,158.934,158.966
2026-08-26 17:20:00+09:00,158.966,158.998,158.96,158.974
2026-08-26 17:25:00+09:00,158.974,158.98,158.944,158.959
2026-08-26 17:30:00+09:00,158.959,158.99,158.958,158.964
2026-08-26 17:35:00+09:00,158.965,158.986,158.959,158.974
2026-08-26 17:40:00+09:00,158.974,159.013,158.972,158.992
2026-08-26 17:45:00+09:00,158.993,158.997,158.97,158.978
2026-08-26 17:50:00+09:00,158.978,158.99,158.972,158.99
2026-08-26 17:55:00+09:00,158.99,159.036,158.989,159.014
2026-08-26 18:00:00+09:00,159.014,159.05,159.004,159.027
2026-08-26 18:05:00+09:00,159.027,159.062,159.025,159.055
2026-08-26 18:10:00+09:00,159.055,159.056,159.022,159.03
2026-08-26 18:15:00+09:00,159.03,159.03,158.984,158.988
2026-08-26 18:20:00+09:00,158.988,159.002,158.971,159.0
2026-08-26 18:25:00+09:00,159.0,159.007,158.988,159.004
2026-08-26 18:30:00+09:00,159.004,159.006,158.98,158.99
2026-08-26 18:35:00+09:00,158.99,158.99,158.976,158.99
2026-08-26 18:40:00+09:00,158.989,159.011,158.974,158.974
2026-08-26 18:45:00+09:00,158.974,158.991,158.966,158.991
2026-08-26 18:50:00+09:00,158.991,158.991,158.963,158.969
2026-08-26 18:55:00+09:00,158.969,159.002,158.967,158.992
2026-08-26 19:00:00+09:00,158.992,159.004,158.986,158.989
2026-08-26 19:05:00+09:00,158.989,159.003,158.988,158.997
2026-08-26 19:10:00+09:00,158.997,159.014,158.995,159.014
2026-08-26 19:15:00+09:00,159.014,159.038,159.007,159.034
2026-08-26 19:20:00+09:00,159.034,159.037,159.019,159.032
2026-08-26 19:25:00+09:00,159.032,159.047,159.031,159.035
2026-08-26 19:30:00+09:00,159.035,159.035,159.019,159.023
2026-08-26 19:35:00+09:00,159.022,159.035,159.02,159.021
2026-08-26 19:40:00+09:00,159.021,159.068,159.02,159.061
2026-08-26 19:45:00+09:00,159.061,159.091,159.056,159.091
2026-08-26 19:50:00+09:00,159.091,159.105,159.087,159.091
2026-08-26 19:55:00+09:00,159.091,159.125,159.088,159.096
2026-08-26 20:00:00+09:00,159.096,159.105,159.062,159.083
2026-08-26 20:05:00+09:00,159.082,159.118,159.082,159.116
2026-08-26 20:10:00+09:00,159.116,159.118,159.097,159.102
2026-08-26 20:15:00+09:00,159.102,159.12,159.102,159.11
2026-08-26 20:20:00+09:00,159.11,159.164,159.105,159.16
2026-08-26 20:25:00+09:00,159.16,159.161,159.14,159.15
2026-08-26 20:30:00+09:00,159.15,159.161,159.123,159.124
2026-08-26 20:35:00+09:00,159.124,159.147,159.116,159.141
2026-08-26 20:40:00+09:00,159.141,159.145,159.126,159.131
2026-08-26 20:45:00+09:00,159.131,159.136,159.113,159.12
2026-08-26 20:50:00+09:00,159.12,159.124,159.108,159.108
2026-08-26 20:55:00+09:00,159.108,159.112,159.086,159.086
2026-08-26 21:00:00+09:00,159.086,159.089,159.05,159.064
2026-08-26 21:05:00+09:00,159.063,159.065,159.037,159.064
2026-08-26 21:10:00+09:00,159.064,159.079,159.059,159.066
2026-08-26 21:15:00+09:00,159.066,159.066,159.013,159.026
2026-08-26 21:20:00+09:00,159.025,159.034,159.001,159.006
2026-08-26 21:25:00+09:00,159.006,159.006,158.968,158.968
2026-08-26 21:30:00+09:00,158.971,159.119,158.929,159.092
2026-08-26 21:35:00+09:00,159.092,159.151,159.075,159.14
2026-08-26 21:40:00+09:00,159.14,159.178,159.124,159.146
2026-08-26 21:45:00+09:00,159.146,159.192,159.136,159.191
2026-08-26 21:50:00+09:00,159.191,159.256,159.177,159.198
2026-08-26 21:55:00+09:00,159.198,159.249,159.197,159.238
2026-08-26 22:00:00+09:00,159.239,159.297,159.235,159.289
2026-08-26 22:05:00+09:00,159.289,159.308,159.261,159.299
2026-08-26 22:10:00+09:00,159.299,159.328,159.272,159.284
2026-08-26 22:15:00+09:00,159.284,159.325,159.266,159.272
2026-08-26 22:20:00+09:00,159.272,159.31,159.266,159.29
2026-08-26 22:25:00+09:00,159.29,159.31,159.27,159.284
2026-08-26 22:30:00+09:00,159.284,159.326,159.265,159.326
2026-08-26 22:35:00+09:00,159.326,159.358,159.324,159.346
2026-08-26 22:40:00+09:00,159.346,159.373,159.334,159.363
2026-08-26 22:45:00+09:00,159.361,159.37,159.332,159.357
2026-08-26 22:50:00+09:00,159.357,159.369,159.323,159.332
2026-08-26 22:55:00+09:00,159.332,159.399,159.323,159.399
2026-08-26 23:00:00+09:00,159.399,159.424,159.382,159.397
2026-08-26 23:05:00+09:00,159.397,159.42,159.383,159.384
2026-08-26 23:10:00+09:00,159.384,159.401,159.365,159.396
2026-08-26 23:15:00+09:00,159.396,159.439,159.391,159.436
2026-08-26 23:20:00+09:00,159.436,159.448,159.412,159.437
2026-08-26 23:25:00+09:00,159.437,159.447,159.409,159.423
2026-08-26 23:30:00+09:00,159.423,159.448,159.392,159.402
2026-08-26 23:35:00+09:00,159.402,159.414,159.372,159.384
2026-08-26 23:40:00+09:00,159.384,159.387,159.35,159.373
2026-08-26 23:45:00+09:00,159.373,159.425,159.371,159.419
2026-08-26 23:50:00+09:00,159.419,159.429,159.382,159.396
2026-08-26 23:55:00+09:00,159.396,159.426,159.384,159.412
2026-08-27 00:00:00+09:00,159.412,159.416,159.384,159.391
2026-08-27 00:05:00+09:00,159.391,159.395,159.356,159.36
2026-08-27 00:10:00+09:00,159.36,159.375,159.343,159.374
2026-08-27 00:15:00+09:00,159.374,159.388,159.357,159.36
2026-08-27 00:20:00+09:00,159.36,159.386,159.36,159.372
2026-08-27 00:25:00+09:00,159.372,159.386,159.368,159.374
2026-08-27 00:30:00+09:00,159.375,159.38,159.362,159.365
2026-08-27 00:35:00+09:00,159.365,159.369,159.351,159.352
2026-08-27 00:40:00+09:00,159.352,159.36,159.327,159.36
2026-08-27 00:45:00+09:00,159.36,159.361,159.322,159.335
2026-08-27 00:50:00+09:00,159.335,159.397,159.333,159.366
2026-08-27 00:55:00+09:00,159.366,159.396,159.354,159.371
2026-08-27 01:00:00+09:00,159.371,159.374,159.35,159.354
2026-08-27 01:05:00+09:00,159.354,159.36,159.346,159.359
2026-08-27 01:10:00+09:00,159.359,159.366,159.329,159.332
2026-08-27 01:15:00+09:00,159.332,159.334,159.305,159.317
2026-08-27 01:20:00+09:00,159.317,159.34,159.312,159.34
2026-08-27 01:25:00+09:00,159.339,159.355,159.329,159.349
2026-08-27 01:30:00+09:00,159.35,159.373,159.347,159.366
2026-08-27 01:35:00+09:00,159.366,159.379,159.366,159.376
2026-08-27 01:40:00+09:00,159.375,159.389,159.374,159.377
2026-08-27 01:45:00+09:00,159.377,159.401,159.367,159.367
2026-08-27 01:50:00+09:00,159.367,159.419,159.362,159.418
2026-08-27 01:55:00+09:00,159.418,159.43,159.415,159.419
2026-08-27 02:00:00+09:00,159.419,159.42,159.394,159.405
2026-08-27 02:05:00+09:00,159.406,159.43,159.406,159.425
2026-08-27 02:10:00+09:00,159.425,159.429,159.414,159.414
2026-08-27 02:15:00+09:00,159.414,159.416,159.378,159.385
2026-08-27 02:20:00+09:00,159.385,159.395,159.377,159.379
2026-08-27 02:25:00+09:00,159.379,159.389,159.377,159.378
2026-08-27 02:30:00+09:00,159.378,159.381,159.365,159.368
2026-08-27 02:35:00+09:00,159.368,159.392,159.365,159.392
2026-08-27 02:40:00+09:00,159.392,159.394,159.379,159.39
2026-08-27 02:45:00+09:00,159.39,159.42,159.39,159.418
2026-08-27 02:50:00+09:00,159.418,159.418,159.393,159.405
2026-08-27 02:55:00+09:00,159.405,159.419,159.395,159.395
2026-08-27 03:00:00+09:00,159.395,159.405,159.39,159.391
2026-08-27 03:05:00+09:00,159.391,159.406,159.388,159.392
2026-08-27 03:10:00+09:00,159.392,159.393,159.376,159.386
2026-08-27 03:15:00+09:00,159.385,159.392,159.381,159.391
2026-08-27 03:20:00+09:00,159.391,159.405,159.391,159.401
2026-08-27 03:25:00+09:00,159.401,159.406,159.398,159.404
2026-08-27 03:30:00+09:00,159.403,159.412,159.403,159.407
2026-08-27 03:35:00+09:00,159.407,159.419,159.405,159.416
2026-08-27 03:40:00+09:00,159.416,159.419,159.405,159.407
2026-08-27 03:45:00+09:00,159.407,159.408,159.392,159.394
2026-08-27 03:50:00+09:00,159.394,159.404,159.389,159.403
2026-08-27 03:55:00+09:00,159.403,159.414,159.389,159.403
2026-08-27 04:00:00+09:00,159.403,159.415,159.391,159.391
2026-08-27 04:05:00+09:00,159.391,159.393,159.375,159.376
2026-08-27 04:10:00+09:00,159.376,159.378,159.364,159.365
2026-08-27 04:15:00+09:00,159.365,159.393,159.365,159.392
2026-08-27 04:20:00+09:00,159.392,159.395,159.388,159.389
2026-08-27 04:25:00+09:00,159.389,159.392,159.377,159.382
2026-08-27 04:30:00+09:00,159.382,159.384,159.329,159.363
2026-08-27 04:35:00+09:00,159.363,159.37,159.358,159.368
2026-08-27 04:40:00+09:00,159.368,159.368,159.349,159.351
2026-08-27 04:45:00+09:00,159.351,159.362,159.345,159.36
2026-08-27 04:50:00+09:00,159.36,159.377,159.36,159.362
2026-08-27 04:55:00+09:00,159.362,159.369,159.348,159.349
2026-08-27 05:00:00+09:00,159.349,159.361,159.348,159.356
2026-08-27 05:05:00+09:00,159.356,159.367,159.349,159.351
2026-08-27 05:10:00+09:00,159.351,159.36,159.349,159.355
2026-08-27 05:15:00+09:00,159.355,159.358,159.349,159.349
2026-08-27 05:20:00+09:00,159.349,159.351,159.335,159.336
2026-08-27 05:25:00+09:00,159.336,159.337,159.322,159.323
2026-08-27 05:30:00+09:00,159.323,159.328,159.321,159.325
2026-08-27 05:35:00+09:00,159.325,159.325,159.296,159.297
2026-08-27 05:40:00+09:00,159.297,159.299,159.295,159.298
2026-08-27 05:45:00+09:00,159.298,159.373,159.297,159.36
2026-08-27 05:50:00+09:00,159.36,159.371,159.358,159.371
2026-08-27 05:55:00+09:00,159.371,159.372,159.357,159.359
2026-08-27 06:00:00+09:00,159.359,159.361,159.344,159.355
2026-08-27 06:05:00+09:00,159.355,159.359,159.354,159.358
2026-08-27 06:10:00+09:00,159.358,159.358,159.335,159.341
2026-08-27 06:15:00+09:00,159.341,159.341,159.33,159.334
2026-08-27 06:20:00+09:00,159.334,159.341,159.329,159.338
2026-08-27 06:25:00+09:00,159.338,159.344,159.335,159.342
2026-08-27 06:30:00+09:00,159.342,159.343,159.331,159.335
2026-08-27 06:35:00+09:00,159.335,159.34,159.329,159.331
2026-08-27 06:40:00+09:00,159.331,159.338,159.328,159.338
2026-08-27 06:45:00+09:00,159.338,159.339,159.326,159.329
2026-08-27 06:50:00+09:00,159.329,159.334,159.326,159.332
2026-08-27 06:55:00+09:00,159.332,159.363,159.329,159.345
2026-08-27 07:00:00+09:00,159.345,159.365,159.33,159.334
2026-08-27 07:05:00+09:00,159.334,159.345,159.332,159.338
2026-08-27 07:10:00+09:00,159.338,159.339,159.302,159.316
2026-08-27 07:15:00+09:00,159.316,159.318,159.302,159.304
2026-08-27 07:20:00+09:00,159.303,159.306,159.298,159.301
2026-08-27 07:25:00+09:00,159.302,159.303,159.286,159.289
2026-08-27 07:30:00+09:00,159.289,159.305,159.283,159.293
2026-08-27 07:35:00+09:00,159.293,159.302,159.275,159.276
2026-08-27 07:40:00+09:00,159.276,159.287,159.273,159.274
2026-08-27 07:45:00+09:00,159.274,159.277,159.273,159.276
2026-08-27 07:50:00+09:00,159.276,159.28,159.266,159.279
2026-08-27 07:55:00+09:00,159.279,159.29,159.277,159.287
2026-08-27 08:00:00+09:00,159.287,159.287,159.247,159.256
2026-08-27 08:05:00+09:00,159.256,159.263,159.255,159.26
2026-08-27 08:10:00+09:00,159.26,159.261,159.234,159.235
2026-08-27 08:15:00+09:00,159.235,159.236,159.219,159.219
2026-08-27 08:20:00+09:00,159.219,159.234,159.219,159.233
2026-08-27 08:25:00+09:00,159.233,159.26,159.233,159.259
2026-08-27 08:30:00+09:00,159.259,159.26,159.246,159.247
2026-08-27 08:35:00+09:00,159.247,159.248,159.246,159.248
2026-08-27 08:40:00+09:00,159.248,159.259,159.247,159.259
2026-08-27 08:45:00+09:00,159.259,159.269,159.243,159.26
2026-08-27 08:50:00+09:00,159.26,159.283,159.26,159.28
2026-08-27 08:55:00+09:00,159.28,159.28,159.259,159.26
2026-08-27 09:00:00+09:00,159.26,159.26,159.181,159.2
2026-08-27 09:05:00+09:00,159.2,159.215,159.165,159.182
2026-08-27 09:10:00+09:00,159.182,159.195,159.136,159.154
2026-08-27 09:15:00+09:00,159.154,159.16,159.141,159.155
2026-08-27 09:20:00+09:00,159.155,159.179,159.128,159.144
2026-08-27 09:25:00+09:00,159.144,159.155,159.128,159.144
2026-08-27 09:30:00+09:00,159.144,159.161,159.119,159.119
2026-08-27 09:35:00+09:00,159.119,159.167,159.119,159.147
2026-08-27 09:40:00+09:00,159.147,159.152,159.128,159.148
2026-08-27 09:45:00+09:00,159.148,159.175,159.146,159.148
2026-08-27 09:50:00+09:00,159.147,159.193,159.134,159.154
2026-08-27 09:55:00+09:00,159.153,159.195,159.146,159.184
2026-08-27 10:00:00+09:00,159.186,159.209,159.179,159.182
2026-08-27 10:05:00+09:00,159.182,159.205,159.181,159.188
2026-08-27 10:10:00+09:00,159.188,159.191,159.168,159.169
2026-08-27 10:15:00+09:00,159.169,159.194,159.156,159.188
2026-08-27 10:20:00+09:00,159.188,159.206,159.164,159.174
2026-08-27 10:25:00+09:00,159.173,159.199,159.163,159.163
2026-08-27 10:30:00+09:00,159.163,159.232,159.14,159.182
2026-08-27 10:35:00+09:00,159.182,159.284,159.14,159.277
2026-08-27 10:40:00+09:00,159.277,159.284,159.217,159.227
2026-08-27 10:45:00+09:00,159.227,159.252,159.219,159.244
2026-08-27 10:50:00+09:00,159.244,159.261,159.239,159.251
2026-08-27 10:55:00+09:00,159.251,159.259,159.231,159.255
2026-08-27 11:00:00+09:00,159.255,159.307,159.254,159.292
2026-08-27 11:05:00+09:00,159.292,159.305,159.265,159.269
2026-08-27 11:10:00+09:00,159.269,159.306,159.268,159.306
2026-08-27 11:15:00+09:00,159.306,159.353,159.305,159.344
2026-08-27 11:20:00+09:00,159.344,159.38,159.337,159.376
2026-08-27 11:25:00+09:00,159.376,159.38,159.363,159.376
2026-08-27 11:30:00+09:00,159.376,159.402,159.363,159.374
2026-08-27 11:35:00+09:00,159.374,159.376,159.347,159.35
2026-08-27 11:40:00+09:00,159.35,159.35,159.324,159.34
2026-08-27 11:45:00+09:00,159.34,159.34,159.305,159.315
2026-08-27 11:50:00+09:00,159.315,159.344,159.305,159.33
2026-08-27 11:55:00+09:00,159.33,159.339,159.319,159.335
2026-08-27 12:00:00+09:00,159.335,159.352,159.325,159.333
2026-08-27 12:05:00+09:00,159.333,159.344,159.324,159.328
2026-08-27 12:10:00+09:00,159.328,159.328,159.31,159.311
2026-08-27 12:15:00+09:00,159.311,159.332,159.31,159.331
2026-08-27 12:20:00+09:00,159.331,159.339,159.325,159.339
2026-08-27 12:25:00+09:00,159.339,159.355,159.339,159.349
2026-08-27 12:30:00+09:00,159.349,159.368,159.349,159.363
2026-08-27 12:35:00+09:00,159.363,159.376,159.363,159.374
2026-08-27 12:40:00+09:00,159.374,159.375,159.346,159.353
2026-08-27 12:45:00+09:00,159.353,159.361,159.342,159.344
2026-08-27 12:50:00+09:00,159.344,159.354,159.338,159.354
2026-08-27 12:55:00+09:00,159.354,159.36,159.349,159.35
2026-08-27 13:00:00+09:00,159.35,159.352,159.335,159.336
2026-08-27 13:05:00+09:00,159.336,159.355,159.335,159.354
2026-08-27 13:10:00+09:00,159.354,159.356,159.34,159.354
2026-08-27 13:15:00+09:00,159.354,159.364,159.351,159.36
2026-08-27 13:20:00+09:00,159.36,159.375,159.359,159.366
2026-08-27 13:25:00+09:00,159.366,159.367,159.352,159.367
2026-08-27 13:30:00+09:00,159.367,159.386,159.361,159.374
2026-08-27 13:35:00+09:00,159.374,159.385,159.369,159.369
2026-08-27 13:40:00+09:00,159.369,159.377,159.36,159.365
2026-08-27 13:45:00+09:00,159.365,159.371,159.354,159.366
2026-08-27 13:50:00+09:00,159.366,159.376,159.365,159.367
2026-08-27 13:55:00+09:00,159.367,159.385,159.361,159.363
2026-08-27 14:00:00+09:00,159.363,159.374,159.351,159.352
2026-08-27 14:05:00+09:00,159.352,159.39,159.34,159.354
2026-08-27 14:10:00+09:00,159.354,159.354,159.333,159.349
2026-08-27 14:15:00+09:00,159.349,159.355,159.337,159.34
2026-08-27 14:20:00+09:00,159.34,159.34,159.324,159.334
2026-08-27 14:25:00+09:00,159.334,159.334,159.298,159.301
2026-08-27 14:30:00+09:00,159.301,159.317,159.289,159.314
2026-08-27 14:35:00+09:00,159.314,159.327,159.303,159.324
2026-08-27 14:40:00+09:00,159.324,159.332,159.319,159.32
2026-08-27 14:45:00+09:00,159.32,159.349,159.32,159.339
2026-08-27 14:50:00+09:00,159.339,159.381,159.339,159.374
2026-08-27 14:55:00+09:00,159.374,159.387,159.359,159.369
2026-08-27 15:00:00+09:00,159.369,159.394,159.349,159.381
2026-08-27 15:05:00+09:00,159.381,159.383,159.361,159.364
2026-08-27 15:10:00+09:00,159.364,159.369,159.347,159.356
2026-08-27 15:15:00+09:00,159.356,159.376,159.356,159.365
2026-08-27 15:20:00+09:00,159.365,159.368,159.343,159.349
2026-08-27 15:25:00+09:00,159.349,159.361,159.339,159.352
2026-08-27 15:30:00+09:00,159.352,159.387,159.352,159.363
2026-08-27 15:35:00+09:00,159.363,159.364,159.353,159.364
2026-08-27 15:40:00+09:00,159.364,159.365,159.35,159.353
2026-08-27 15:45:00+09:00,159.353,159.376,159.338,159.375
2026-08-27 15:50:00+09:00,159.374,159.384,159.359,159.359
2026-08-27 15:55:00+09:00,159.36,159.366,159.347,159.361
2026-08-27 16:00:00+09:00,159.361,159.362,159.304,159.33
2026-08-27 16:05:00+09:00,159.33,159.342,159.315,159.318
2026-08-27 16:10:00+09:00,159.318,159.326,159.286,159.297
2026-08-27 16:15:00+09:00,159.297,159.312,159.276,159.286
2026-08-27 16:20:00+09:00,159.286,159.313,159.286,159.312
2026-08-27 16:25:00+09:00,159.312,159.349,159.312,159.335
2026-08-27 16:30:00+09:00,159.335,159.35,159.334,159.335
2026-08-27 16:35:00+09:00,159.335,159.364,159.313,159.363
2026-08-27 16:40:00+09:00,159.363,159.364,159.34,159.34
2026-08-27 16:45:00+09:00,159.34,159.354,159.34,159.342
2026-08-27 16:50:00+09:00,159.342,159.377,159.342,159.361
2026-08-27 16:55:00+09:00,159.362,159.366,159.33,159.361
2026-08-27 17:00:00+09:00,159.361,159.372,159.319,159.323
2026-08-27 17:05:00+09:00,159.323,159.343,159.3,159.313
2026-08-27 17:10:00+09:00,159.313,159.328,159.292,159.324
2026-08-27 17:15:00+09:00,159.325,159.328,159.303,159.325
2026-08-27 17:20:00+09:00,159.325,159.344,159.323,159.329
2026-08-27 17:25:00+09:00,159.329,159.341,159.318,159.336
2026-08-27 17:30:00+09:00,159.336,159.351,159.335,159.346
2026-08-27 17:35:00+09:00,159.346,159.355,159.327,159.348
2026-08-27 17:40:00+09:00,159.348,159.354,159.291,159.305
2026-08-27 17:45:00+09:00,159.305,159.311,159.286,159.292
2026-08-27 17:50:00+09:00,159.292,159.31,159.286,159.306
2026-08-27 17:55:00+09:00,159.306,159.331,159.297,159.328
2026-08-27 18:00:00+09:00,159.328,159.357,159.315,159.352
2026-08-27 18:05:00+09:00,159.352,159.36,159.34,159.348
2026-08-27 18:10:00+09:00,159.348,159.366,159.341,159.355
2026-08-27 18:15:00+09:00,159.355,159.388,159.354,159.387
2026-08-27 18:20:00+09:00,159.387,159.394,159.367,159.379
2026-08-27 18:25:00+09:00,159.379,159.418,159.379,159.4
2026-08-27 18:30:00+09:00,159.399,159.439,159.396,159.438
2026-08-27 18:35:00+09:00,159.438,159.479,159.432,159.475
2026-08-27 18:40:00+09:00,159.475,159.494,159.46,159.489
2026-08-27 18:45:00+09:00,159.489,159.489,159.46,159.46
2026-08-27 18:50:00+09:00,159.46,159.462,159.449,159.451
2026-08-27 18:55:00+09:00,159.452,159.486,159.449,159.484
2026-08-27 19:00:00+09:00,159.484,159.494,159.463,159.476
2026-08-27 19:05:00+09:00,159.476,159.492,159.466,159.475
2026-08-27 19:10:00+09:00,159.475,159.475,159.45,159.45
2026-08-27 19:15:00+09:00,159.45,159.453,159.429,159.432
2026-08-27 19:20:00+09:00,159.432,159.438,159.421,159.435
2026-08-27 19:25:00+09:00,159.435,159.464,159.434,159.454
2026-08-27 19:30:00+09:00,159.454,159.477,159.454,159.475
2026-08-27 19:35:00+09:00,159.475,159.502,159.471,159.499
2026-08-27 19:40:00+09:00,159.499,159.529,159.467,159.473
2026-08-27 19:45:00+09:00,159.473,159.502,159.472,159.489
2026-08-27 19:50:00+09:00,159.489,159.5,159.475,159.476
2026-08-27 19:55:00+09:00,159.476,159.488,159.469,159.482
2026-08-27 20:00:00+09:00,159.482,159.501,159.471,159.501
2026-08-27 20:05:00+09:00,159.501,159.502,159.478,159.488
2026-08-27 20:10:00+09:00,159.488,159.501,159.479,159.48
2026-08-27 20:15:00+09:00,159.48,159.49,159.46,159.469
2026-08-27 20:20:00+09:00,159.469,159.477,159.455,159.464
2026-08-27 20:25:00+09:00,159.464,159.477,159.454,159.471
2026-08-27 20:30:00+09:00,159.471,159.477,159.43,159.449
2026-08-27 20:35:00+09:00,159.449,159.478,159.443,159.457
2026-08-27 20:40:00+09:00,159.458,159.476,159.45,159.476
2026-08-27 20:45:00+09:00,159.476,159.519,159.466,159.504
2026-08-27 20:50:00+09:00,159.502,159.514,159.447,159.452
2026-08-27 20:55:00+09:00,159.452,159.458,159.42,159.443
2026-08-27 21:00:00+09:00,159.443,159.445,159.406,159.431
2026-08-27 21:05:00+09:00,159.431,159.439,159.388,159.392
2026-08-27 21:10:00+09:00,159.392,159.43,159.383,159.418
2026-08-27 21:15:00+09:00,159.418,159.426,159.371,159.372
2026-08-27 21:20:00+09:00,159.372,159.391,159.351,159.388
2026-08-27 21:25:00+09:00,159.388,159.434,159.376,159.412
2026-08-27 21:30:00+09:00,159.411,159.442,159.4,159.425
2026-08-27 21:35:00+09:00,159.425,159.447,159.421,159.429
2026-08-27 21:40:00+09:00,159.429,159.448,159.407,159.422
2026-08-27 21:45:00+09:00,159.422,159.438,159.415,159.438
2026-08-27 21:50:00+09:00,159.438,159.45,159.418,159.427
2026-08-27 21:55:00+09:00,159.427,159.434,159.406,159.417
2026-08-27 22:00:00+09:00,159.417,159.43,159.379,159.411
2026-08-27 22:05:00+09:00,159.411,159.434,159.408,159.431
2026-08-27 22:10:00+09:00,159.431,159.458,159.429,159.451
2026-08-27 22:15:00+09:00,159.451,159.47,159.427,159.44
2026-08-27 22:20:00+09:00,159.44,159.441,159.373,159.394
2026-08-27 22:25:00+09:00,159.394,159.396,159.349,159.371
2026-08-27 22:30:00+09:00,159.371,159.393,159.351,159.388
2026-08-27 22:35:00+09:00,159.388,159.393,159.367,159.387
2026-08-27 22:40:00+09:00,159.387,159.401,159.377,159.398
2026-08-27 22:45:00+09:00,159.397,159.425,159.379,159.397
2026-08-27 22:50:00+09:00,159.397,159.416,159.389,159.39
2026-08-27 22:55:00+09:00,159.391,159.391,159.345,159.369
2026-08-27 23:00:00+09:00,159.369,159.38,159.349,159.349
2026-08-27 23:05:00+09:00,159.349,159.366,159.3,159.335
2026-08-27 23:10:00+09:00,159.335,159.367,159.319,159.352
2026-08-27 23:15:00+09:00,159.352,159.358,159.33,159.34
2026-08-27 23:20:00+09:00,159.34,159.377,159.337,159.375
2026-08-27 23:25:00+09:00,159.375,159.377,159.345,159.346
2026-08-27 23:30:00+09:00,159.346,159.346,159.315,159.32
2026-08-27 23:35:00+09:00,159.32,159.332,159.297,159.305
2026-08-27 23:40:00+09:00,159.305,159.351,159.292,159.347
2026-08-27 23:45:00+09:00,159.347,159.348,159.314,159.34
2026-08-27 23:50:00+09:00,159.339,159.349,159.306,159.326
2026-08-27 23:55:00+09:00,159.326,159.34,159.278,159.335
2026-08-28 00:00:00+09:00,159.335,159.335,159.279,159.309
2026-08-28 00:05:00+09:00,159.309,159.329,159.283,159.324
2026-08-28 00:10:00+09:00,159.324,159.334,159.307,159.329
2026-08-28 00:15:00+09:00,159.329,159.332,159.296,159.331
2026-08-28 00:20:00+09:00,159.331,159.331,159.315,159.322
2026-08-28 00:25:00+09:00,159.322,159.331,159.312,159.313
2026-08-28 00:30:00+09:00,159.313,159.318,159.288,159.293
2026-08-28 00:35:00+09:00,159.294,159.309,159.293,159.302
2026-08-28 00:40:00+09:00,159.3,159.303,159.28,159.283
2026-08-28 00:45:00+09:00,159.283,159.309,159.28,159.294
2026-08-28 00:50:00+09:00,159.294,159.297,159.255,159.26
2026-08-28 00:55:00+09:00,159.26,159.27,159.243,159.267
2026-08-28 01:00:00+09:00,159.267,159.28,159.256,159.276
2026-08-28 01:05:00+09:00,159.276,159.297,159.273,159.279
2026-08-28 01:10:00+09:00,159.279,159.285,159.255,159.27
2026-08-28 01:15:00+09:00,159.27,159.282,159.266,159.275
2026-08-28 01:20:00+09:00,159.275,159.275,159.248,159.268
2026-08-28 01:25:00+09:00,159.268,159.282,159.255,159.258
2026-08-28 01:30:00+09:00,159.258,159.265,159.25,159.252
2026-08-28 01:35:00+09:00,159.252,159.266,159.251,159.263
2026-08-28 01:40:00+09:00,159.263,159.279,159.262,159.272
2026-08-28 01:45:00+09:00,159.272,159.308,159.27,159.306
2026-08-28 01:50:00+09:00,159.306,159.308,159.291,159.302
2026-08-28 01:55:00+09:00,159.302,159.307,159.287,159.297
2026-08-28 02:00:00+09:00,159.297,159.299,159.27,159.28
2026-08-28 02:05:00+09:00,159.28,159.304,159.28,159.303
2026-08-28 02:10:00+09:00,159.303,159.329,159.303,159.327
2026-08-28 02:15:00+09:00,159.326,159.332,159.314,159.318
2026-08-28 02:20:00+09:00,159.318,159.321,159.305,159.311
2026-08-28 02:25:00+09:00,159.311,159.318,159.307,159.316
2026-08-28 02:30:00+09:00,159.316,159.331,159.316,159.321
2026-08-28 02:35:00+09:00,159.321,159.346,159.321,159.345
2026-08-28 02:40:00+09:00,159.345,159.373,159.341,159.365
2026-08-28 02:45:00+09:00,159.365,159.391,159.363,159.38
2026-08-28 02:50:00+09:00,159.38,159.396,159.378,159.385
2026-08-28 02:55:00+09:00,159.385,159.412,159.382,159.408
2026-08-28 03:00:00+09:00,159.408,159.458,159.404,159.457
2026-08-28 03:05:00+09:00,159.457,159.463,159.441,159.451
2026-08-28 03:10:00+09:00,159.451,159.457,159.425,159.425
2026-08-28 03:15:00+09:00,159.425,159.429,159.418,159.427
2026-08-28 03:20:00+09:00,159.427,159.439,159.418,159.428
2026-08-28 03:25:00+09:00,159.428,159.437,159.416,159.426
2026-08-28 03:30:00+09:00,159.426,159.441,159.425,159.437
2026-08-28 03:35:00+09:00,159.437,159.439,159.426,159.438
2026-08-28 03:40:00+09:00,159.438,159.441,159.428,159.435
2026-08-28 03:45:00+09:00,159.435,159.442,159.435,159.438
2026-08-28 03:50:00+09:00,159.438,159.439,159.417,159.426
2026-08-28 03:55:00+09:00,159.426,159.438,159.413,159.436
2026-08-28 04:00:00+09:00,159.436,159.438,159.417,159.425
2026-08-28 04:05:00+09:00,159.425,159.426,159.403,159.416
2026-08-28 04:10:00+09:00,159.416,159.441,159.416,159.435
2026-08-28 04:15:00+09:00,159.435,159.45,159.424,159.428
2026-08-28 04:20:00+09:00,159.428,159.437,159.425,159.425
2026-08-28 04:25:00+09:00,159.425,159.44,159.424,159.438
2026-08-28 04:30:00+09:00,159.438,159.443,159.425,159.428
2026-08-28 04:35:00+09:00,159.428,159.428,159.417,159.423
2026-08-28 04:40:00+09:00,159.423,159.426,159.413,159.417
2026-08-28 04:45:00+09:00,159.417,159.419,159.41,159.418
2026-08-28 04:50:00+09:00,159.418,159.428,159.413,159.415
2026-08-28 04:55:00+09:00,159.415,159.428,159.404,159.42
2026-08-28 05:00:00+09:00,159.42,159.426,159.411,159.411
2026-08-28 05:05:00+09:00,159.411,159.414,159.402,159.405
2026-08-28 05:10:00+09:00,159.405,159.411,159.4,159.403
2026-08-28 05:15:00+09:00,159.403,159.406,159.399,159.399
2026-08-28 05:20:00+09:00,159.399,159.401,159.39,159.4
2026-08-28 05:25:00+09:00,159.4,159.412,159.398,159.398
2026-08-28 05:30:00+09:00,159.398,159.4,159.398,159.399
2026-08-28 05:35:00+09:00,159.399,159.399,159.385,159.386
2026-08-28 05:40:00+09:00,159.385,159.395,159.385,159.386
2026-08-28 05:45:00+09:00,159.386,159.438,159.385,159.435
2026-08-28 05:50:00+09:00,159.435,159.448,159.433,159.443
2026-08-28 05:55:00+09:00,159.443,159.465,159.436,159.443
2026-08-28 06:00:00+09:00,159.443,159.447,159.408,159.442
2026-08-28 06:05:00+09:00,159.442,159.493,159.44,159.489
2026-08-28 06:10:00+09:00,159.489,159.489,159.471,159.473
2026-08-28 06:15:00+09:00,159.473,159.481,159.471,159.474
2026-08-28 06:20:00+09:00,159.474,159.474,159.437,159.44
2026-08-28 06:25:00+09:00,159.44,159.444,159.436,159.444
2026-08-28 06:30:00+09:00,159.444,159.445,159.442,159.445
2026-08-28 06:35:00+09:00,159.445,159.446,159.437,159.437
2026-08-28 06:40:00+09:00,159.437,159.449,159.436,159.449
2026-08-28 06:45:00+09:00,159.449,159.464,159.437,159.438
2026-08-28 06:50:00+09:00,159.438,159.438,159.436,159.437
2026-08-28 06:55:00+09:00,159.437,159.438,159.436,159.437
2026-08-28 07:00:00+09:00,159.437,159.44,159.425,159.44
2026-08-28 07:05:00+09:00,159.44,159.441,159.424,159.424
2026-08-28 07:10:00+09:00,159.424,159.428,159.377,159.379
2026-08-28 07:15:00+09:00,159.379,159.38,159.378,159.38
2026-08-28 07:20:00+09:00,159.38,159.397,159.378,159.395
2026-08-28 07:25:00+09:00,159.395,159.412,159.395,159.408
2026-08-28 07:30:00+09:00,159.408,159.409,159.403,159.405
2026-08-28 07:35:00+09:00,159.405,159.406,159.386,159.388
2026-08-28 07:40:00+09:00,159.388,159.393,159.386,159.391
2026-08-28 07:45:00+09:00,159.391,159.391,159.386,159.388
2026-08-28 07:50:00+09:00,159.388,159.39,159.387,159.388
2026-08-28 07:55:00+09:00,159.388,159.388,159.374,159.375
2026-08-28 08:00:00+09:00,159.375,159.379,159.366,159.369
2026-08-28 08:05:00+09:00,159.369,159.373,159.369,159.371
2026-08-28 08:10:00+09:00,159.371,159.371,159.36,159.361
2026-08-28 08:15:00+09:00,159.361,159.367,159.359,159.36
2026-08-28 08:20:00+09:00,159.36,159.367,159.354,159.355
2026-08-28 08:25:00+09:00,159.355,159.371,159.354,159.367
2026-08-28 08:30:00+09:00,159.367,159.381,159.365,159.367
2026-08-28 08:35:00+09:00,159.367,159.368,159.342,159.344
2026-08-28 08:40:00+09:00,159.344,159.354,159.344,159.347
2026-08-28 08:45:00+09:00,159.347,159.347,159.318,159.318
2026-08-28 08:50:00+09:00,159.318,159.334,159.318,159.334
2026-08-28 08:55:00+09:00,159.334,159.335,159.32,159.322
2026-08-28 09:00:00+09:00,159.323,159.336,159.3,159.328
2026-08-28 09:05:00+09:00,159.328,159.35,159.323,159.349
2026-08-28 09:10:00+09:00,159.349,159.361,159.346,159.35
2026-08-28 09:15:00+09:00,159.35,159.387,159.347,159.379
2026-08-28 09:20:00+09:00,159.379,159.392,159.364,159.367
2026-08-28 09:25:00+09:00,159.367,159.386,159.366,159.371
2026-08-28 09:30:00+09:00,159.371,159.374,159.359,159.364
2026-08-28 09:35:00+09:00,159.364,159.365,159.338,159.35
2026-08-28 09:40:00+09:00,159.35,159.351,159.335,159.348
2026-08-28 09:45:00+09:00,159.348,159.351,159.327,159.336
2026-08-28 09:50:00+09:00,159.336,159.375,159.328,159.333
2026-08-28 09:55:00+09:00,159.334,159.371,159.326,159.368
2026-08-28 10:00:00+09:00,159.368,159.387,159.362,159.362
2026-08-28 10:05:00+09:00,159.362,159.368,159.343,159.352
2026-08-28 10:10:00+09:00,159.352,159.366,159.349,159.351
2026-08-28 10:15:00+09:00,159.352,159.36,159.335,159.358
2026-08-28 10:20:00+09:00,159.358,159.367,159.337,159.366
2026-08-28 10:25:00+09:00,159.366,159.376,159.358,159.374
2026-08-28 10:30:00+09:00,159.374,159.384,159.365,159.372
2026-08-28 10:35:00+09:00,159.372,159.377,159.349,159.363
2026-08-28 10:40:00+09:00,159.363,159.398,159.358,159.398
2026-08-28 10:45:00+09:00,159.398,159.438,159.391,159.422
2026-08-28 10:50:00+09:00,159.422,159.44,159.412,159.439
2026-08-28 10:55:00+09:00,159.439,159.447,159.423,159.435
2026-08-28 11:00:00+09:00,159.435,159.454,159.434,159.449
2026-08-28 11:05:00+09:00,159.449,159.45,159.435,159.448
2026-08-28 11:10:00+09:00,159.448,159.459,159.443,159.451
2026-08-28 11:15:00+09:00,159.451,159.457,159.408,159.423
2026-08-28 11:20:00+09:00,159.423,159.435,159.397,159.397
2026-08-28 11:25:00+09:00,159.396,159.419,159.395,159.419
2026-08-28 11:30:00+09:00,159.419,159.451,159.417,159.445
2026-08-28 11:35:00+09:00,159.445,159.445,159.425,159.429
2026-08-28 11:40:00+09:00,159.429,159.451,159.426,159.45
2026-08-28 11:45:00+09:00,159.449,159.468,159.445,159.445
2026-08-28 11:50:00+09:00,159.445,159.45,159.414,159.422
2026-08-28 11:55:00+09:00,159.422,159.446,159.421,159.444
2026-08-28 12:00:00+09:00,159.445,159.456,159.438,159.451
2026-08-28 12:05:00+09:00,159.451,159.457,159.447,159.451
2026-08-28 12:10:00+09:00,159.451,159.467,159.443,159.466
2026-08-28 12:15:00+09:00,159.466,159.466,159.451,159.454
2026-08-28 12:20:00+09:00,159.454,159.457,159.448,159.451
2026-08-28 12:25:00+09:00,159.451,159.452,159.437,159.439
2026-08-28 12:30:00+09:00,159.439,159.452,159.439,159.45
2026-08-28 12:35:00+09:00,159.45,159.462,159.441,159.441
2026-08-28 12:40:00+09:00,159.441,159.451,159.437,159.442
2026-08-28 12:45:00+09:00,159.442,159.452,159.442,159.449
2026-08-28 12:50:00+09:00,159.449,159.461,159.449,159.453
2026-08-28 12:55:00+09:00,159.453,159.464,159.451,159.452
2026-08-28 13:00:00+09:00,159.452,159.483,159.452,159.476
2026-08-28 13:05:00+09:00,159.476,159.477,159.466,159.475
2026-08-28 13:10:00+09:00,159.475,159.483,159.474,159.475
2026-08-28 13:15:00+09:00,159.475,159.479,159.465,159.467
2026-08-28 13:20:00+09:00,159.467,159.494,159.466,159.49
2026-08-28 13:25:00+09:00,159.49,159.492,159.485,159.487
2026-08-28 13:30:00+09:00,159.487,159.504,159.487,159.498
2026-08-28 13:35:00+09:00,159.498,159.501,159.488,159.49
2026-08-28 13:40:00+09:00,159.49,159.49,159.475,159.483
2026-08-28 13:45:00+09:00,159.483,159.494,159.478,159.492
2026-08-28 13:50:00+09:00,159.492,159.506,159.49,159.49
2026-08-28 13:55:00+09:00,159.49,159.517,159.488,159.5
2026-08-28 14:00:00+09:00,159.5,159.541,159.5,159.528
2026-08-28 14:05:00+09:00,159.528,159.548,159.525,159.544
2026-08-28 14:10:00+09:00,159.544,159.556,159.542,159.552
2026-08-28 14:15:00+09:00,159.552,159.553,159.532,159.538
2026-08-28 14:20:00+09:00,159.538,159.563,159.532,159.559
2026-08-28 14:25:00+09:00,159.559,159.56,159.545,159.545
2026-08-28 14:30:00+09:00,159.545,159.553,159.539,159.551
2026-08-28 14:35:00+09:00,159.551,159.551,159.525,159.536
2026-08-28 14:40:00+09:00,159.537,159.553,159.537,159.546
2026-08-28 14:45:00+09:00,159.546,159.548,159.532,159.536
2026-08-28 14:50:00+09:00,159.536,159.538,159.515,159.52
2026-08-28 14:55:00+09:00,159.52,159.528,159.503,159.528
2026-08-28 15:00:00+09:00,159.528,159.544,159.524,159.538
2026-08-28 15:05:00+09:00,159.538,159.538,159.516,159.517
2026-08-28 15:10:00+09:00,159.517,159.532,159.514,159.525
2026-08-28 15:15:00+09:00,159.525,159.53,159.509,159.513
2026-08-28 15:20:00+09:00,159.513,159.517,159.479,159.488
2026-08-28 15:25:00+09:00,159.488,159.494,159.474,159.482
2026-08-28 15:30:00+09:00,159.482,159.508,159.475,159.477
2026-08-28 15:35:00+09:00,159.477,159.488,159.457,159.464
2026-08-28 15:40:00+09:00,159.464,159.479,159.449,159.454
2026-08-28 15:45:00+09:00,159.454,159.454,159.433,159.452
2026-08-28 15:50:00+09:00,159.452,159.455,159.437,159.449
2026-08-28 15:55:00+09:00,159.449,159.449,159.417,159.423
2026-08-28 16:00:00+09:00,159.423,159.45,159.412,159.444
2026-08-28 16:05:00+09:00,159.444,159.462,159.443,159.461
2026-08-28 16:10:00+09:00,159.461,159.477,159.456,159.465
2026-08-28 16:15:00+09:00,159.465,159.508,159.461,159.494
2026-08-28 16:20:00+09:00,159.494,159.505,159.491,159.502
2026-08-28 16:25:00+09:00,159.502,159.503,159.468,159.47
2026-08-28 16:30:00+09:00,159.47,159.472,159.456,159.465
2026-08-28 16:35:00+09:00,159.465,159.472,159.444,159.467
2026-08-28 16:40:00+09:00,159.467,159.492,159.457,159.491
2026-08-28 16:45:00+09:00,159.491,159.506,159.475,159.479
2026-08-28 16:50:00+09:00,159.479,159.5,159.476,159.495
2026-08-28 16:55:00+09:00,159.495,159.512,159.486,159.505
2026-08-28 17:00:00+09:00,159.505,159.534,159.504,159.523
2026-08-28 17:05:00+09:00,159.523,159.557,159.523,159.549
2026-08-28 17:10:00+09:00,159.549,159.578,159.54,159.576
2026-08-28 17:15:00+09:00,159.576,159.579,159.561,159.562
2026-08-28 17:20:00+09:00,159.562,159.562,159.54,159.546
2026-08-28 17:25:00+09:00,159.546,159.575,159.536,159.574
2026-08-28 17:30:00+09:00,159.574,159.578,159.549,159.556
2026-08-28 17:35:00+09:00,159.556,159.558,159.528,159.537
2026-08-28 17:40:00+09:00,159.537,159.556,159.536,159.555
2026-08-28 17:45:00+09:00,159.555,159.58,159.555,159.575
2026-08-28 17:50:00+09:00,159.575,159.591,159.574,159.583
2026-08-28 17:55:00+09:00,159.583,159.593,159.575,159.576
2026-08-28 18:00:00+09:00,159.577,159.598,159.573,159.59
2026-08-28 18:05:00+09:00,159.59,159.641,159.588,159.625
2026-08-28 18:10:00+09:00,159.625,159.633,159.615,159.631
2026-08-28 18:15:00+09:00,159.631,159.655,159.626,159.628
2026-08-28 18:20:00+09:00,159.628,159.642,159.62,159.634
2026-08-28 18:25:00+09:00,159.634,159.647,159.631,159.64
2026-08-28 18:30:00+09:00,159.64,159.655,159.637,159.64
2026-08-28 18:35:00+09:00,159.64,159.669,159.64,159.658
2026-08-28 18:40:00+09:00,159.658,159.671,159.658,159.662
2026-08-28 18:45:00+09:00,159.662,159.665,159.639,159.651
2026-08-28 18:50:00+09:00,159.652,159.685,159.651,159.679
2026-08-28 18:55:00+09:00,159.679,159.696,159.676,159.692
2026-08-28 19:00:00+09:00,159.692,159.698,159.676,159.677
2026-08-28 19:05:00+09:00,159.677,159.68,159.664,159.668
2026-08-28 19:10:00+09:00,159.668,159.684,159.665,159.682
2026-08-28 19:15:00+09:00,159.682,159.684,159.662,159.666
2026-08-28 19:20:00+09:00,159.666,159.678,159.663,159.665
2026-08-28 19:25:00+09:00,159.665,159.678,159.657,159.676
2026-08-28 19:30:00+09:00,159.676,159.677,159.657,159.661
2026-08-28 19:35:00+09:00,159.661,159.665,159.652,159.654
2026-08-28 19:40:00+09:00,159.654,159.667,159.64,159.664
2026-08-28 19:45:00+09:00,159.664,159.68,159.662,159.678
2026-08-28 19:50:00+09:00,159.678,159.689,159.668,159.668
2026-08-28 19:55:00+09:00,159.668,159.67,159.64,159.64
2026-08-28 20:00:00+09:00,159.64,159.664,159.637,159.654
2026-08-28 20:05:00+09:00,159.654,159.665,159.65,159.662
2026-08-28 20:10:00+09:00,159.662,159.674,159.654,159.659
2026-08-28 20:15:00+09:00,159.659,159.663,159.651,159.655
2026-08-28 20:20:00+09:00,159.655,159.675,159.655,159.669
2026-08-28 20:25:00+09:00,159.669,159.677,159.663,159.666
2026-08-28 20:30:00+09:00,159.666,159.683,159.658,159.677
2026-08-28 20:35:00+09:00,159.677,159.683,159.667,159.668
2026-08-28 20:40:00+09:00,159.668,159.683,159.668,159.675
2026-08-28 20:45:00+09:00,159.675,159.69,159.671,159.689
2026-08-28 20:50:00+09:00,159.689,159.689,159.667,159.669
2026-08-28 20:55:00+09:00,159.669,159.678,159.656,159.656
2026-08-28 21:00:00+09:00,159.656,159.662,159.64,159.657
2026-08-28 21:05:00+09:00,159.657,159.676,159.654,159.674
2026-08-28 21:10:00+09:00,159.674,159.682,159.653,159.658
2026-08-28 21:15:00+09:00,159.658,159.66,159.607,159.62
2026-08-28 21:20:00+09:00,159.62,159.632,159.602,159.606
2026-08-28 21:25:00+09:00,159.606,159.616,159.597,159.605
2026-08-28 21:30:00+09:00,159.605,159.627,159.601,159.616
2026-08-28 21:35:00+09:00,159.615,159.645,159.61,159.64
2026-08-28 21:40:00+09:00,159.64,159.646,159.617,159.617
2026-08-28 21:45:00+09:00,159.617,159.629,159.596,159.618
2026-08-28 21:50:00+09:00,159.618,159.629,159.607,159.609
2026-08-28 21:55:00+09:00,159.609,159.61,159.567,159.58
2026-08-28 22:00:00+09:00,159.58,159.608,159.57,159.607
2026-08-28 22:05:00+09:00,159.607,159.612,159.594,159.596
2026-08-28 22:10:00+09:00,159.597,159.645,159.584,159.645
2026-08-28 22:15:00+09:00,159.645,159.657,159.64,159.64
2026-08-28 22:20:00+09:00,159.64,159.659,159.634,159.655
2026-08-28 22:25:00+09:00,159.655,159.658,159.633,159.639
2026-08-28 22:30:00+09:00,159.639,159.646,159.612,159.636
2026-08-28 22:35:00+09:00,159.636,159.661,159.635,159.643
2026-08-28 22:40:00+09:00,159.644,159.664,159.642,159.656
2026-08-28 22:45:00+09:00,159.656,159.657,159.633,159.636
2026-08-28 22:50:00+09:00,159.636,159.636,159.612,159.621
2026-08-28 22:55:00+09:00,159.621,159.72,159.541,159.701
2026-08-28 23:00:00+09:00,159.699,159.736,159.429,159.72
2026-08-28 23:05:00+09:00,159.72,159.742,159.667,159.718
2026-08-28 23:10:00+09:00,159.719,159.887,159.714,159.878
2026-08-28 23:15:00+09:00,159.878,159.927,159.832,159.926
2026-08-28 23:20:00+09:00,159.926,159.947,159.883,159.927
2026-08-28 23:25:00+09:00,159.929,159.949,159.872,159.892
2026-08-28 23:30:00+09:00,159.892,159.914,159.855,159.855
2026-08-28 23:35:00+09:00,159.855,159.908,159.845,159.895
2026-08-28 23:40:00+09:00,159.895,159.913,159.853,159.874
2026-08-28 23:45:00+09:00,159.874,159.938,159.865,159.931
2026-08-28 23:50:00+09:00,159.931,159.94,159.892,159.9
2026-08-28 23:55:00+09:00,159.901,159.901,159.847,159.875
2026-08-29 00:00:00+09:00,159.876,159.923,159.833,159.907
2026-08-29 00:05:00+09:00,159.907,159.941,159.903,159.934
2026-08-29 00:10:00+09:00,159.934,159.98,159.929,159.969
2026-08-29 00:15:00+09:00,159.969,159.981,159.956,159.977
2026-08-29 00:20:00+09:00,159.977,159.987,159.962,159.967
2026-08-29 00:25:00+09:00,159.967,159.992,159.954,159.982
2026-08-29 00:30:00+09:00,159.982,159.993,159.971,159.992
2026-08-29 00:35:00+09:00,159.992,160.035,159.973,160.02
2026-08-29 00:40:00+09:00,160.02,160.062,160.015,160.044
2026-08-29 00:45:00+09:00,160.044,160.063,159.986,160.046
2026-08-29 00:50:00+09:00,160.046,160.048,159.976,160.001
2026-08-29 00:55:00+09:00,160.002,160.007,159.96,159.983
2026-08-29 01:00:00+09:00,159.983,160.005,159.963,160.002
2026-08-29 01:05:00+09:00,160.002,160.064,160.002,160.051
2026-08-29 01:10:00+09:00,160.051,160.095,160.051,160.068
2026-08-29 01:15:00+09:00,160.068,160.137,160.06,160.132
2026-08-29 01:20:00+09:00,160.132,160.158,160.118,160.151
2026-08-29 01:25:00+09:00,160.151,160.152,160.12,160.144
2026-08-29 01:30:00+09:00,160.144,160.16,160.117,160.153
2026-08-29 01:35:00+09:00,160.153,160.16,160.131,160.148
2026-08-29 01:40:00+09:00,160.148,160.202,160.147,160.194
2026-08-29 01:45:00+09:00,160.194,160.197,160.175,160.177
2026-08-29 01:50:00+09:00,160.177,160.199,160.177,160.194
2026-08-29 01:55:00+09:00,160.193,160.206,160.191,160.199
2026-08-29 02:00:00+09:00,160.199,160.205,160.166,160.179
2026-08-29 02:05:00+09:00,160.179,160.198,160.173,160.181
2026-08-29 02:10:00+09:00,160.181,160.181,160.142,160.159
2026-08-29 02:15:00+09:00,160.158,160.18,160.15,160.172
2026-08-29 02:20:00+09:00,160.172,160.177,160.164,160.175
2026-08-29 02:25:00+09:00,160.176,160.186,160.161,160.167
2026-08-29 02:30:00+09:00,160.167,160.189,160.162,160.177
2026-08-29 02:35:00+09:00,160.177,160.19,160.167,160.189
2026-08-29 02:40:00+09:00,160.189,160.206,160.186,160.2
2026-08-29 02:45:00+09:00,160.2,160.205,160.176,160.186
2026-08-29 02:50:00+09:00,160.186,160.19,160.174,160.181
2026-08-29 02:55:00+09:00,160.181,160.191,160.177,160.186
2026-08-29 03:00:00+09:00,160.186,160.194,160.18,160.191
2026-08-29 03:05:00+09:00,160.192,160.192,160.151,160.173
2026-08-29 03:10:00+09:00,160.173,160.179,160.172,160.178
2026-08-29 03:15:00+09:00,160.178,160.185,160.164,160.185
2026-08-29 03:20:00+09:00,160.185,160.185,160.16,160.166
2026-08-29 03:25:00+09:00,160.166,160.168,160.136,160.154
2026-08-29 03:30:00+09:00,160.154,160.172,160.153,160.159
2026-08-29 03:35:00+09:00,160.159,160.175,160.152,160.175
2026-08-29 03:40:00+09:00,160.175,160.186,160.165,160.166
2026-08-29 03:45:00+09:00,160.166,160.173,160.156,160.165
2026-08-29 03:50:00+09:00,160.165,160.174,160.153,160.162
2026-08-29 03:55:00+09:00,160.162,160.172,160.138,160.14
2026-08-29 04:00:00+09:00,160.14,160.152,160.092,160.096
2026-08-29 04:05:00+09:00,160.097,160.103,160.084,160.095
2026-08-29 04:10:00+09:00,160.095,160.128,160.094,160.118
2026-08-29 04:15:00+09:00,160.118,160.129,160.109,160.109
2026-08-29 04:20:00+09:00,160.109,160.109,160.083,160.085
2026-08-29 04:25:00+09:00,160.085,160.085,160.068,160.071
2026-08-29 04:30:00+09:00,160.071,160.09,160.071,160.086
2026-08-29 04:35:00+09:00,160.086,160.107,160.086,160.086
2026-08-29 04:40:00+09:00,160.086,160.09,160.078,160.089
2026-08-29 04:45:00+09:00,160.089,160.105,160.083,160.101
2026-08-29 04:50:00+09:00,160.101,160.109,160.092,160.093
2026-08-29 04:55:00+09:00,160.093,160.093,160.052,160.085
2026-08-29 05:00:00+09:00,160.085,160.09,160.073,160.089
2026-08-29 05:05:00+09:00,160.089,160.096,160.071,160.088
2026-08-29 05:10:00+09:00,160.088,160.099,160.083,160.084
2026-08-29 05:15:00+09:00,160.084,160.098,160.079,160.097
2026-08-29 05:20:00+09:00,160.097,160.104,160.083,160.094
2026-08-29 05:25:00+09:00,160.094,160.096,160.071,160.072
2026-08-29 05:30:00+09:00,160.072,160.105,160.071,160.105
2026-08-29 05:35:00+09:00,160.105,160.12,160.1,160.116
2026-08-29 05:40:00+09:00,160.116,160.144,160.116,160.127
2026-08-29 05:45:00+09:00,160.127,160.18,160.127,160.16
2026-08-29 05:50:00+09:00,160.16,160.165,160.149,160.151
2026-08-29 05:55:00+09:00,160.152,160.171,160.147,160.153
2026-08-31 07:00:00+09:00,160.207,160.226,160.187,160.203
2026-08-31 07:05:00+09:00,160.203,160.204,160.168,160.175
2026-08-31 07:10:00+09:00,160.175,160.194,160.175,160.187
2026-08-31 07:15:00+09:00,160.187,160.206,160.187,160.191
2026-08-31 07:20:00+09:00,160.191,160.193,160.186,160.192
2026-08-31 07:25:00+09:00,160.192,160.194,160.168,160.175
2026-08-31 07:30:00+09:00,160.175,160.178,160.167,160.176
2026-08-31 07:35:00+09:00,160.175,160.177,160.164,160.166
2026-08-31 07:40:00+09:00,160.165,160.166,160.148,160.148
2026-08-31 07:45:00+09:00,160.148,160.165,160.148,160.165
2026-08-31 07:50:00+09:00,160.165,160.177,160.165,160.168
2026-08-31 07:55:00+09:00,160.168,160.169,160.163,160.167
2026-08-31 08:00:00+09:00,160.167,160.167,160.119,160.138
2026-08-31 08:05:00+09:00,160.138,160.203,160.137,160.203
2026-08-31 08:10:00+09:00,160.203,160.209,160.175,160.181
2026-08-31 08:15:00+09:00,160.181,160.188,160.179,160.186
2026-08-31 08:20:00+09:00,160.185,160.186,160.159,160.164
2026-08-31 08:25:00+09:00,160.164,160.175,160.161,160.175
2026-08-31 08:30:00+09:00,160.175,160.175,160.133,160.14
2026-08-31 08:35:00+09:00,160.14,160.144,160.124,160.134
2026-08-31 08:40:00+09:00,160.134,160.151,160.125,160.147
2026-08-31 08:45:00+09:00,160.147,160.163,160.133,160.136
2026-08-31 08:50:00+09:00,160.136,160.141,160.124,160.136
2026-08-31 08:55:00+09:00,160.136,160.141,160.124,160.125
2026-08-31 09:00:00+09:00,160.125,160.125,160.016,160.029
2026-08-31 09:05:00+09:00,160.029,160.029,159.983,160.005
2026-08-31 09:10:00+09:00,160.007,160.047,160.004,160.004
2026-08-31 09:15:00+09:00,160.004,160.012,159.96,159.99
2026-08-31 09:20:00+09:00,159.99,160.045,159.986,160.039
2026-08-31 09:25:00+09:00,160.039,160.064,160.032,160.051
2026-08-31 09:30:00+09:00,160.051,160.052,160.008,160.017
2026-08-31 09:35:00+09:00,160.017,160.027,159.994,160.021
2026-08-31 09:40:00+09:00,160.021,160.057,160.014,160.043
2026-08-31 09:45:00+09:00,160.043,160.054,160.02,160.037
2026-08-31 09:50:00+09:00,160.037,160.043,159.979,159.997
2026-08-31 09:55:00+09:00,159.997,160.014,159.96,159.967
2026-08-31 10:00:00+09:00,159.968,159.984,159.93,159.938
2026-08-31 10:05:00+09:00,159.938,159.976,159.936,159.974
2026-08-31 10:10:00+09:00,159.974,159.979,159.936,159.965
2026-08-31 10:15:00+09:00,159.965,159.966,159.919,159.925
2026-08-31 10:20:00+09:00,159.925,159.932,159.814,159.831
2026-08-31 10:25:00+09:00,159.835,159.863,159.815,159.833
2026-08-31 10:30:00+09:00,159.833,159.868,159.802,159.866
2026-08-31 10:35:00+09:00,159.866,159.866,159.822,159.84
2026-08-31 10:40:00+09:00,159.841,159.853,159.76,159.811
2026-08-31 10:45:00+09:00,159.811,159.828,159.797,159.821
2026-08-31 10:50:00+09:00,159.821,159.825,159.788,159.803
2026-08-31 10:55:00+09:00,159.803,159.84,159.801,159.829
2026-08-31 11:00:00+09:00,159.829,159.848,159.828,159.831
2026-08-31 11:05:00+09:00,159.831,159.84,159.801,159.807
2026-08-31 11:10:00+09:00,159.806,159.818,159.794,159.811
2026-08-31 11:15:00+09:00,159.793,159.82,159.777,159.794
2026-08-31 11:20:00+09:00,159.794,159.805,159.776,159.776
2026-08-31 11:25:00+09:00,159.775,159.776,159.736,159.765
2026-08-31 11:30:00+09:00,159.765,159.801,159.756,159.796
2026-08-31 11:35:00+09:00,159.796,159.818,159.795,159.802
2026-08-31 11:40:00+09:00,159.802,159.817,159.787,159.795
2026-08-31 11:45:00+09:00,159.795,159.801,159.773,159.777
2026-08-31 11:50:00+09:00,159.777,159.782,159.764,159.77
2026-08-31 11:55:00+09:00,159.77,159.805,159.763,159.779
2026-08-31 12:00:00+09:00,159.779,159.786,159.755,159.779
2026-08-31 12:05:00+09:00,159.779,159.792,159.777,159.79
2026-08-31 12:10:00+09:00,159.79,159.797,159.777,159.78
2026-08-31 12:15:00+09:00,159.78,159.78,159.764,159.778
2026-08-31 12:20:00+09:00,159.778,159.795,159.774,159.792
2026-08-31 12:25:00+09:00,159.792,159.805,159.788,159.805
2026-08-31 12:30:00+09:00,159.805,159.84,159.794,159.839
2026-08-31 12:35:00+09:00,159.839,159.846,159.836,159.841
2026-08-31 12:40:00+09:00,159.841,159.849,159.819,159.824
2026-08-31 12:45:00+09:00,159.824,159.83,159.812,159.815
2026-08-31 12:50:00+09:00,159.815,159.818,159.801,159.818
2026-08-31 12:55:00+09:00,159.818,159.826,159.807,159.807
2026-08-31 13:00:00+09:00,159.807,159.808,159.75,159.755
2026-08-31 13:05:00+09:00,159.755,159.788,159.754,159.767
2026-08-31 13:10:00+09:00,159.767,159.779,159.761,159.774
2026-08-31 13:15:00+09:00,159.774,159.793,159.773,159.777
2026-08-31 13:20:00+09:00,159.798,159.818,159.798,159.815
2026-08-31 13:25:00+09:00,159.815,159.827,159.808,159.825
2026-08-31 13:30:00+09:00,159.825,159.835,159.809,159.811
2026-08-31 13:35:00+09:00,159.811,159.815,159.799,159.811
2026-08-31 13:40:00+09:00,159.81,159.819,159.761,159.771
2026-08-31 13:45:00+09:00,159.771,159.781,159.762,159.772
2026-08-31 13:50:00+09:00,159.772,159.793,159.771,159.79
2026-08-31 13:55:00+09:00,159.79,159.8,159.787,159.794
2026-08-31 14:00:00+09:00,159.794,159.811,159.793,159.796
2026-08-31 14:05:00+09:00,159.796,159.802,159.78,159.784
2026-08-31 14:10:00+09:00,159.784,159.794,159.779,159.784
2026-08-31 14:15:00+09:00,159.784,159.815,159.769,159.815
2026-08-31 14:20:00+09:00,159.815,159.834,159.802,159.802
2026-08-31 14:25:00+09:00,159.803,159.809,159.774,159.776
2026-08-31 14:30:00+09:00,159.776,159.822,159.776,159.799
2026-08-31 14:35:00+09:00,159.799,159.816,159.797,159.813
2026-08-31 14:40:00+09:00,159.813,159.829,159.811,159.823
2026-08-31 14:45:00+09:00,159.823,159.846,159.809,159.845
2026-08-31 14:50:00+09:00,159.845,159.877,159.832,159.876
2026-08-31 14:55:00+09:00,159.876,159.877,159.83,159.833
2026-08-31 15:00:00+09:00,159.833,159.863,159.811,159.84
2026-08-31 15:05:00+09:00,159.84,159.851,159.825,159.848
2026-08-31 15:10:00+09:00,159.848,159.85,159.812,159.815
2026-08-31 15:15:00+09:00,159.815,159.828,159.801,159.816
2026-08-31 15:20:00+09:00,159.816,159.84,159.79,159.839
2026-08-31 15:25:00+09:00,159.839,159.877,159.831,159.868
2026-08-31 15:30:00+09:00,159.868,159.913,159.862,159.907
2026-08-31 15:35:00+09:00,159.907,159.919,159.882,159.883
2026-08-31 15:40:00+09:00,159.883,159.885,159.85,159.857
2026-08-31 15:45:00+09:00,159.857,159.885,159.844,159.875
2026-08-31 15:50:00+09:00,159.875,159.885,159.858,159.862
2026-08-31 15:55:00+09:00,159.862,159.877,159.804,159.804
2026-08-31 16:00:00+09:00,159.804,159.824,159.783,159.812
2026-08-31 16:05:00+09:00,159.812,159.815,159.769,159.786
2026-08-31 16:10:00+09:00,159.786,159.786,159.679,159.68
2026-08-31 16:15:00+09:00,159.68,159.68,159.609,159.632
2026-08-31 16:20:00+09:00,159.632,159.645,159.563,159.563
2026-08-31 16:25:00+09:00,159.563,159.615,159.555,159.6
2026-08-31 16:30:00+09:00,159.6,159.618,159.548,159.618
2026-08-31 16:35:00+09:00,159.618,159.642,159.606,159.636
2026-08-31 16:40:00+09:00,159.636,159.648,159.599,159.631
2026-08-31 16:45:00+09:00,159.631,159.636,159.586,159.594
2026-08-31 16:50:00+09:00,159.594,159.614,159.585,159.586
2026-08-31 16:55:00+09:00,159.586,159.595,159.56,159.582
2026-08-31 17:00:00+09:00,159.582,159.584,159.481,159.498
2026-08-31 17:05:00+09:00,159.498,159.561,159.484,159.549
2026-08-31 17:10:00+09:00,159.549,159.598,159.549,159.573
2026-08-31 17:15:00+09:00,159.573,159.612,159.559,159.575
2026-08-31 17:20:00+09:00,159.575,159.607,159.554,159.607
2026-08-31 17:25:00+09:00,159.608,159.625,159.601,159.625
2026-08-31 17:30:00+09:00,159.625,159.649,159.62,159.638
2026-08-31 17:35:00+09:00,159.637,159.651,159.617,159.624
2026-08-31 17:40:00+09:00,159.624,159.671,159.622,159.668
2026-08-31 17:45:00+09:00,159.668,159.674,159.637,159.671
2026-08-31 17:50:00+09:00,159.671,159.697,159.67,159.695
2026-08-31 17:55:00+09:00,159.694,159.752,159.691,159.743
2026-08-31 18:00:00+09:00,159.743,159.753,159.714,159.731
2026-08-31 18:05:00+09:00,159.731,159.759,159.729,159.729
2026-08-31 18:10:00+09:00,159.729,159.745,159.706,159.707
2026-08-31 18:15:00+09:00,159.707,159.725,159.694,159.718
2026-08-31 18:20:00+09:00,159.718,159.719,159.694,159.706
2026-08-31 18:25:00+09:00,159.706,159.731,159.698,159.703
2026-08-31 18:30:00+09:00,159.704,159.745,159.703,159.742
2026-08-31 18:35:00+09:00,159.742,159.761,159.737,159.761
2026-08-31 18:40:00+09:00,159.76,159.771,159.713,159.732
2026-08-31 18:45:00+09:00,159.732,159.749,159.727,159.74
2026-08-31 18:50:00+09:00,159.74,159.748,159.72,159.725
2026-08-31 18:55:00+09:00,159.725,159.74,159.722,159.737
2026-08-31 19:00:00+09:00,159.737,159.745,159.708,159.711
2026-08-31 19:05:00+09:00,159.711,159.747,159.708,159.743
2026-08-31 19:10:00+09:00,159.742,159.745,159.724,159.725
2026-08-31 19:15:00+09:00,159.725,159.781,159.725,159.763
2026-08-31 19:20:00+09:00,159.763,159.764,159.737,159.744
2026-08-31 19:25:00+09:00,159.744,159.75,159.729,159.734
2026-08-31 19:30:00+09:00,159.734,159.751,159.734,159.748
2026-08-31 19:35:00+09:00,159.748,159.757,159.735,159.736
2026-08-31 19:40:00+09:00,159.736,159.748,159.721,159.745
2026-08-31 19:45:00+09:00,159.745,159.75,159.737,159.737
2026-08-31 19:50:00+09:00,159.737,159.746,159.709,159.735
2026-08-31 19:55:00+09:00,159.735,159.735,159.717,159.729
2026-08-31 20:00:00+09:00,159.729,159.736,159.705,159.709
2026-08-31 20:05:00+09:00,159.709,159.719,159.692,159.696
2026-08-31 20:10:00+09:00,159.696,159.706,159.679,159.68
2026-08-31 20:15:00+09:00,159.68,159.681,159.665,159.666
2026-08-31 20:20:00+09:00,159.666,159.667,159.64,159.651
2026-08-31 20:25:00+09:00,159.651,159.651,159.642,159.645
2026-08-31 20:30:00+09:00,159.629,159.675,159.609,159.672
2026-08-31 20:35:00+09:00,159.672,159.685,159.66,159.675
2026-08-31 20:40:00+09:00,159.675,159.675,159.645,159.674
2026-08-31 20:45:00+09:00,159.674,159.709,159.672,159.699
2026-08-31 20:50:00+09:00,159.699,159.699,159.674,159.695
2026-08-31 20:55:00+09:00,159.695,159.714,159.684,159.711
2026-08-31 21:00:00+09:00,159.711,159.711,159.684,159.707
2026-08-31 21:05:00+09:00,159.707,159.764,159.699,159.721
2026-08-31 21:10:00+09:00,159.721,159.729,159.7,159.706
2026-08-31 21:15:00+09:00,159.706,159.721,159.692,159.705
2026-08-31 21:20:00+09:00,159.705,159.735,159.683,159.735
2026-08-31 21:25:00+09:00,159.735,159.78,159.731,159.78
2026-08-31 21:30:00+09:00,159.78,159.814,159.773,159.814
2026-08-31 21:35:00+09:00,159.813,159.857,159.811,159.831
2026-08-31 21:40:00+09:00,159.83,159.845,159.817,159.828
2026-08-31 21:45:00+09:00,159.828,159.855,159.823,159.845
2026-08-31 21:50:00+09:00,159.845,159.857,159.842,159.856
2026-08-31 21:55:00+09:00,159.856,159.889,159.854,159.884
2026-08-31 22:00:00+09:00,159.883,159.9,159.871,159.883
2026-08-31 22:05:00+09:00,159.885,159.888,159.857,159.863
2026-08-31 22:10:00+09:00,159.863,159.872,159.849,159.866
2026-08-31 22:15:00+09:00,159.867,159.871,159.83,159.842
2026-08-31 22:20:00+09:00,159.842,159.872,159.838,159.845
2026-08-31 22:25:00+09:00,159.844,159.845,159.769,159.794
2026-08-31 22:30:00+09:00,159.794,159.835,159.792,159.834
2026-08-31 22:35:00+09:00,159.834,159.847,159.808,159.81
2026-08-31 22:40:00+09:00,159.81,159.846,159.784,159.845
2026-08-31 22:45:00+09:00,159.844,159.852,159.82,159.836
2026-08-31 22:50:00+09:00,159.836,159.876,159.821,159.863
2026-08-31 22:55:00+09:00,159.863,159.875,159.822,159.833
2026-08-31 23:00:00+09:00,159.833,159.859,159.823,159.83
2026-08-31 23:05:00+09:00,159.83,159.838,159.809,159.814
2026-08-31 23:10:00+09:00,159.814,159.832,159.807,159.812
2026-08-31 23:15:00+09:00,159.812,159.825,159.784,159.795
2026-08-31 23:20:00+09:00,159.795,159.797,159.78,159.786
2026-08-31 23:25:00+09:00,159.787,159.789,159.763,159.787
2026-08-31 23:30:00+09:00,159.786,159.811,159.758,159.8
2026-08-31 23:35:00+09:00,159.8,159.8,159.611,159.716
2026-08-31 23:40:00+09:00,159.716,159.756,159.676,159.723
2026-08-31 23:45:00+09:00,159.723,159.731,159.666,159.729
2026-08-31 23:50:00+09:00,159.729,159.75,159.665,159.675
2026-08-31 23:55:00+09:00,159.675,159.764,159.646,159.712
2026-09-01 00:00:00+09:00,159.714,159.76,159.688,159.758
2026-09-01 00:05:00+09:00,159.758,159.771,159.717,159.723
2026-09-01 00:10:00+09:00,159.723,159.747,159.7,159.745
2026-09-01 00:15:00+09:00,159.745,159.769,159.737,159.758
2026-09-01 00:20:00+09:00,159.758,159.803,159.749,159.79
2026-09-01 00:25:00+09:00,159.79,159.8,159.755,159.758
2026-09-01 00:30:00+09:00,159.758,159.775,159.741,159.762
2026-09-01 00:35:00+09:00,159.762,159.765,159.74,159.745
2026-09-01 00:40:00+09:00,159.745,159.749,159.722,159.734
2026-09-01 00:45:00+09:00,159.734,159.734,159.697,159.717
2026-09-01 00:50:00+09:00,159.717,159.735,159.716,159.731
2026-09-01 00:55:00+09:00,159.731,159.761,159.731,159.746
2026-09-01 01:00:00+09:00,159.746,159.746,159.705,159.723
2026-09-01 01:05:00+09:00,159.723,159.725,159.686,159.698
2026-09-01 01:10:00+09:00,159.699,159.708,159.683,159.695
2026-09-01 01:15:00+09:00,159.695,159.711,159.684,159.709
2026-09-01 01:20:00+09:00,159.709,159.709,159.671,159.671
2026-09-01 01:25:00+09:00,159.671,159.698,159.669,159.697
2026-09-01 01:30:00+09:00,159.697,159.724,159.694,159.721
2026-09-01 01:35:00+09:00,159.721,159.735,159.709,159.722
2026-09-01 01:40:00+09:00,159.722,159.723,159.693,159.71
2026-09-01 01:45:00+09:00,159.71,159.713,159.692,159.71
2026-09-01 01:50:00+09:00,159.71,159.711,159.673,159.683
2026-09-01 01:55:00+09:00,159.683,159.709,159.68,159.685
2026-09-01 02:00:00+09:00,159.686,159.701,159.685,159.694
2026-09-01 02:05:00+09:00,159.694,159.711,159.692,159.697
2026-09-01 02:10:00+09:00,159.697,159.701,159.681,159.686
2026-09-01 02:15:00+09:00,159.686,159.698,159.685,159.691
2026-09-01 02:20:00+09:00,159.691,159.697,159.673,159.686
2026-09-01 02:25:00+09:00,159.686,159.702,159.676,159.7
2026-09-01 02:30:00+09:00,159.7,159.71,159.695,159.706
2026-09-01 02:35:00+09:00,159.706,159.726,159.701,159.718
2026-09-01 02:40:00+09:00,159.718,159.719,159.693,159.699
2026-09-01 02:45:00+09:00,159.699,159.701,159.671,159.674
2026-09-01 02:50:00+09:00,159.674,159.712,159.674,159.699
2026-09-01 02:55:00+09:00,159.699,159.704,159.687,159.697
2026-09-01 03:00:00+09:00,159.697,159.712,159.68,159.687
2026-09-01 03:05:00+09:00,159.686,159.698,159.684,159.694
2026-09-01 03:10:00+09:00,159.694,159.699,159.693,159.693
2026-09-01 03:15:00+09:00,159.693,159.699,159.685,159.693
2026-09-01 03:20:00+09:00,159.693,159.697,159.689,159.692
2026-09-01 03:25:00+09:00,159.692,159.725,159.689,159.719
2026-09-01 03:30:00+09:00,159.718,159.755,159.718,159.746
2026-09-01 03:35:00+09:00,159.746,159.777,159.741,159.777
2026-09-01 03:40:00+09:00,159.776,159.795,159.756,159.793
2026-09-01 03:45:00+09:00,159.793,159.804,159.776,159.781
2026-09-01 03:50:00+09:00,159.781,159.782,159.759,159.765
2026-09-01 03:55:00+09:00,159.769,159.816,159.763,159.802
2026-09-01 04:00:00+09:00,159.802,159.817,159.768,159.779
2026-09-01 04:05:00+09:00,159.779,159.785,159.766,159.766
2026-09-01 04:10:00+09:00,159.766,159.78,159.752,159.773
2026-09-01 04:15:00+09:00,159.773,159.778,159.755,159.755
2026-09-01 04:20:00+09:00,159.755,159.757,159.73,159.731
2026-09-01 04:25:00+09:00,159.732,159.743,159.723,159.737
2026-09-01 04:30:00+09:00,159.737,159.741,159.714,159.728
2026-09-01 04:35:00+09:00,159.728,159.785,159.728,159.783
2026-09-01 04:40:00+09:00,159.783,159.8,159.782,159.794
2026-09-01 04:45:00+09:00,159.794,159.804,159.782,159.786
2026-09-01 04:50:00+09:00,159.786,159.792,159.759,159.76
2026-09-01 04:55:00+09:00,159.76,159.785,159.752,159.755
2026-09-01 05:00:00+09:00,159.755,159.756,159.728,159.739
2026-09-01 05:05:00+09:00,159.739,159.757,159.735,159.749
2026-09-01 05:10:00+09:00,159.749,159.749,159.741,159.748
2026-09-01 05:15:00+09:00,159.748,159.757,159.748,159.754
2026-09-01 05:20:00+09:00,159.754,159.761,159.753,159.756
2026-09-01 05:25:00+09:00,159.756,159.76,159.755,159.76
2026-09-01 05:30:00+09:00,159.76,159.78,159.756,159.774
2026-09-01 05:35:00+09:00,159.774,159.776,159.768,159.77
2026-09-01 05:40:00+09:00,159.77,159.771,159.755,159.756
2026-09-01 05:45:00+09:00,159.756,159.809,159.756,159.79
2026-09-01 05:50:00+09:00,159.79,159.796,159.788,159.796
2026-09-01 05:55:00+09:00,159.796,159.799,159.789,159.792
2026-09-01 06:00:00+09:00,159.792,159.803,159.789,159.803
2026-09-01 06:05:00+09:00,159.803,159.817,159.803,159.812
2026-09-01 06:10:00+09:00,159.812,159.828,159.812,159.825
2026-09-01 06:15:00+09:00,159.825,159.827,159.816,159.816
2026-09-01 06:20:00+09:00,159.816,159.819,159.812,159.813
2026-09-01 06:25:00+09:00,159.813,159.816,159.811,159.812
2026-09-01 06:30:00+09:00,159.812,159.814,159.811,159.812
2026-09-01 06:35:00+09:00,159.812,159.819,159.81,159.818
2026-09-01 06:40:00+09:00,159.818,159.822,159.815,159.816
2026-09-01 06:45:00+09:00,159.816,159.818,159.805,159.811
2026-09-01 06:50:00+09:00,159.811,159.812,159.784,159.799
2026-09-01 06:55:00+09:00,159.799,159.801,159.788,159.788
2026-09-01 07:00:00+09:00,159.788,159.834,159.781,159.817
2026-09-01 07:05:00+09:00,159.817,159.823,159.791,159.801
2026-09-01 07:10:00+09:00,159.801,159.801,159.759,159.769
2026-09-01 07:15:00+09:00,159.769,159.771,159.765,159.767
2026-09-01 07:20:00+09:00,159.767,159.779,159.766,159.778
2026-09-01 07:25:00+09:00,159.778,159.782,159.765,159.771
2026-09-01 07:30:00+09:00,159.771,159.781,159.764,159.778
2026-09-01 07:35:00+09:00,159.778,159.781,159.771,159.781
2026-09-01 07:40:00+09:00,159.781,159.795,159.78,159.793
2026-09-01 07:45:00+09:00,159.793,159.796,159.791,159.791
2026-09-01 07:50:00+09:00,159.791,159.794,159.79,159.793
2026-09-01 07:55:00+09:00,159.793,159.794,159.791,159.793
2026-09-01 08:00:00+09:00,159.793,159.837,159.786,159.835
2026-09-01 08:05:00+09:00,159.835,159.836,159.812,159.819
2026-09-01 08:10:00+09:00,159.822,159.835,159.813,159.835
2026-09-01 08:15:00+09:00,159.835,159.836,159.809,159.809
2026-09-01 08:20:00+09:00,159.809,159.811,159.806,159.809
2026-09-01 08:25:00+09:00,159.809,159.81,159.798,159.807
2026-09-01 08:30:00+09:00,159.807,159.815,159.8,159.81
2026-09-01 08:35:00+09:00,159.81,159.81,159.799,159.807
2026-09-01 08:40:00+09:00,159.807,159.808,159.771,159.777
2026-09-01 08:45:00+09:00,159.777,159.785,159.77,159.771
2026-09-01 08:50:00+09:00,159.771,159.773,159.748,159.76
2026-09-01 08:55:00+09:00,159.76,159.776,159.748,159.758
2026-09-01 09:00:00+09:00,159.758,159.838,159.753,159.831
2026-09-01 09:05:00+09:00,159.831,159.832,159.729,159.741
2026-09-01 09:10:00+09:00,159.741,159.745,159.705,159.711
2026-09-01 09:15:00+09:00,159.711,159.746,159.693,159.698
2026-09-01 09:20:00+09:00,159.698,159.699,159.639,159.661
2026-09-01 09:25:00+09:00,159.661,159.684,159.648,159.671
2026-09-01 09:30:00+09:00,159.671,159.712,159.664,159.693
2026-09-01 09:35:00+09:00,159.693,159.736,159.693,159.725
2026-09-01 09:40:00+09:00,159.724,159.757,159.721,159.753
2026-09-01 09:45:00+09:00,159.754,159.783,159.735,159.773
2026-09-01 09:50:00+09:00,159.772,159.792,159.74,159.767
2026-09-01 09:55:00+09:00,159.768,159.816,159.755,159.801
2026-09-01 10:00:00+09:00,159.802,159.816,159.769,159.783
2026-09-01 10:05:00+09:00,159.783,159.8,159.769,159.788
2026-09-01 10:10:00+09:00,159.788,159.811,159.765,159.807
2026-09-01 10:15:00+09:00,159.808,159.839,159.801,159.837
2026-09-01 10:20:00+09:00,159.837,159.852,159.822,159.845
2026-09-01 10:25:00+09:00,159.845,159.846,159.808,159.817
2026-09-01 10:30:00+09:00,159.817,159.84,159.808,159.808
2026-09-01 10:35:00+09:00,159.808,159.816,159.789,159.811
2026-09-01 10:40:00+09:00,159.811,159.811,159.772,159.782
2026-09-01 10:45:00+09:00,159.782,159.807,159.782,159.806
2026-09-01 10:50:00+09:00,159.806,159.823,159.798,159.799
2026-09-01 10:55:00+09:00,159.799,159.8,159.709,159.757
2026-09-01 11:00:00+09:00,159.757,159.827,159.757,159.826
2026-09-01 11:05:00+09:00,159.826,159.848,159.806,159.838
2026-09-01 11:10:00+09:00,159.838,159.842,159.803,159.806
2026-09-01 11:15:00+09:00,159.806,159.826,159.784,159.786
2026-09-01 11:20:00+09:00,159.786,159.793,159.78,159.786
2026-09-01 11:25:00+09:00,159.786,159.788,159.767,159.772
2026-09-01 11:30:00+09:00,159.772,159.79,159.771,159.788
2026-09-01 11:35:00+09:00,159.788,159.813,159.78,159.812
2026-09-01 11:40:00+09:00,159.812,159.813,159.786,159.787
2026-09-01 11:45:00+09:00,159.787,159.814,159.785,159.813
2026-09-01 11:50:00+09:00,159.813,159.813,159.796,159.802
2026-09-01 11:55:00+09:00,159.802,159.802,159.787,159.79
2026-09-01 12:00:00+09:00,159.79,159.816,159.79,159.813
2026-09-01 12:05:00+09:00,159.813,159.814,159.784,159.807
2026-09-01 12:10:00+09:00,159.807,159.813,159.785,159.789
2026-09-01 12:15:00+09:00,159.789,159.79,159.771,159.783
2026-09-01 12:20:00+09:00,159.783,159.802,159.782,159.798
2026-09-01 12:25:00+09:00,159.798,159.804,159.787,159.79
2026-09-01 12:30:00+09:00,159.79,159.81,159.789,159.801
2026-09-01 12:35:00+09:00,159.8,159.816,159.796,159.8
2026-09-01 12:40:00+09:00,159.8,159.802,159.785,159.786
2026-09-01 12:45:00+09:00,159.786,159.795,159.784,159.789
2026-09-01 12:50:00+09:00,159.789,159.814,159.788,159.805
2026-09-01 12:55:00+09:00,159.805,159.811,159.799,159.809
2026-09-01 13:00:00+09:00,159.809,159.813,159.803,159.812
2026-09-01 13:05:00+09:00,159.82,159.837,159.814,159.835
2026-09-01 13:10:00+09:00,159.835,159.846,159.822,159.83
2026-09-01 13:15:00+09:00,159.83,159.84,159.809,159.832
2026-09-01 13:20:00+09:00,159.832,159.836,159.83,159.832
2026-09-01 13:25:00+09:00,159.832,159.864,159.831,159.848
2026-09-01 13:30:00+09:00,159.848,159.853,159.834,159.843
2026-09-01 13:35:00+09:00,159.843,159.867,159.836,159.858
2026-09-01 13:40:00+09:00,159.858,159.871,159.852,159.857
2026-09-01 13:45:00+09:00,159.857,159.871,159.855,159.868
2026-09-01 13:50:00+09:00,159.868,159.87,159.85,159.856
2026-09-01 13:55:00+09:00,159.856,159.886,159.856,159.874
2026-09-01 14:00:00+09:00,159.874,159.878,159.847,159.849
2026-09-01 14:05:00+09:00,159.849,159.866,159.846,159.865
2026-09-01 14:10:00+09:00,159.865,159.878,159.864,159.877
2026-09-01 14:15:00+09:00,159.877,159.896,159.876,159.891
2026-09-01 14:20:00+09:00,159.89,159.906,159.879,159.882
2026-09-01 14:25:00+09:00,159.882,159.893,159.875,159.875
2026-09-01 14:30:00+09:00,159.875,159.9,159.875,159.891
2026-09-01 14:35:00+09:00,159.891,159.894,159.846,159.87
2026-09-01 14:40:00+09:00,159.87,159.874,159.836,159.843
2026-09-01 14:45:00+09:00,159.843,159.85,159.832,159.838
2026-09-01 14:50:00+09:00,159.838,159.873,159.837,159.857
2026-09-01 14:55:00+09:00,159.857,159.889,159.852,159.883
2026-09-01 15:00:00+09:00,159.883,159.897,159.87,159.895
2026-09-01 15:05:00+09:00,159.895,159.909,159.884,159.899
2026-09-01 15:10:00+09:00,159.899,159.928,159.889,159.927
2026-09-01 15:15:00+09:00,159.927,159.934,159.912,159.922
2026-09-01 15:20:00+09:00,159.922,159.937,159.921,159.936
2026-09-01 15:25:00+09:00,159.936,159.959,159.934,159.953
2026-09-01 15:30:00+09:00,159.953,159.979,159.952,159.978
2026-09-01 15:35:00+09:00,159.978,159.985,159.97,159.977
2026-09-01 15:40:00+09:00,159.977,159.978,159.946,159.977
2026-09-01 15:45:00+09:00,159.977,159.981,159.961,159.975
2026-09-01 15:50:00+09:00,159.975,159.985,159.964,159.969
2026-09-01 15:55:00+09:00,159.969,159.974,159.937,159.949
2026-09-01 16:00:00+09:00,159.949,159.966,159.922,159.95
2026-09-01 16:05:00+09:00,159.95,159.979,159.943,159.959
2026-09-01 16:10:00+09:00,159.958,159.968,159.949,159.951
2026-09-01 16:15:00+09:00,159.951,159.974,159.95,159.974
2026-09-01 16:20:00+09:00,159.974,159.994,159.969,159.987
2026-09-01 16:25:00+09:00,159.987,159.99,159.975,159.988
2026-09-01 16:30:00+09:00,159.988,160.024,159.986,160.023
2026-09-01 16:35:00+09:00,160.023,160.03,160.01,160.011
2026-09-01 16:40:00+09:00,160.011,160.03,159.987,160.022
2026-09-01 16:45:00+09:00,160.022,160.024,159.999,159.999
2026-09-01 16:50:00+09:00,159.999,160.009,159.979,159.993
2026-09-01 16:55:00+09:00,159.993,159.997,159.977,159.989
2026-09-01 17:00:00+09:00,159.989,160.028,159.989,160.02
2026-09-01 17:05:00+09:00,160.02,160.027,159.941,160.017
2026-09-01 17:10:00+09:00,160.017,160.029,159.977,159.987
2026-09-01 17:15:00+09:00,159.987,160.005,159.977,159.977
2026-09-01 17:20:00+09:00,159.978,160.004,159.966,160.003
2026-09-01 17:25:00+09:00,160.003,160.016,159.978,159.993
2026-09-01 17:30:00+09:00,159.993,159.994,159.964,159.98
2026-09-01 17:35:00+09:00,159.98,159.987,159.97,159.972
2026-09-01 17:40:00+09:00,159.973,159.977,159.955,159.965
2026-09-01 17:45:00+09:00,159.965,159.965,159.926,159.929
2026-09-01 17:50:00+09:00,159.929,159.951,159.929,159.942
2026-09-01 17:55:00+09:00,159.942,159.955,159.931,159.931
2026-09-01 18:00:00+09:00,159.931,159.95,159.919,159.919
2026-09-01 18:05:00+09:00,159.919,159.926,159.902,159.926
2026-09-01 18:10:00+09:00,159.926,159.926,159.9,159.901
2026-09-01 18:15:00+09:00,159.901,159.91,159.894,159.905
2026-09-01 18:20:00+09:00,159.916,159.953,159.915,159.951
2026-09-01 18:25:00+09:00,159.95,159.978,159.939,159.978
2026-09-01 18:30:00+09:00,159.978,159.983,159.964,159.966
2026-09-01 18:35:00+09:00,159.966,159.98,159.959,159.969
2026-09-01 18:40:00+09:00,159.969,159.978,159.965,159.977
2026-09-01 18:45:00+09:00,159.977,159.995,159.977,159.993
2026-09-01 18:50:00+09:00,159.993,160.026,159.992,160.02
2026-09-01 18:55:00+09:00,160.02,160.064,160.014,160.057
2026-09-01 19:00:00+09:00,160.056,160.068,160.045,160.049
2026-09-01 19:05:00+09:00,160.049,160.06,160.027,160.027
2026-09-01 19:10:00+09:00,160.027,160.042,160.011,160.042
2026-09-01 19:15:00+09:00,160.042,160.042,160.026,160.027
2026-09-01 19:20:00+09:00,160.027,160.028,159.985,160.0
2026-09-01 19:25:00+09:00,160.0,160.016,159.996,160.012
2026-09-01 19:30:00+09:00,160.012,160.041,160.011,160.035
2026-09-01 19:35:00+09:00,160.035,160.057,160.027,160.054
2026-09-01 19:40:00+09:00,160.054,160.076,160.053,160.075
2026-09-01 19:45:00+09:00,160.075,160.104,160.075,160.098
2026-09-01 19:50:00+09:00,160.098,160.115,160.091,160.111
2026-09-01 19:55:00+09:00,160.111,160.115,160.09,160.091
2026-09-01 20:00:00+09:00,160.091,160.138,160.091,160.137
2026-09-01 20:05:00+09:00,160.137,160.141,160.125,160.129
2026-09-01 20:10:00+09:00,160.13,160.134,160.111,160.13
2026-09-01 20:15:00+09:00,160.13,160.151,160.125,160.141
2026-09-01 20:20:00+09:00,160.14,160.148,160.008,160.113
2026-09-01 20:25:00+09:00,160.114,160.124,160.055,160.066
2026-09-01 20:30:00+09:00,160.066,160.087,160.048,160.08
2026-09-01 20:35:00+09:00,160.08,160.091,160.065,160.065
2026-09-01 20:40:00+09:00,160.065,160.082,160.053,160.054
2026-09-01 20:45:00+09:00,160.054,160.077,160.042,160.077
2026-09-01 20:50:00+09:00,160.077,160.094,160.064,160.09
2026-09-01 20:55:00+09:00,160.09,160.131,160.09,160.117
2026-09-01 21:00:00+09:00,160.117,160.141,160.116,160.128
2026-09-01 21:05:00+09:00,160.128,160.18,160.127,160.172
2026-09-01 21:10:00+09:00,160.172,160.173,160.143,160.15
2026-09-01 21:15:00+09:00,160.15,160.151,160.121,160.13
2026-09-01 21:20:00+09:00,160.129,160.168,160.129,160.157
2026-09-01 21:25:00+09:00,160.157,160.17,160.133,160.17
2026-09-01 21:30:00+09:00,160.17,160.202,160.153,160.191
2026-09-01 21:35:00+09:00,160.191,160.212,160.14,160.169
2026-09-01 21:40:00+09:00,160.171,160.193,160.166,160.177
2026-09-01 21:45:00+09:00,160.177,160.177,160.038,160.128
2026-09-01 21:50:00+09:00,160.128,160.14,160.105,160.115
2026-09-01 21:55:00+09:00,160.115,160.133,160.093,160.11
2026-09-01 22:00:00+09:00,160.11,160.164,160.106,160.163
2026-09-01 22:05:00+09:00,160.163,160.167,160.125,160.137
2026-09-01 22:10:00+09:00,160.137,160.149,160.113,160.119
2026-09-01 22:15:00+09:00,160.12,160.12,160.093,160.094
2026-09-01 22:20:00+09:00,160.094,160.125,160.079,160.117
2026-09-01 22:25:00+09:00,160.117,160.119,160.09,160.09
2026-09-01 22:30:00+09:00,160.091,160.091,160.05,160.055
2026-09-01 22:35:00+09:00,160.055,160.078,160.033,160.056
2026-09-01 22:40:00+09:00,160.056,160.064,160.028,160.038
2026-09-01 22:45:00+09:00,160.038,160.083,160.038,160.079
2026-09-01 22:50:00+09:00,160.079,160.096,160.077,160.094
2026-09-01 22:55:00+09:00,160.094,160.096,160.028,160.036
2026-09-01 23:00:00+09:00,160.034,160.083,159.97,160.068
2026-09-01 23:05:00+09:00,160.068,160.069,159.998,160.011
2026-09-01 23:10:00+09:00,160.011,160.019,159.986,159.987
2026-09-01 23:15:00+09:00,159.987,160.009,159.95,159.963
2026-09-01 23:20:00+09:00,159.963,159.967,159.905,159.911
2026-09-01 23:25:00+09:00,159.911,159.961,159.897,159.956
2026-09-01 23:30:00+09:00,159.956,159.957,159.9,159.918
2026-09-01 23:35:00+09:00,159.918,159.931,159.905,159.93
2026-09-01 23:40:00+09:00,159.976,160.025,159.969,160.012
2026-09-01 23:45:00+09:00,160.012,160.052,159.989,160.047
2026-09-01 23:50:00+09:00,160.047,160.067,160.024,160.045
2026-09-01 23:55:00+09:00,160.045,160.095,160.045,160.078
2026-09-02 00:00:00+09:00,160.078,160.096,160.056,160.08
2026-09-02 00:05:00+09:00,160.08,160.085,160.041,160.052
2026-09-02 00:10:00+09:00,160.052,160.076,160.043,160.065
2026-09-02 00:15:00+09:00,160.065,160.077,160.049,160.063
2026-09-02 00:20:00+09:00,160.063,160.089,160.059,160.088
2026-09-02 00:25:00+09:00,160.088,160.113,160.079,160.081
2026-09-02 00:30:00+09:00,160.081,160.097,160.076,160.08
2026-09-02 00:35:00+09:00,160.08,160.087,160.072,160.086
2026-09-02 00:40:00+09:00,160.086,160.086,160.048,160.049
2026-09-02 00:45:00+09:00,160.049,160.062,160.022,160.049
2026-09-02 00:50:00+09:00,160.049,160.051,160.022,160.044
2026-09-02 00:55:00+09:00,160.044,160.069,160.028,160.037
2026-09-02 01:00:00+09:00,160.037,160.044,160.022,160.036
2026-09-02 01:05:00+09:00,160.036,160.045,160.009,160.043
2026-09-02 01:10:00+09:00,160.042,160.08,160.042,160.077
2026-09-02 01:15:00+09:00,160.077,160.124,160.064,160.121
2026-09-02 01:20:00+09:00,160.12,160.149,160.12,160.147
2026-09-02 01:25:00+09:00,160.147,160.168,160.14,160.167
2026-09-02 01:30:00+09:00,160.167,160.181,160.154,160.157
2026-09-02 01:35:00+09:00,160.157,160.167,160.113,160.115
2026-09-02 01:40:00+09:00,160.115,160.138,160.105,160.135
2026-09-02 01:45:00+09:00,160.135,160.147,160.125,160.144
2026-09-02 01:50:00+09:00,160.144,160.159,160.127,160.154
2026-09-02 01:55:00+09:00,160.154,160.178,160.152,160.169
2026-09-02 02:00:00+09:00,160.169,160.18,160.164,160.172
2026-09-02 02:05:00+09:00,160.172,160.177,160.151,160.154
2026-09-02 02:10:00+09:00,160.154,160.175,160.15,160.17
2026-09-02 02:15:00+09:00,160.17,160.2,160.17,160.195
2026-09-02 02:20:00+09:00,160.195,160.196,160.17,160.174
2026-09-02 02:25:00+09:00,160.174,160.208,160.17,160.171
2026-09-02 02:30:00+09:00,160.171,160.201,160.151,160.199
2026-09-02 02:35:00+09:00,160.199,160.207,160.184,160.206
2026-09-02 02:40:00+09:00,160.206,160.22,160.202,160.213
2026-09-02 02:45:00+09:00,160.213,160.246,160.21,160.241
2026-09-02 02:50:00+09:00,160.241,160.244,160.232,160.242
2026-09-02 02:55:00+09:00,160.242,160.253,160.241,160.248
2026-09-02 03:00:00+09:00,160.248,160.252,160.203,160.231
2026-09-02 03:05:00+09:00,160.231,160.241,160.222,160.241
2026-09-02 03:10:00+09:00,160.241,160.25,160.241,160.245
2026-09-02 03:15:00+09:00,160.246,160.251,160.246,160.249
2026-09-02 03:20:00+09:00,160.249,160.251,160.231,160.237
2026-09-02 03:25:00+09:00,160.237,160.249,160.237,160.241
2026-09-02 03:30:00+09:00,160.241,160.263,160.24,160.253
2026-09-02 03:35:00+09:00,160.253,160.261,160.252,160.253
2026-09-02 03:40:00+09:00,160.253,160.277,160.252,160.258
2026-09-02 03:45:00+09:00,160.258,160.261,160.244,160.248
2026-09-02 03:50:00+09:00,160.248,160.248,160.215,160.219
2026-09-02 03:55:00+09:00,160.218,160.234,160.195,160.205
2026-09-02 04:00:00+09:00,160.205,160.223,160.192,160.193
2026-09-02 04:05:00+09:00,160.193,160.209,160.18,160.201
2026-09-02 04:10:00+09:00,160.201,160.202,160.189,160.196
2026-09-02 04:15:00+09:00,160.196,160.202,160.189,160.202
2026-09-02 04:20:00+09:00,160.202,160.212,160.202,160.207
2026-09-02 04:25:00+09:00,160.207,160.234,160.207,160.233
2026-09-02 04:30:00+09:00,160.232,160.232,160.192,160.223
2026-09-02 04:35:00+09:00,160.223,160.237,160.222,160.237
2026-09-02 04:40:00+09:00,160.237,160.246,160.231,160.245
2026-09-02 04:45:00+09:00,160.245,160.253,160.245,160.25
2026-09-02 04:50:00+09:00,160.25,160.251,160.237,160.245
2026-09-02 04:55:00+09:00,160.245,160.245,160.225,160.23
2026-09-02 05:00:00+09:00,160.23,160.246,160.229,160.235
2026-09-02 05:05:00+09:00,160.235,160.235,160.215,160.218
2026-09-02 05:10:00+09:00,160.218,160.244,160.218,160.243
2026-09-02 05:15:00+09:00,160.243,160.244,160.216,160.217
2026-09-02 05:20:00+09:00,160.217,160.218,160.207,160.21
2026-09-02 05:25:00+09:00,160.21,160.215,160.2,160.201
2026-09-02 05:30:00+09:00,160.201,160.219,160.2,160.219
2026-09-02 05:35:00+09:00,160.219,160.222,160.204,160.214
2026-09-02 05:40:00+09:00,160.214,160.219,160.19,160.203
2026-09-02 05:45:00+09:00,160.203,160.253,160.202,160.245
2026-09-02 05:50:00+09:00,160.249,160.25,160.242,160.25
2026-09-02 05:55:00+09:00,160.25,160.252,160.225,160.227
2026-09-02 06:00:00+09:00,160.227,160.241,160.218,160.233
2026-09-02 06:05:00+09:00,160.233,160.246,160.232,160.245
2026-09-02 06:10:00+09:00,160.245,160.246,160.24,160.244
2026-09-02 06:15:00+09:00,160.245,160.247,160.228,160.23
2026-09-02 06:20:00+09:00,160.23,160.255,160.23,160.244
2026-09-02 06:25:00+09:00,160.243,160.253,160.239,160.24
2026-09-02 06:30:00+09:00,160.24,160.25,160.233,160.243
2026-09-02 06:35:00+09:00,160.243,160.248,160.234,160.234
2026-09-02 06:40:00+09:00,160.234,160.239,160.234,160.237
2026-09-02 06:45:00+09:00,160.237,160.237,160.213,160.219
2026-09-02 06:50:00+09:00,160.219,160.227,160.2,160.212
2026-09-02 06:55:00+09:00,160.212,160.246,160.206,160.243
2026-09-02 07:00:00+09:00,160.243,160.243,160.216,160.221
2026-09-02 07:05:00+09:00,160.221,160.231,160.219,160.229
2026-09-02 07:10:00+09:00,160.229,160.231,160.183,160.184
2026-09-02 07:15:00+09:00,160.184,160.186,160.182,160.184
2026-09-02 07:20:00+09:00,160.184,160.184,160.18,160.182
2026-09-02 07:25:00+09:00,160.182,160.198,160.182,160.196
2026-09-02 07:30:00+09:00,160.196,160.197,160.18,160.194
2026-09-02 07:35:00+09:00,160.194,160.199,160.193,160.198
2026-09-02 07:40:00+09:00,160.198,160.212,160.195,160.212
2026-09-02 07:45:00+09:00,160.212,160.223,160.211,160.222
2026-09-02 07:50:00+09:00,160.222,160.224,160.206,160.218
2026-09-02 07:55:00+09:00,160.218,160.223,160.217,160.223
2026-09-02 08:00:00+09:00,160.223,160.228,160.216,160.227
2026-09-02 08:05:00+09:00,160.227,160.24,160.224,160.234
2026-09-02 08:10:00+09:00,160.234,160.236,160.223,160.224
2026-09-02 08:15:00+09:00,160.224,160.227,160.222,160.222
2026-09-02 08:20:00+09:00,160.222,160.223,160.204,160.212
2026-09-02 08:25:00+09:00,160.212,160.218,160.208,160.21
2026-09-02 08:30:00+09:00,160.21,160.214,160.187,160.188
2026-09-02 08:35:00+09:00,160.188,160.192,160.162,160.169
2026-09-02 08:40:00+09:00,160.169,160.185,160.169,160.183
2026-09-02 08:45:00+09:00,160.183,160.203,160.182,160.189
2026-09-02 08:50:00+09:00,160.189,160.199,160.186,160.187
